2691	2	0	1
0	1244.249960	506.021023
1	1535.162652	852.859653
2	1510.237069	777.154399
3	1293.319660	336.388599
4	1401.821745	240.723169
5	2413.858592	1343.900217
6	2378.549944	1078.108289
7	2373.510147	1069.446500
8	2351.980011	1086.337608
9	1935.175798	1174.822056
10	1955.610726	872.168157
11	1586.271882	732.981980
12	1253.471392	201.293192
13	1593.353512	736.780229
14	1921.466318	826.792533
15	1910.864344	827.949854
16	1937.685031	865.422279
17	1916.637120	825.037203
18	1010.712535	384.382020
19	1946.039446	859.675970
20	1914.060324	824.831334
21	1912.076740	826.365517
22	1933.488636	859.221893
23	1921.435683	843.454649
24	1079.852337	270.128765
25	1942.537398	866.256413
26	1946.401336	863.866915
27	1908.023468	860.834048
28	1913.726940	862.709432
29	1922.201861	856.594475
30	1922.534059	847.069741
31	1922.932981	849.984222
32	1912.674197	859.731209
33	1280.546349	642.084958
34	1109.923679	497.100185
35	1365.997351	230.903764
36	1356.310317	407.283549
37	1143.356295	341.172829
38	1220.362975	527.268901
39	2031.264493	775.100061
40	1994.250658	802.271324
41	1490.005675	981.696171
42	1402.828546	926.331500
43	1206.225925	413.106937
44	1401.767809	922.233069
45	1402.804708	928.223364
46	1515.086674	298.561987
47	1873.977304	316.932259
48	1194.475091	338.856717
49	1171.446329	178.676262
50	1171.728243	568.513105
51	1247.542167	461.018509
52	2567.887258	1467.275373
53	2107.917834	1472.839067
54	2106.654656	1473.792185
55	2108.723960	1482.328466
56	2115.218916	1479.444851
57	2114.777928	1474.551206
58	2111.919964	1472.432253
59	2111.694486	1482.448316
60	2105.201409	1477.877520
61	2306.435493	1252.137765
62	2318.596579	1284.619672
63	2336.407478	1282.738223
64	1770.976738	681.538507
65	1764.966567	685.110757
66	2249.696987	1446.213463
67	1047.559412	383.961651
68	2057.027604	1580.856508
69	833.284380	551.628133
70	1325.780120	220.002223
71	1387.549253	293.802124
72	1054.019539	243.069304
73	1602.548831	190.784506
74	1347.861102	575.944110
75	1391.384263	533.240155
76	1336.872452	182.088473
77	2076.074421	1901.954857
78	2069.949938	1906.905044
79	2077.457346	1902.108456
80	2075.356175	1901.875854
81	2072.855231	1902.206403
82	2071.480484	1909.723328
83	1196.692615	547.635887
84	2070.578722	1903.785666
85	2073.694337	1910.225305
86	2075.949523	1909.905533
87	1032.689213	409.194081
88	871.689751	594.137407
89	891.981237	601.646612
90	1307.228266	755.923780
91	1152.998133	698.579452
92	1346.493325	771.415365
93	1356.654046	754.071112
94	1306.500691	761.430340
95	1128.996222	689.351961
96	1755.845704	680.229875
97	1872.672667	1201.344119
98	1495.675516	1726.596552
99	1487.289559	1731.822763
100	1708.986698	1208.229378
101	1654.308789	1201.407258
102	1538.233274	1166.331213
103	1517.901382	1156.342764
104	1400.746869	1107.596650
105	1255.082606	1010.822440
106	1217.881957	951.952331
107	1214.824068	885.093239
108	1269.097146	789.838652
109	1962.675766	1162.811304
110	2049.104181	1222.216348
111	1358.522417	237.280666
112	1539.039096	330.321293
113	1544.182320	326.967086
114	1519.233841	293.892282
115	582.025684	1928.826638
116	1212.813958	916.207754
117	1308.347597	757.752442
118	1426.768194	451.657079
119	1417.669263	446.820297
120	1852.773683	731.928986
121	1431.719118	355.691647
122	1389.525268	488.425277
123	1379.198144	483.176534
124	1369.736790	494.709683
125	1382.939611	509.414910
126	669.537491	2038.045280
127	1070.796768	346.298415
128	1081.760438	353.790792
129	2455.770616	547.751553
130	2449.499079	549.853557
131	2501.377472	476.301189
132	952.768921	1104.058912
133	2147.759572	1820.860653
134	791.680973	2078.438249
135	790.645453	2071.033526
136	2397.975980	1464.000285
137	2387.651138	1467.092632
138	1394.621961	1603.379524
139	1323.226404	1641.565770
140	1327.616395	1643.546456
141	2294.184167	1497.026809
142	2266.037712	839.269271
143	676.259756	449.709956
144	678.445748	962.357030
145	669.648451	892.369663
146	656.098683	778.721279
147	1460.948594	215.114571
148	649.014155	758.056422
149	592.679361	613.729651
150	584.307518	602.149924
151	2267.156274	1784.260857
152	2242.036443	1788.671920
153	2241.408662	1778.513181
154	2265.104947	1774.049195
155	2382.656347	1774.645327
156	576.131612	595.480300
157	561.966669	590.364275
158	351.955458	527.589326
159	335.894976	519.136228
160	317.112680	500.469052
161	303.207742	484.282185
162	291.070640	467.480617
163	159.514201	266.763944
164	2159.263761	1762.617148
165	2135.581627	1768.251363
166	1847.603312	1389.059069
167	1847.186628	1391.591573
168	1847.620212	1394.122612
169	1853.085333	1399.131164
170	1860.514676	1397.181484
171	1862.110141	1395.006589
172	1862.770069	1390.083939
173	1861.990541	1387.881959
174	586.902347	290.081388
175	1855.763883	1383.777047
176	2500.518299	1403.840958
177	1699.239871	538.230880
178	1431.148135	1000.150570
179	1431.175952	1002.207727
180	1436.142892	1000.637553
181	1439.332333	998.223385
182	1434.064750	1111.855807
183	1423.291952	1095.462675
184	1407.736747	1097.818860
185	1428.844764	1009.257107
186	855.919064	588.450761
187	656.705823	423.437793
188	644.713375	393.359864
189	641.737859	387.022710
190	608.157758	316.117469
191	603.059492	304.306836
192	598.999007	293.755278
193	594.977732	290.541032
194	591.085995	288.882612
195	797.997700	1171.674307
196	782.710500	1349.591817
197	2079.109374	1907.619714
198	2157.266454	1148.362322
199	2278.980265	1061.859006
200	2307.385622	1101.766354
201	2237.167498	1053.163180
202	2256.007819	1077.815910
203	2140.430723	1123.678213
204	2219.524092	1028.717978
205	2122.620431	1099.441903
206	831.913276	571.813666
207	1489.166298	892.382358
208	824.934668	565.351263
209	1995.344883	935.461893
210	818.040640	570.606963
211	812.644299	579.874118
212	861.015596	590.183337
213	866.368831	592.165572
214	867.247672	592.496231
215	894.396440	602.543481
216	1359.418811	804.224642
217	1541.880223	863.920404
218	1536.034073	863.135349
219	1535.184111	864.157373
220	1536.997409	869.692947
221	1538.127204	870.007208
222	1539.292322	869.971289
223	746.082199	1954.310917
224	740.693723	1941.413953
225	743.805154	1960.605137
226	1774.767841	636.015812
227	1834.453817	706.672037
228	1928.224355	638.358779
229	2048.931219	1606.741973
230	1826.245983	762.544002
231	912.869945	2003.794569
232	1379.655051	498.591599
233	787.507942	2059.114499
234	1414.442598	277.560289
235	875.916094	1985.466156
236	871.607321	428.535389
237	1417.066081	461.181920
238	1018.560635	2059.584273
239	1494.792233	383.561347
240	1436.880119	307.482568
241	1420.923942	378.934026
242	1421.365594	359.750406
243	1425.109927	334.167879
244	1423.268576	343.636139
245	1430.408861	321.303613
246	988.280916	2087.254746
247	970.917034	2025.487929
248	953.524353	1992.380849
249	937.745133	1976.206227
250	916.096340	1961.133379
251	892.098248	1952.483841
252	857.428781	1949.703561
253	826.063000	1955.117104
254	687.645148	2028.583220
255	617.219240	2065.395902
256	562.974871	2077.717941
257	2165.224093	1148.614696
258	2178.328659	1137.149071
259	2176.613754	1142.515607
260	2177.943346	1143.175100
261	2193.523379	1136.964783
262	2182.918751	1139.741513
263	792.943807	2136.927796
264	2158.983961	1154.188356
265	2158.876778	1150.907166
266	2158.232590	1149.534260
267	2156.060438	1147.478349
268	2152.024396	1146.798741
269	2150.743449	1147.169847
270	2147.495408	1155.131419
271	2148.617540	1156.849135
272	2155.583581	1158.254045
273	2157.124063	1157.261771
274	1984.570673	1746.605960
275	1956.666678	1818.427304
276	395.810948	1475.657606
277	2285.869732	1433.170503
278	345.117537	1459.682566
279	1991.396152	1827.333140
280	1997.196649	1835.296348
281	1940.298594	1940.758610
282	1982.161961	1827.130388
283	1971.535774	1778.625676
284	301.707431	1426.972639
285	2042.998749	1914.200962
286	2292.365168	1437.353098
287	1986.139465	1824.316865
288	2292.415675	1430.419045
289	2355.096633	964.140352
290	2320.631260	914.122925
291	489.881665	1489.904858
292	2290.517141	1431.169328
293	2293.261410	1430.456536
294	2289.223660	1433.465288
295	674.671241	1784.072587
296	2290.976187	1436.916719
297	2289.250683	1434.485248
298	2289.576100	1435.454496
299	2286.771070	1422.236064
300	2280.561653	1403.077699
301	2290.166072	1436.290555
302	528.157052	1463.947735
303	455.850867	1515.277578
304	334.083634	1453.645809
305	2377.789565	1410.934349
306	2383.643787	1405.324629
307	2389.989982	1414.064017
308	2383.313551	1418.981264
309	2382.216387	1416.170374
310	2383.403231	1416.405842
311	737.795889	195.537105
312	2384.609029	1416.274847
313	729.762097	184.759810
314	2387.046566	1414.464869
315	2385.716655	1415.802063
316	2387.528932	1413.256607
317	2383.649641	1408.369463
318	2380.398957	1409.913850
319	2272.146095	1667.830327
320	2382.423286	1408.539719
321	2387.603054	1411.962728
322	2387.255604	1410.711083
323	2386.526827	1409.633928
324	2385.488683	1408.846210
325	2379.688452	1413.473074
326	2380.110193	1414.445823
327	2380.769529	1415.274865
328	2380.072214	1410.392232
329	2381.627863	1415.905557
330	2386.635947	1415.022682
331	2411.520495	1336.040755
332	495.542323	327.744372
333	491.846090	336.725758
334	498.712038	321.902543
335	502.725639	318.255762
336	1914.201684	877.735699
337	1912.699020	878.998972
338	75.803668	140.723409
339	0.000000	21.069763
340	400.565966	1628.410062
341	2321.022449	914.663709
342	2413.304320	1050.082247
343	2414.189179	1058.510571
344	2410.530349	1067.284948
345	460.395420	1552.414763
346	2004.908957	1732.351330
347	2379.404984	1882.081184
348	2005.709624	1724.996366
349	2007.552196	1721.368610
350	2026.495737	1717.709664
351	1993.760925	1702.033358
352	2020.582282	1920.995529
353	2000.677427	1925.950726
354	1983.273458	1706.266664
355	2038.326753	1962.010753
356	2131.401178	1893.733543
357	2152.513451	1939.996199
358	2375.599899	1887.725076
359	1986.037485	1696.185431
360	2050.756294	1714.874950
361	1847.303806	1410.657750
362	1847.240900	1416.493948
363	1981.129978	1699.024285
364	2009.818875	1712.290783
365	1988.088593	1703.108085
366	757.171350	1990.192970
367	774.515896	2023.766838
368	607.112978	1701.421495
369	618.215890	1743.665248
370	634.189404	1764.627722
371	1855.943383	1408.282953
372	676.259877	1459.573271
373	1845.393479	1803.569849
374	2104.210594	1074.175625
375	2085.590602	1047.832276
376	2180.730232	978.132829
377	2199.716210	1003.337068
378	663.979527	1777.506916
379	675.666111	1498.794918
380	673.492456	1558.145735
381	669.625367	1611.830909
382	665.404218	1655.966876
383	668.501382	1780.394171
384	688.069677	1783.430739
385	1689.384977	2048.481946
386	2390.845770	1925.476914
387	1814.093993	492.019923
388	1784.831223	704.538732
389	1832.378740	804.949139
390	1837.998234	807.902291
391	1848.856056	813.489470
392	1854.621369	816.761218
393	1859.535640	823.268008
394	1862.452908	828.918766
395	811.194302	583.099929
396	1864.176084	839.276120
397	1867.301986	856.492299
398	1705.779848	258.467401
399	1653.575570	410.048109
400	1798.300966	723.786659
401	1737.762857	585.210284
402	2031.879141	523.230106
403	1921.733507	373.588600
404	2249.489349	1867.560650
405	2261.474001	1913.873312
406	1756.161890	610.398933
407	1834.346181	906.451468
408	1871.587813	890.772359
409	370.660405	534.904233
410	338.956525	521.239411
411	328.057538	511.050643
412	1077.342449	2212.704671
413	1079.933731	2218.351121
414	2234.144199	1313.796741
415	1774.128873	947.978154
416	1933.153489	1467.528053
417	1930.593083	1467.582553
418	540.606304	2014.860337
419	1731.827940	421.677558
420	1853.877013	333.721637
421	1518.954026	1508.710830
422	2372.254421	1854.107481
423	1578.237334	1849.426277
424	1935.022675	1521.926503
425	1951.758001	1517.765423
426	2041.361323	1392.456331
427	2042.873077	1393.383701
428	1834.920810	806.287203
429	1618.364568	322.220674
430	1940.055327	398.429751
431	1305.120030	764.149842
432	1301.867743	767.131122
433	1350.648786	768.653343
434	1364.528400	808.336579
435	1358.844694	806.394473
436	1355.264732	807.552377
437	1353.813431	808.714811
438	1353.301926	818.836993
439	1354.987916	820.403980
440	1357.062894	821.402477
441	1361.401929	821.481895
442	1367.099703	813.800521
443	1363.315416	820.675676
444	1367.082869	824.799592
445	1362.547109	824.774284
446	2382.324042	1465.292300
447	1369.156344	812.935786
448	1367.077466	814.011762
449	1364.846489	808.706958
450	1704.141848	2077.974036
451	2006.493355	1696.243653
452	1865.141941	894.975048
453	2552.261735	1431.516967
454	2146.328713	1276.589116
455	2447.742342	1376.664042
456	2153.007743	1434.269968
457	2004.941225	1736.882074
458	1907.790949	807.415798
459	2552.557742	1297.316804
460	1971.739536	1666.616719
461	2015.105342	728.942487
462	2577.028737	1462.095172
463	1943.130766	1090.241718
464	1929.096706	1158.051440
465	2175.121055	1138.459641
466	2509.429143	1525.821328
467	2384.280699	1730.295271
468	1850.373914	1413.443253
469	2622.764469	1273.453067
470	2505.696022	1443.692515
471	2541.491415	1438.817190
472	1889.471992	1196.144524
473	2099.305133	1255.198145
474	2424.512015	1332.603424
475	2441.661985	1454.725112
476	2359.049645	1628.822481
477	2472.042316	580.906316
478	2487.769093	1371.083092
479	2462.296965	574.551724
480	2471.703279	1431.213955
481	2478.494594	1282.599303
482	2451.301024	1356.632665
483	2490.940284	1318.186725
484	2613.619400	1538.540290
485	2386.458705	1744.209213
486	2180.643180	1282.515285
487	2416.611952	1421.418766
488	2040.624050	1664.435115
489	2565.142728	1640.529447
490	1937.054871	1140.732550
491	2550.348293	1475.651058
492	2110.205745	1482.602002
493	2218.449077	1632.787312
494	2213.923716	1637.254097
495	2199.480728	1503.249646
496	2417.502287	1345.248250
497	2226.925321	1533.448648
498	2215.653701	1536.777628
499	2410.465298	1385.564488
500	1911.441624	1182.348889
501	2420.443991	1664.501227
502	1940.806780	1115.488580
503	1525.925219	1514.119750
504	2144.556001	1137.611818
505	2008.277237	1717.997590
506	2151.294153	1140.119760
507	543.875550	1141.280433
508	2610.451064	1235.760728
509	1166.907637	1378.719977
510	2147.971901	1134.527509
511	542.944917	1167.008927
512	1407.898944	1575.491255
513	541.202175	1223.998910
514	1421.740991	1584.109142
515	1419.413616	1587.065167
516	1418.577365	1588.475183
517	1423.715012	1582.136841
518	533.000501	1380.955285
519	2163.827742	1344.049547
520	2222.847536	1283.753548
521	2291.645483	1437.207547
522	2125.853607	1269.120833
523	2294.451921	1436.903866
524	2453.190543	1409.349530
525	2296.085926	1434.778155
526	2296.033647	1432.821393
527	2445.947979	1301.731976
528	2295.597629	1431.932144
529	2519.486847	1481.436614
530	2388.063604	1547.173476
531	2493.735349	1479.049358
532	2373.619832	1838.592974
533	2294.929716	1431.203123
534	785.558901	559.536784
535	784.074448	562.902000
536	2413.829942	1362.947047
537	2091.043586	1415.914655
538	2296.198823	1433.799592
539	2446.377802	855.168897
540	1787.812442	200.098711
541	2388.397718	760.059232
542	1916.821831	317.396852
543	2390.817213	745.548511
544	2394.255197	732.408313
545	1565.600245	360.771568
546	2398.716462	719.856499
547	1963.570843	282.897228
548	2404.240244	707.725850
549	2237.655137	1284.991824
550	1754.686002	0.000000
551	1927.196452	234.567945
552	2410.780319	696.106089
553	1881.814867	269.748568
554	1718.043007	47.502570
555	2437.990955	843.771647
556	2432.164771	833.335035
557	2427.370730	822.393984
558	2423.648372	811.047490
559	2255.908101	1329.074844
560	712.965831	1890.701521
561	1055.917801	1949.989694
562	2421.037355	799.400090
563	926.604915	1792.897298
564	2419.561300	787.556664
565	2419.227793	775.622432
566	1037.516203	2128.028386
567	946.266641	1983.334329
568	2420.050001	763.713591
569	1977.138026	448.901433
570	881.784823	1950.086513
571	922.446292	1792.986242
572	975.401829	1958.894188
573	2421.980470	752.114011
574	737.743716	1848.826701
575	853.380250	1843.218120
576	977.332997	1894.662456
577	2424.710887	741.667738
578	2428.274185	731.658594
579	872.375288	1948.945567
580	732.173927	1849.944321
581	922.165990	1907.889527
582	959.620730	2001.385652
583	2432.673595	721.986676
584	904.308103	1956.038667
585	742.196318	1956.146834
586	860.440596	1824.535929
587	2437.889146	712.718967
588	1468.108036	1688.486760
589	836.028316	1951.991882
590	844.792467	1950.462059
591	933.624433	1799.303218
592	2442.972840	850.964920
593	1081.360298	1963.428642
594	872.085262	1910.896672
595	1064.360849	2169.292027
596	2464.438726	827.486460
597	2460.057947	819.637045
598	868.986143	1897.518064
599	853.580400	1859.321117
600	2456.455315	811.410604
601	871.593456	1816.171583
602	2453.659092	802.878640
603	925.939355	1967.290283
604	901.559906	1862.571063
605	2451.692308	794.118313
606	873.363165	1858.897862
607	935.197153	1839.332474
608	2450.583457	785.212214
609	2450.334308	776.243500
610	816.045973	1905.351161
611	841.749175	1899.958956
612	2450.951854	767.289673
613	2452.407788	758.528817
614	2454.455942	750.709368
615	2457.130661	743.181675
616	2460.441815	735.906705
617	2089.174966	1944.128324
618	2464.363853	728.940463
619	2468.865642	722.327982
620	2468.989324	721.099615
621	2150.248397	1158.095684
622	2151.983066	1158.691099
623	2158.158115	1158.609751
624	2154.668702	1146.914468
625	2149.575185	1147.810332
626	2153.354117	1146.709464
627	2147.233330	1151.104758
628	2159.154487	1152.398791
629	2229.725198	1257.855482
630	2209.276245	1245.827356
631	2159.537928	1169.933897
632	2157.910227	1161.288384
633	2468.576488	833.460819
634	2381.300800	1409.068283
635	1163.973361	1538.805770
636	2379.670545	1411.371379
637	2379.537789	1412.422464
638	1378.981845	738.730445
639	669.550312	1994.199046
640	930.966544	1795.799163
641	1365.809537	1591.159772
642	897.110693	1901.070748
643	888.165646	1860.150866
644	840.990046	1860.733105
645	2002.772318	737.479943
646	1983.425569	711.445984
647	1048.515465	2115.746037
648	1456.062245	1910.398590
649	1421.070342	1864.926367
650	1401.620620	1877.682488
651	1395.362248	1880.861112
652	952.537389	1878.730526
653	1390.747726	1883.638579
654	743.072930	1849.711009
655	2180.304163	1136.746567
656	2187.936946	1127.249758
657	2195.965211	1218.638993
658	964.853544	2010.769454
659	719.823251	1909.512993
660	1814.115751	915.301512
661	1396.956164	1588.714669
662	2181.716141	1142.540271
663	2492.139737	804.729912
664	934.521576	1834.499219
665	988.902826	1976.565232
666	994.450827	1906.914834
667	1396.829425	1602.322954
668	855.444672	1832.480138
669	1415.665084	1595.598021
670	919.654805	1921.992720
671	736.882077	1943.220549
672	1017.140051	1928.382964
673	1002.540958	2000.650726
674	959.212604	1882.292872
675	937.371430	1846.979067
676	1529.313068	1519.011612
677	1521.969063	1508.408035
678	1402.320503	1602.022747
679	1428.405229	1633.780095
680	1405.909076	1611.807860
681	1415.872095	1616.076845
682	1044.487980	2151.968009
683	1397.417979	1580.784403
684	727.667087	1853.751477
685	661.620666	836.104746
686	662.701078	836.858161
687	1427.727429	793.034223
688	799.296764	1869.606855
689	663.970629	837.202629
690	916.544037	1865.816986
691	932.861188	1870.881424
692	712.961811	1897.257692
693	811.552793	1866.066531
694	934.588652	1804.130300
695	789.042457	1873.975168
696	1815.032386	682.431350
697	1909.887197	611.277306
698	826.682311	1862.608946
699	1406.762833	1113.841280
700	1419.983760	391.788633
701	1718.235500	559.529839
702	1784.702001	439.571331
703	1782.343800	436.321369
704	1796.325889	426.345381
705	2043.542651	1830.970858
706	2041.740000	1830.443491
707	2040.950698	1823.760213
708	2038.806441	1824.016616
709	1884.655609	880.083667
710	1899.240254	870.305621
711	1901.673742	873.076983
712	1910.874382	862.864403
713	1904.736222	860.415892
714	1903.113237	860.799844
715	1905.318672	874.219656
716	1907.303350	873.994403
717	1912.440548	868.105739
718	1912.369476	866.021794
719	1898.662605	868.543053
720	1903.354156	873.884292
721	1420.288925	998.268891
722	1899.678015	806.162947
723	1906.289432	817.281555
724	1829.562359	804.543168
725	1957.256559	1150.158730
726	2105.474296	1479.141844
727	2106.060432	1480.299669
728	2105.735542	1475.081862
729	1952.318069	1141.500447
730	1948.726317	1132.547284
731	1924.508908	1177.184410
732	1568.545392	745.156918
733	1267.595917	1022.047825
734	1244.233535	999.644749
735	523.805065	1544.405981
736	486.050865	1545.996785
737	489.369307	1549.869349
738	1414.759548	919.532250
739	1403.941953	922.114608
740	1400.553925	921.737581
741	1402.642224	922.358634
742	1225.021244	1334.293858
743	1403.368326	925.310528
744	1405.288545	923.566811
745	1403.928989	924.516518
746	2425.810178	1528.684248
747	2422.867969	1527.881511
748	2421.246506	1528.331931
749	2419.467330	1529.917160
750	2418.791815	1531.850553
751	2418.857730	1533.191374
752	2419.328233	1534.445951
753	2421.141238	1536.215555
754	2424.011767	1536.664846
755	2425.618887	1536.042794
756	2427.258897	1534.199843
757	2422.289192	1536.634880
758	2419.127852	1530.551111
759	2424.545617	1528.062184
760	2426.871783	1534.856990
761	2427.613132	1531.491238
762	2118.411194	1102.188115
763	1929.345901	637.530698
764	1877.931238	367.309571
765	666.486379	836.549788
766	668.003237	834.454011
767	668.224015	833.023814
768	667.882279	832.049375
769	667.260784	830.997721
770	666.334451	830.196638
771	667.429529	835.636613
772	663.974843	829.648074
773	661.754760	830.621840
774	660.994315	831.575480
775	660.575042	832.727046
776	660.547554	833.942339
777	681.193444	522.375748
778	681.174136	530.978923
779	682.449040	531.822481
780	687.088009	531.662291
781	688.439750	530.596180
782	689.355283	529.140040
783	685.452839	532.229722
784	656.026686	614.049923
785	646.482922	444.605841
786	738.270198	482.784380
787	1383.423639	421.708968
788	1374.564863	427.139203
789	2142.765011	1991.263873
790	2174.931661	1140.116492
791	2175.569795	1141.456249
792	2183.104600	1138.672655
793	1263.281556	1445.344936
794	1260.259888	1452.603283
795	1254.036923	1449.186358
796	1252.901661	1446.359681
797	1381.824662	869.556121
798	2182.681569	1140.911297
799	1961.511776	1166.668648
800	1985.775057	1181.748996
801	1942.608100	1138.318173
802	1961.403762	1159.832204
803	2360.705905	1515.247421
804	2349.754133	1487.321164
805	2362.554058	1483.432972
806	2374.609624	1511.463351
807	2365.448752	1485.018745
808	2362.355537	1515.367670
809	2359.707584	1514.320202
810	2272.042300	1608.863327
811	1893.348860	1394.613322
812	2037.198595	1822.592129
813	2034.829662	1819.076201
814	2046.703944	1836.289148
815	2039.962246	1831.085890
816	2048.819019	1837.425519
817	2038.996294	1834.694985
818	1977.808134	1175.279417
819	1972.851572	1170.797974
820	2174.976129	1983.634405
821	2225.618327	1971.907991
822	2277.351709	1959.942331
823	2330.729451	1947.598115
824	2383.362365	1935.430872
825	2434.471809	1923.035613
826	2454.006925	2004.362887
827	2487.280474	1914.353869
828	2444.726446	1965.985100
829	1944.830275	865.686280
830	496.101434	343.129811
831	297.226343	462.966951
832	1872.836401	1398.960243
833	2046.157826	542.560922
834	2248.561128	825.957551
835	2097.097442	1497.384681
836	2102.068993	1500.567953
837	1906.144268	577.867591
838	522.772057	327.267298
839	517.852372	318.309367
840	1969.661692	1168.164730
841	1966.138778	1165.211332
842	1958.663360	1173.800942
843	1961.138271	1173.997875
844	1964.525174	1174.580295
845	1967.092452	1175.096956
846	1430.130260	1003.078636
847	1970.821270	1176.165735
848	1973.723349	1177.085711
849	1977.378942	1178.483288
850	1980.537444	1179.641852
851	1544.966101	972.848497
852	1856.613520	1203.128021
853	1404.144657	1111.944748
854	1852.897903	1418.458961
855	2259.086706	1262.483935
856	690.515985	525.892658
857	1873.847340	888.383688
858	1866.061628	848.969993
859	1453.918446	1132.265103
860	1467.982945	1133.989696
861	1948.382205	1138.744417
862	2583.271035	1157.501738
863	2547.458136	1168.905093
864	2512.513711	1182.170366
865	2450.667302	1202.113431
866	2526.000504	1222.217174
867	2374.645670	1228.680825
868	2329.544655	1244.397709
869	2464.504469	1243.034649
870	2324.177926	1246.275465
871	2217.277550	1245.873605
872	2300.102389	1254.341117
873	2224.195225	1253.813218
874	2573.418389	1248.387948
875	2236.405522	1259.660291
876	2240.599868	1260.242265
877	2232.334168	1260.839456
878	2246.690231	1266.496728
879	2227.407278	1267.056289
880	2273.851541	1264.477485
881	2539.438975	1261.250020
882	2227.203184	1271.292522
883	2247.073561	1271.197464
884	2389.043915	1267.804167
885	2201.730763	1225.460532
886	2245.251460	1275.545731
887	2225.419054	1275.917306
888	2235.318513	1279.472909
889	2243.246233	1294.679014
890	2203.159714	1282.624569
891	2087.550066	598.310063
892	2201.553980	1282.558866
893	2340.460949	1281.221149
894	2587.877566	1285.380274
895	2186.291889	1294.658288
896	2459.434956	1291.151562
897	2304.649537	1302.991642
898	2287.940882	1306.158679
899	2149.879229	1306.752608
900	2133.432785	1312.443483
901	2249.734992	1311.124813
902	726.399792	538.975396
903	652.805471	768.530509
904	599.867526	630.481945
905	2434.925219	1314.778134
906	2100.457041	1323.699517
907	2312.028139	1325.330987
908	2239.801542	1316.788027
909	2472.007277	1327.662530
910	2295.346058	1326.223440
911	2063.512055	1336.154926
912	2217.752212	1335.887004
913	2462.768753	1336.588655
914	2202.573128	1338.051062
915	2048.688815	1341.473097
916	2149.497066	1348.136889
917	2456.351794	1345.166469
918	2014.411558	1353.383874
919	2504.881587	1354.701911
920	1978.466607	1366.084580
921	2130.511843	1364.453214
922	1642.930391	1947.633690
923	2227.178531	1362.220579
924	2368.424709	1360.034556
925	2114.076434	1366.383447
926	2363.673860	1361.699554
927	2214.618600	1366.336753
928	2100.124094	1077.412863
929	1962.186382	1371.539278
930	2080.878745	1051.337951
931	1239.482047	824.326362
932	1633.685322	717.007816
933	2077.313737	1374.830458
934	2449.037484	1365.882144
935	2061.203623	1380.237007
936	1539.233501	749.486407
937	664.566156	849.292566
938	2451.491953	869.602905
939	2328.871142	1373.293182
940	1927.804259	1382.537452
941	1888.418039	1396.615170
942	2039.542728	1392.439555
943	1535.144445	686.332592
944	2140.196689	1392.622673
945	2123.368604	1393.940055
946	2281.677226	1406.753429
947	2028.141566	1395.971135
948	1552.087800	678.062377
949	1551.271885	681.185783
950	2447.266110	1391.760260
951	1990.524125	1402.445505
952	1978.591319	1406.626296
953	2448.502771	1397.363556
954	1551.408228	679.552215
955	2240.334269	1403.999229
956	2409.727441	1401.936397
957	2411.778915	1407.882901
958	1955.085356	1144.630766
959	2388.761481	1407.839353
960	1560.794047	679.540863
961	1560.153809	678.106871
962	2379.509578	1407.569988
963	1559.081004	676.953871
964	1557.690612	676.206982
965	1556.133964	675.940631
966	2387.742433	1417.517231
967	1554.572263	676.190210
968	2506.368323	1406.595315
969	2379.612905	1416.713760
970	1953.030605	1422.029141
971	2052.637950	1420.275758
972	1942.250852	1423.850394
973	2192.080008	1422.030256
974	1940.743006	1427.127149
975	1563.912276	679.552092
976	2041.507587	1424.217551
977	1857.320799	1437.561027
978	2461.089972	1420.723759
979	2289.816424	1431.916342
980	2294.079196	1430.688744
981	2288.257161	1432.526303
982	2295.151887	1436.373177
983	2021.543961	1443.045307
984	2289.431032	1437.687225
985	2293.444092	1437.291345
986	1705.143375	535.171154
987	2006.772227	1444.995807
988	2389.842994	1438.864961
989	2426.988128	1438.114802
990	1967.998636	1451.162121
991	2489.897310	1439.834913
992	2102.660242	1450.676514
993	2495.496239	1441.845834
994	1903.147346	348.392563
995	2523.970050	1443.237988
996	2234.738503	798.607983
997	1949.677079	1454.419561
998	2200.587236	1451.916405
999	2201.850337	1456.493060
1000	2337.795620	1454.801709
1001	2050.403477	548.311057
1002	1661.537299	2077.163127
1003	1919.246696	1471.673303
1004	2304.078360	1466.877163
1005	2110.996211	1472.246683
1006	1935.080071	1469.101056
1007	2112.793684	1472.779733
1008	2109.414594	1472.308055
1009	2459.340116	1467.256064
1010	2113.590526	1473.284147
1011	2115.480048	1476.133638
1012	2105.243305	1476.578769
1013	2115.618397	1477.861175
1014	2106.915404	1481.274291
1015	2599.199777	1152.349562
1016	2073.997266	1483.899109
1017	1948.399954	1506.976988
1018	2214.117601	1628.264811
1019	2479.351188	1475.572179
1020	2484.726310	1477.621120
1021	2252.797468	1484.650596
1022	2212.540516	1631.304493
1023	2075.625123	1488.273878
1024	2364.268898	1483.601755
1025	2217.791134	1635.042046
1026	2037.963722	1492.414055
1027	2344.968348	1588.760718
1028	2340.249708	1531.539167
1029	2023.352317	1495.864218
1030	2338.743927	1531.393680
1031	2216.136974	1497.631991
1032	2386.501224	1740.170549
1033	1987.505070	1504.336565
1034	1988.598380	1507.463667
1035	1950.391336	1513.102232
1036	1933.462427	1516.962379
1037	2163.486836	1513.876499
1038	2604.940917	1150.219986
1039	2278.287003	1514.708229
1040	1903.668176	1524.146989
1041	1248.568629	1437.782968
1042	2262.676792	1517.458254
1043	1905.727440	1529.189230
1044	2083.284326	1525.288553
1045	2127.808593	1525.262182
1046	2088.438944	1527.525032
1047	2518.039323	1520.807635
1048	2509.822237	1520.660418
1049	2528.658646	1521.009237
1050	2469.961449	1525.466962
1051	2464.549681	1525.720552
1052	2523.021110	1525.993083
1053	2426.814896	1529.661253
1054	2576.333519	1526.841333
1055	2091.853863	1537.474754
1056	2419.904435	1529.347692
1057	2467.951551	1529.785891
1058	2463.262921	1530.096227
1059	2427.527239	1533.489754
1060	2080.836310	1540.931598
1061	2420.147518	1535.504543
1062	743.868708	484.977649
1063	2000.726397	1544.627296
1064	696.121931	465.886298
1065	2287.128493	1540.959930
1066	2275.542529	1544.595031
1067	688.898153	462.723860
1068	2386.230433	1541.937822
1069	667.376425	518.023111
1070	1581.678920	740.817138
1071	1544.270010	753.183989
1072	681.105160	455.702074
1073	667.366089	437.486817
1074	1501.304359	758.519982
1075	1499.707050	759.607850
1076	1498.509076	761.114289
1077	1498.055604	766.437482
1078	1502.101604	770.333640
1079	1504.081734	770.646421
1080	1507.779317	769.486067
1081	1509.168408	768.164138
1082	1510.343675	762.831113
1083	1509.665096	761.103977
1084	2192.676520	1552.452209
1085	301.365759	459.206435
1086	1506.990720	769.874485
1087	2177.695169	1555.349852
1088	2402.040106	1931.112606
1089	1922.291770	1563.468533
1090	2251.363058	1561.321107
1091	2253.630649	1561.833087
1092	2334.060771	1560.650511
1093	2237.198348	1566.408770
1094	1623.659063	726.622591
1095	2335.654360	1564.676596
1096	2043.575249	862.116648
1097	2062.645039	1567.647446
1098	1982.296543	907.585775
1099	2064.900904	1574.393810
1100	2298.970286	1572.006492
1101	2012.169844	1580.784946
1102	2300.514196	1576.965424
1103	2202.678217	1580.442974
1104	2186.764878	1582.262243
1105	2262.280198	1584.838673
1106	2264.389937	1589.497162
1107	2245.472467	1590.115631
1108	1939.482706	1599.553728
1109	2247.015537	1595.285341
1110	2209.966511	1602.046517
1111	2440.194631	1591.341054
1112	2181.607075	1131.621737
1113	2211.516478	1607.288184
1114	2308.573923	1605.940370
1115	2444.764750	1603.579095
1116	2184.808422	1133.539305
1117	2272.098236	1611.746260
1118	2298.259485	1609.515161
1119	2270.834858	1613.947301
1120	2409.410297	1612.572030
1121	2160.829288	1618.493803
1122	2256.016097	1619.708880
1123	2483.669627	1615.969755
1124	2162.521321	1623.876653
1125	2023.794383	1616.156692
1126	2030.330577	1635.319145
1127	1955.870123	1633.820159
1128	2217.416855	1626.996637
1129	2124.417326	1630.815900
1130	2212.504231	1633.118936
1131	2126.072040	1635.700366
1132	2032.846698	1639.719377
1133	2524.396141	1628.277481
1134	2318.665109	1632.370718
1135	2316.763143	1636.731774
1136	2088.697156	1643.478396
1137	2305.305757	1641.379124
1138	2090.522934	1648.359220
1139	2039.343496	1659.293102
1140	2002.934914	1664.982087
1141	2013.988896	1668.268800
1142	2021.551243	1666.798897
1143	2072.786319	578.545825
1144	2017.910820	1673.393422
1145	2370.057024	1670.441534
1146	2318.060077	1677.875009
1147	2371.739138	1676.872864
1148	2276.919117	1682.559902
1149	2346.839963	1680.103082
1150	1428.921136	787.062938
1151	2321.476980	1683.149097
1152	2232.160418	1686.611948
1153	2296.902412	1685.801261
1154	2271.504915	1689.236382
1155	2186.757964	1691.071673
1156	2237.861318	802.867831
1157	2247.207966	1693.879466
1158	1999.898273	1697.681891
1159	2234.931843	1695.227580
1160	2146.544132	1695.349127
1161	2221.699171	1696.607141
1162	1655.334347	294.672113
1163	1996.075358	1702.233683
1164	2108.961150	1700.624586
1165	1990.873307	1702.288948
1166	2004.946627	1700.957758
1167	1792.310575	196.836030
1168	2197.895601	1699.304162
1169	2000.016358	1703.480940
1170	1985.523554	1704.449456
1171	2172.311773	1701.772876
1172	2003.450014	1705.765085
1173	2147.272559	1704.202336
1174	2055.428795	1707.526347
1175	2006.110517	1708.908745
1176	1980.642196	1709.772555
1177	2418.368900	1053.363551
1178	2121.187536	1706.992438
1179	2111.455394	1708.020352
1180	2096.409601	1709.638321
1181	2008.187805	1714.549617
1182	1669.163004	284.516214
1183	1979.173959	1713.902621
1184	2019.491793	1718.529849
1185	995.449670	1410.553818
1186	1978.999578	1718.271373
1187	2011.516879	1719.709038
1188	1980.137753	1722.501255
1189	2003.385302	1727.597196
1190	1982.478661	1726.206356
1191	2000.513010	1729.577398
1192	1989.859697	1730.791432
1193	1997.245517	1730.828339
1194	1996.262677	1735.402877
1195	1755.139260	402.989210
1196	1998.043042	1739.153189
1197	2339.716351	1758.070199
1198	1779.245352	386.208642
1199	2325.023709	1761.704781
1200	2314.370752	1759.158036
1201	2316.387305	1763.962710
1202	2244.182650	1262.495608
1203	2289.689396	1769.355622
1204	2327.723639	1766.960826
1205	2339.827298	1764.296427
1206	505.462431	1758.615868
1207	2317.509369	1769.202377
1208	444.038172	1679.788758
1209	2277.905465	1772.218501
1210	1086.088455	145.520449
1211	612.563441	275.522019
1212	2240.891080	1781.081075
1213	607.584627	284.558488
1214	600.573525	297.853829
1215	2238.021023	1781.657921
1216	2278.690996	1778.480313
1217	2266.600041	1781.993117
1218	2228.400506	1783.404402
1219	602.242836	294.628843
1220	2216.623075	1785.817961
1221	594.447593	1517.533989
1222	2241.065994	1787.294864
1223	631.805852	1892.051201
1224	633.081143	1888.174537
1225	2218.190564	1792.889561
1226	2166.892531	1795.195302
1227	2193.626991	1798.059867
1228	632.848388	1880.552927
1229	2376.531593	1807.521295
1230	2378.777400	1807.262804
1231	2122.705239	1824.577335
1232	2124.633960	648.393640
1233	2351.724986	1813.079095
1234	1427.330765	999.200313
1235	1426.559368	998.889517
1236	2170.679391	1815.092898
1237	1422.265488	999.419243
1238	1422.156949	1008.124010
1239	1426.672018	1008.687773
1240	1421.193187	1000.296267
1241	1421.017848	1007.122196
1242	2358.685131	1842.155033
1243	2333.211533	1847.776993
1244	2308.208821	1853.915916
1245	2284.126383	1859.574988
1246	2259.886474	1865.120994
1247	2235.252810	1870.758631
1248	2210.200159	1876.810131
1249	1430.184583	1003.870626
1250	1429.947407	1002.278293
1251	2079.038580	1904.293370
1252	2100.879088	1969.686708
1253	665.196054	829.732886
1254	677.100517	812.195086
1255	660.909478	835.110477
1256	669.551254	513.428407
1257	2407.471144	1043.345239
1258	600.177510	577.710483
1259	642.549526	388.963305
1260	2216.166648	773.267257
1261	1832.711784	478.218154
1262	1845.700102	469.045413
1263	1936.628685	401.020672
1264	1862.863015	492.701969
1265	1954.765528	426.220731
1266	1914.476013	494.333209
1267	1892.586758	334.917430
1268	1932.126361	518.789239
1269	1989.524588	476.580969
1270	1918.938777	568.388442
1271	2008.426648	503.572921
1272	1936.650948	592.737753
1273	2026.228107	527.853895
1274	1956.145371	618.158461
1275	1973.522178	643.091749
1276	2045.422249	552.743117
1277	2062.270352	577.721033
1278	1921.555303	1169.571002
1279	1949.193387	1176.869933
1280	40.340610	84.746396
1281	1484.872886	1728.335655
1282	1815.365901	233.229499
1283	1815.066366	234.234227
1284	1815.446292	231.979842
1285	1753.423858	677.757786
1286	1587.806523	732.466749
1287	1589.800840	737.965194
1288	2536.266565	1904.200617
1289	1448.402728	780.208210
1290	1450.141203	784.991056
1291	1399.051034	797.566910
1292	1400.749103	802.711137
1293	2421.521301	1926.605363
1294	2437.532781	1936.226392
1295	2548.883857	1902.313098
1296	1852.618865	899.845064
1297	1855.978147	907.921296
1298	1528.975692	831.060705
1299	1379.129060	490.976379
1300	2197.699343	748.068527
1301	1786.921960	626.860685
1302	811.492254	597.043195
1303	2110.619513	1091.632566
1304	2134.014808	1114.945909
1305	2250.696741	1262.518020
1306	2106.073342	623.352243
1307	2125.943352	1894.831389
1308	2245.971360	813.305797
1309	2296.106495	1499.409725
1310	2299.748295	1499.914698
1311	2321.016561	1286.764625
1312	2325.039098	1286.812280
1313	2297.208783	1328.568804
1314	2300.454377	1329.048933
1315	2302.987989	1301.557154
1316	2300.866826	1301.646594
1317	2235.869194	1315.196593
1318	2229.229010	1263.445696
1319	2216.257301	1334.493356
1320	2214.411859	1334.471573
1321	2230.433744	1277.103036
1322	2212.419041	1365.756766
1323	2019.505687	1440.997675
1324	2016.780164	1441.083398
1325	2213.400924	1366.412554
1326	2264.258570	836.833374
1327	1940.962649	1425.386441
1328	2243.078019	1277.705094
1329	1951.116291	1455.958569
1330	1953.448385	1455.981037
1331	1956.596653	1421.986525
1332	1959.101522	1424.096323
1333	1976.202696	1406.460815
1334	1974.797244	1404.749146
1335	2039.338682	1424.324704
1336	2037.628367	1423.113146
1337	736.395895	1943.491648
1338	2044.315306	1395.316451
1339	2124.821821	1396.138806
1340	2127.521132	1396.580580
1341	2128.048079	1362.514446
1342	2124.520150	1362.589468
1343	2147.552932	1348.000741
1344	2146.323392	1346.512717
1345	2384.390646	1467.167443
1346	619.023957	905.194775
1347	2272.353982	1544.280105
1348	2270.694823	1542.202198
1349	2276.405731	1513.250690
1350	2274.030393	1513.456476
1351	2212.963542	1629.570568
1352	2188.611176	1584.086573
1353	2191.515992	1584.135731
1354	2190.411360	1551.551941
1355	2188.086846	1551.884235
1356	601.103641	937.510001
1357	547.197758	1074.871784
1358	2318.658349	1635.071949
1359	2296.915109	1610.924785
1360	2296.547996	1612.773988
1361	522.777875	1567.856927
1362	2296.845134	1615.180350
1363	2211.720270	1536.389814
1364	2209.683746	1534.170184
1365	2245.155588	1299.469340
1366	2276.664569	1391.568574
1367	2412.245464	1038.496190
1368	477.912978	1591.753340
1369	520.779718	1594.662196
1370	2218.180650	1630.474626
1371	2000.767724	507.584924
1372	2009.355284	503.481079
1373	2010.969713	503.446765
1374	2014.365908	502.947506
1375	2012.652105	503.338902
1376	2416.422651	1045.068688
1377	2164.382041	1280.825448
1378	1976.268371	1932.588151
1379	1987.416386	1738.353307
1380	517.073831	1641.605028
1381	516.417349	1661.636869
1382	514.521540	1702.201145
1383	504.213401	1713.798128
1384	493.342710	1714.863034
1385	513.585841	1715.688405
1386	481.872157	1720.378111
1387	513.070648	1733.326628
1388	478.243849	1724.005702
1389	512.482651	1745.319944
1390	2291.409892	1430.651182
1391	2287.413453	1424.280121
1392	2295.751885	1443.720477
1393	2359.888643	1581.482968
1394	2358.211308	1583.581861
1395	2354.945122	1585.148786
1396	2274.850241	1267.434672
1397	2252.894458	1272.321700
1398	2382.721529	608.531085
1399	2377.633370	608.683441
1400	2375.966772	609.534127
1401	2366.741122	630.440052
1402	1798.520538	939.405500
1403	2366.828887	632.307313
1404	2368.327608	635.642146
1405	1718.965078	967.367171
1406	2367.119373	628.607270
1407	2367.380197	634.092634
1408	1691.928603	268.318661
1409	1444.240423	1059.612716
1410	1439.218625	1055.598744
1411	1439.130443	1058.235209
1412	2289.070518	1767.410904
1413	2316.270060	1771.780058
1414	2291.475553	1776.150798
1415	2315.480308	1761.796715
1416	2315.919737	1762.846733
1417	2337.930995	1758.607321
1418	2317.346481	1763.803661
1419	1436.618443	1065.582410
1420	1441.622704	1068.021550
1421	2354.701401	665.155167
1422	1093.314806	2227.932315
1423	2360.851476	667.664692
1424	2349.921417	666.471285
1425	2347.327395	669.232976
1426	2342.372255	679.177418
1427	2191.156747	1790.280888
1428	1893.910065	587.035337
1429	1874.878506	562.264871
1430	759.743240	551.818557
1431	94.183573	168.273713
1432	224.680310	365.612785
1433	1593.388189	1187.236237
1434	1382.562834	1083.735159
1435	1313.476115	1048.086039
1436	1231.954917	982.878942
1437	1462.515208	902.595751
1438	1806.168345	922.326066
1439	1806.080689	924.740634
1440	1511.875508	876.379322
1441	1481.835704	895.971873
1442	1806.810992	927.392929
1443	1808.357084	929.678435
1444	1810.542712	931.356859
1445	1813.155624	932.255235
1446	1815.915841	932.285230
1447	1819.253208	931.038354
1448	1823.052831	922.110914
1449	1822.156664	919.706192
1450	1820.709356	917.790194
1451	1818.780044	916.344809
1452	1816.521120	915.494362
1453	1810.194645	916.510895
1454	1820.777945	929.807872
1455	1822.376958	927.544171
1456	1823.160172	924.892943
1457	1808.312541	918.037400
1458	1806.932380	920.030216
1459	1826.048324	908.569313
1460	1818.228243	911.525602
1461	1821.546204	928.715512
1462	1859.836444	906.524690
1463	1823.188881	916.944282
1464	1823.654792	915.214970
1465	1824.387039	913.435618
1466	1825.276787	911.769389
1467	1826.367944	910.520404
1468	1827.275627	909.696853
1469	1823.770420	920.648021
1470	1825.207389	919.314025
1471	1783.482846	637.405549
1472	1778.888685	641.674236
1473	678.166097	490.847090
1474	583.566898	1928.377624
1475	1877.347869	1790.886697
1476	1887.220353	1787.159985
1477	544.585552	1939.768023
1478	505.519050	1862.586247
1479	658.147632	1754.147445
1480	662.463453	1788.122308
1481	2194.659003	1971.518291
1482	550.216012	1842.143250
1483	1448.036485	291.648191
1484	1525.372608	975.689861
1485	1457.848414	279.736103
1486	664.469558	1782.909914
1487	1479.281768	250.465615
1488	588.822775	1824.482219
1489	2148.035818	1889.896467
1490	590.967327	1783.541062
1491	1491.358629	435.788027
1492	2179.283853	940.520196
1493	502.576005	1952.837553
1494	1518.113458	359.569760
1495	660.105292	1791.877936
1496	649.827609	2048.351504
1497	661.984461	1765.751997
1498	1385.306671	389.604559
1499	2355.790405	1672.236682
1500	2342.587315	1635.251147
1501	2438.906157	1601.928703
1502	1307.093100	753.347536
1503	1309.363506	749.716072
1504	1307.778766	751.142042
1505	2442.204107	557.157571
1506	2406.706257	543.939476
1507	2405.228342	545.113386
1508	2392.873692	573.318104
1509	2393.079578	574.955458
1510	2394.654596	578.105644
1511	2393.025968	571.673150
1512	2393.631287	576.507823
1513	1569.223278	675.295750
1514	1575.623492	736.486761
1515	1956.056073	1173.917426
1516	1940.412440	1176.380105
1517	2379.453126	608.245482
1518	1944.262582	1180.385900
1519	1934.788405	1187.026896
1520	1940.665552	1188.526943
1521	2381.105181	608.221514
1522	1932.836267	1200.590630
1523	1934.151164	1241.523031
1524	1925.816467	1245.666095
1525	1928.812336	1261.548328
1526	1921.388936	1262.776769
1527	1915.046182	1276.084533
1528	2409.834010	1046.073801
1529	2411.232476	1065.595040
1530	2354.856341	1083.780656
1531	1876.014323	1340.743719
1532	1921.262194	1279.185812
1533	1869.229629	1353.633872
1534	1910.222683	1283.885641
1535	1863.480454	1367.938515
1536	1872.162105	1334.630353
1537	1864.123010	1349.388631
1538	1860.586987	1386.009412
1539	1858.013505	1364.100294
1540	1853.067895	1383.995294
1541	1858.372438	1384.475825
1542	1850.710453	1385.043846
1543	1848.817131	1386.792462
1544	1848.855397	1396.375901
1545	1850.742429	1398.099492
1546	1855.640972	1399.354073
1547	1858.268713	1398.693563
1548	1873.846410	1395.660794
1549	1873.792423	1402.167918
1550	2539.874411	622.113368
1551	1964.810749	1883.463317
1552	1988.095117	1889.800754
1553	1981.955570	1909.865346
1554	1975.923693	1927.953126
1555	2016.778632	1877.464951
1556	2002.033849	1845.737131
1557	2537.555458	622.717183
1558	2602.001853	1894.346424
1559	2502.724955	1903.077248
1560	2456.636625	1908.171811
1561	1884.042763	785.163988
1562	1923.298582	506.564052
1563	2142.034828	672.217296
1564	1025.856140	243.648097
1565	78.456207	144.699002
1566	855.116815	1897.886921
1567	883.254882	1898.821294
1568	828.393638	1902.596502
1569	910.681258	1904.485554
1570	800.670710	1910.816358
1571	984.696490	356.256172
1572	856.195332	1911.552814
1573	934.167831	1912.968608
1574	825.462436	1916.558979
1575	888.624016	1912.822472
1576	800.274585	1925.789541
1577	906.496735	1916.860739
1578	952.782016	1924.922683
1579	930.669549	1927.176107
1580	945.344780	1935.986318
1581	970.488410	1937.190163
1582	961.875285	1946.781359
1583	984.048505	1950.871964
1584	694.617004	1966.583698
1585	997.299048	1966.834485
1586	982.392885	1967.225374
1587	702.039706	1977.828575
1588	1006.540216	1979.610279
1589	996.004608	1986.824258
1590	1014.515166	1997.943076
1591	526.981695	2010.426580
1592	2007.288029	1711.218727
1593	1985.822677	1729.052593
1594	2111.543867	1975.305664
1595	597.916413	2017.320888
1596	1862.867868	1392.416908
1597	563.056787	2021.645345
1598	1007.794557	2015.009363
1599	579.972808	2021.210789
1600	1019.958450	2017.921874
1601	2139.242764	1992.098681
1602	1934.129614	1174.162107
1603	971.443698	1377.060924
1604	949.827192	1393.563626
1605	1551.696019	682.768586
1606	1555.493522	685.544127
1607	1557.059355	685.488586
1608	663.332784	594.552719
1609	1558.529028	684.935911
1610	1559.748695	683.944844
1611	1560.576263	682.623794
1612	1878.123779	314.237273
1613	1552.628740	684.124243
1614	662.730724	578.652414
1615	700.356676	467.581776
1616	1553.986554	685.099231
1617	860.864727	590.131094
1618	790.792501	2098.386186
1619	511.603160	1757.935182
1620	1560.952600	681.711703
1621	780.646024	559.392180
1622	2640.563861	1534.912427
1623	488.532621	1737.213637
1624	2640.203903	1540.377662
1625	2160.198308	698.459626
1626	405.319142	1632.850890
1627	2025.328964	837.018824
1628	1963.388852	882.324617
1629	1553.175863	676.918811
1630	1543.146781	685.396702
1631	1550.080201	684.494682
1632	2006.266642	735.059517
1633	1546.458609	680.938889
1634	2263.053896	1072.918507
1635	2029.600890	1813.602246
1636	2042.605621	1822.371662
1637	1811.216388	685.568633
1638	822.289023	565.685121
1639	676.284338	813.543724
1640	785.736153	563.576451
1641	782.426055	562.099695
1642	783.967758	558.910745
1643	786.957591	560.166936
1644	788.695933	562.675666
1645	780.970214	559.546102
1646	837.230745	581.883554
1647	831.752034	582.039441
1648	828.106105	582.616535
1649	820.030946	584.907871
1650	817.560818	584.444822
1651	815.028123	583.306428
1652	813.748974	582.263272
1653	1366.263535	1076.029273
1654	1353.039175	803.756108
1655	826.446950	565.540813
1656	828.411900	566.891018
1657	829.810878	568.536191
1658	1413.707954	1119.017808
1659	822.479024	584.589326
1660	799.403712	610.746421
1661	812.351903	580.457210
1662	1423.204119	1124.949727
1663	830.753885	570.618192
1664	1438.324572	1130.046222
1665	820.356841	566.619405
1666	1477.312680	1136.131400
1667	1410.619540	1116.637665
1668	1408.424879	1113.284464
1669	1422.476410	1097.094096
1670	2112.031260	641.478841
1671	1425.617319	1098.424836
1672	1428.246513	1100.587370
1673	1430.207197	1103.501844
1674	1509.047048	771.755298
1675	1407.475782	1109.405515
1676	1407.872230	1105.425767
1677	2026.117838	832.115662
1678	1409.575926	1101.806396
1679	2010.238190	810.422942
1680	1415.518495	1097.336761
1681	1418.975826	1096.702838
1682	1431.225356	1106.857949
1683	1430.060724	1113.937926
1684	1427.841893	1116.974803
1685	1424.781642	1119.175462
1686	1421.180057	1120.317192
1687	1869.781504	758.112380
1688	1868.084491	759.291048
1689	1866.242320	760.433979
1690	1868.290120	763.174722
1691	1872.899141	759.355013
1692	1922.398351	830.633020
1693	1417.403733	1120.286793
1694	1412.392252	1098.950902
1695	1450.414322	1120.420404
1696	1431.214541	1110.363565
1697	1438.611659	1060.742192
1698	2178.006671	722.590787
1699	1438.436883	1052.043469
1700	1424.881830	1011.011099
1701	1423.539492	1008.754564
1702	1443.661750	1053.290959
1703	1443.449198	1062.635786
1704	1436.680827	1081.299846
1705	1792.282015	422.798490
1706	1841.263770	472.190310
1707	1443.447733	997.098451
1708	1784.789502	429.103338
1709	1827.986420	454.197225
1710	1822.993011	444.730293
1711	1806.763424	418.191944
1712	1874.412390	362.043187
1713	1899.322538	351.374662
1714	652.397342	607.649109
1715	2138.441894	667.229776
1716	1495.506868	980.852325
1717	1553.697344	971.996863
1718	1626.764250	962.303466
1719	1595.004067	971.926525
1720	1608.261229	971.144906
1721	1635.007430	971.429298
1722	1632.788594	979.491208
1723	1636.471201	984.410129
1724	1623.519490	933.752811
1725	1619.990327	936.540211
1726	1621.848136	942.912353
1727	1624.462120	954.404417
1728	364.793300	532.911027
1729	1615.676625	969.278619
1730	1625.589512	958.623450
1731	2139.033367	1008.880804
1732	1631.754160	977.627444
1733	1477.964912	1533.357293
1734	1631.226610	959.640396
1735	1621.709910	966.299209
1736	1292.067365	746.701577
1737	2369.896474	983.382594
1738	841.702532	541.858257
1739	2502.655410	1897.537911
1740	1398.351778	919.288611
1741	1523.880418	871.286967
1742	1538.490098	862.190034
1743	2003.993352	815.281269
1744	1984.849275	789.720023
1745	1537.180144	862.456445
1746	1539.809739	862.378228
1747	1540.988561	862.985409
1748	819.857699	587.562835
1749	1542.418568	865.090333
1750	1542.542196	866.374482
1751	1541.481447	868.798709
1752	1535.907101	868.972951
1753	1535.114880	867.936000
1754	1428.680905	1860.709441
1755	1945.199673	858.412608
1756	1534.703530	866.702354
1757	1551.349448	870.341137
1758	1833.296252	104.819957
1759	1721.668812	110.089170
1760	1786.482066	139.304786
1761	2173.926841	725.395194
1762	1103.561268	159.274736
1763	1757.527109	161.246668
1764	1883.704563	176.245604
1765	1838.396517	210.870171
1766	1458.426290	220.237778
1767	1815.520052	228.406371
1768	1818.630901	232.843918
1769	1391.154611	251.405575
1770	2038.269822	245.596556
1771	2035.766482	247.091807
1772	2010.353395	262.296471
1773	1972.337016	276.870544
1774	1403.560283	293.705021
1775	1470.376938	408.913021
1776	1387.366781	307.577951
1777	1397.126262	308.268530
1778	1393.148776	309.102057
1779	1935.849308	303.725331
1780	2125.507023	297.504647
1781	2374.623792	1443.159466
1782	2313.232600	1495.518267
1783	2110.983083	344.180989
1784	2285.901743	1473.175896
1785	1133.379010	392.951731
1786	1699.113741	377.003761
1787	2099.217618	381.980016
1788	1673.297238	395.590258
1789	2037.864491	365.718092
1790	1649.422458	413.181518
1791	1175.173525	440.697623
1792	1958.674820	423.691658
1793	2001.279286	392.502668
1794	1743.572565	437.251661
1795	2105.757031	435.785345
1796	1674.418016	447.242721
1797	2095.279282	443.562137
1798	1717.451991	456.371455
1799	2854.304939	1822.303242
1800	1693.401150	473.977476
1801	2061.176674	468.873922
1802	2057.996581	471.237708
1803	2016.443857	502.326514
1804	2012.708339	509.255727
1805	2093.399197	552.672013
1806	2108.513304	574.076114
1807	2208.148886	573.551389
1808	2083.113227	592.369862
1809	2162.814492	606.367225
1810	2117.743752	638.994694
1811	632.620413	714.988281
1812	1178.318226	708.178209
1813	866.746241	592.307267
1814	1721.597958	966.440315
1815	1203.242814	717.541405
1816	639.959366	731.543216
1817	2253.586507	823.105351
1818	2086.719222	1518.077250
1819	2342.395264	954.820384
1820	509.141905	1593.874273
1821	1847.943512	735.409529
1822	1829.403637	710.118443
1823	1141.255273	693.904728
1824	1522.235616	291.443374
1825	1390.622634	908.449161
1826	1634.563350	968.909569
1827	1622.869325	947.166927
1828	1210.121674	241.658681
1829	1122.253883	317.218277
1830	1453.977417	905.501071
1831	1263.135153	795.662100
1832	1801.323673	664.519627
1833	1778.723357	641.444803
1834	669.126160	887.954650
1835	1138.629980	692.934646
1836	1525.408508	285.979089
1837	536.070040	319.090049
1838	525.804546	319.010094
1839	507.177635	317.350725
1840	680.846514	1416.255981
1841	680.558114	1406.028673
1842	2486.244891	1381.908663
1843	2486.917359	1386.630974
1844	2114.344569	1480.827864
1845	1320.533326	1475.560549
1846	1182.101807	1119.256012
1847	1567.039458	1856.947651
1848	1537.914720	1876.671018
1849	1496.018399	1903.084290
1850	1448.507748	1935.030989
1851	675.825167	1488.236327
1852	675.891313	1483.830908
1853	2040.032129	787.276615
1854	2219.841614	1284.738137
1855	930.339063	1407.807809
1856	1212.094146	1268.355386
1857	1328.794254	1255.709037
1858	1179.576750	1223.429395
1859	2293.179796	1383.835374
1860	1418.735659	1392.353022
1861	1303.931804	1719.468105
1862	670.767801	1595.998626
1863	683.368948	1972.487652
1864	732.326072	1934.238303
1865	667.319099	1980.907233
1866	2022.298621	762.655949
1867	2576.020120	1532.483073
1868	2124.991914	648.879663
1869	2614.151130	1532.350380
1870	1722.006173	556.271471
1871	1713.508362	544.987820
1872	1692.583640	525.776562
1873	1687.380912	521.305933
1874	1679.111377	509.945330
1875	1667.143875	493.200187
1876	1648.260060	466.862699
1877	1622.444221	432.208898
1878	1567.735273	359.062167
1879	1706.961176	545.948044
1880	1692.744337	534.331319
1881	1684.508315	528.815966
1882	1563.067276	363.132833
1883	1542.785859	335.732514
1884	1516.909313	301.019085
1885	1506.100052	286.695332
1886	1661.385338	497.543623
1887	1726.867015	570.311464
1888	1730.290136	567.559675
1889	1768.984586	619.089112
1890	1764.741616	622.268774
1891	2227.100101	1270.468301
1892	2130.434541	412.659565
1893	2163.889358	373.451509
1894	1649.416001	1943.074847
1895	1647.258696	1944.474190
1896	2247.112859	1313.559940
1897	2273.897377	1392.209752
1898	2123.064958	420.226091
1899	1082.028476	152.268443
1900	1779.676150	632.184154
1901	727.708082	535.125834
1902	2635.967736	1540.084863
1903	715.124751	534.690398
1904	741.545147	493.125320
1905	422.721854	1493.129715
1906	554.129098	1692.539088
1907	585.505168	1697.801942
1908	2820.463195	1830.724856
1909	2588.206090	1881.028625
1910	1393.203340	799.472005
1911	1431.203385	1076.984990
1912	1353.433084	785.610644
1913	655.855952	1734.284187
1914	581.838544	1753.574075
1915	550.152542	1762.545002
1916	549.816857	1801.544962
1917	623.727821	1808.514701
1918	658.359951	1709.614723
1919	628.083149	1895.763966
1920	624.879115	1859.524447
1921	1348.252707	786.957977
1922	2467.785674	1914.446361
1923	1377.928238	870.920445
1924	2458.017761	545.274580
1925	2452.814704	549.339508
1926	2446.196880	549.235866
1927	2401.934868	528.272426
1928	2494.095112	821.272007
1929	2447.234401	870.835812
1930	2325.247695	706.130253
1931	2324.309286	700.470693
1932	2326.786632	708.587901
1933	2324.402799	703.363913
1934	2324.976740	697.650060
1935	2440.688219	445.619316
1936	2446.713510	443.755494
1937	2438.452735	447.890825
1938	2443.545886	444.188747
1939	2449.855249	444.371050
1940	2593.673564	534.471912
1941	2589.978535	531.216906
1942	2596.053673	538.769775
1943	2540.835476	655.576241
1944	2535.349636	654.122977
1945	2509.838541	655.091156
1946	2489.855485	652.947097
1947	2471.669306	647.775468
1948	2454.749583	641.295788
1949	2384.237670	609.158925
1950	2521.223455	623.773507
1951	2504.436630	623.558298
1952	2485.290058	620.259487
1953	2468.049975	613.553627
1954	2396.045986	579.407244
1955	2196.542679	1137.865686
1956	2179.423521	1143.371041
1957	2183.419384	1136.624891
1958	2188.925627	1136.779635
1959	2441.326627	669.306812
1960	2193.567361	1122.426752
1961	2163.721868	1145.368707
1962	2160.523502	1146.862117
1963	2179.289043	1133.773090
1964	2227.941002	1127.847212
1965	2544.757109	657.916818
1966	2369.622068	636.912520
1967	2472.059428	683.053069
1968	2339.034245	701.056598
1969	2338.456444	705.833195
1970	2340.254014	711.152825
1971	2353.247475	727.671390
1972	2355.951512	728.329470
1973	2361.259390	726.941130
1974	2350.905443	726.179218
1975	2358.721779	728.076539
1976	2373.774347	695.471633
1977	2382.371664	678.478129
1978	2442.165943	706.089062
1979	2412.736014	692.498276
1980	2466.056054	716.946624
1981	2533.378337	591.435672
1982	2524.070632	592.348554
1983	2514.317045	592.411219
1984	2497.493950	590.488503
1985	2491.444482	589.191412
1986	683.927493	1120.606206
1987	683.645948	1124.444928
1988	688.080722	1130.501228
1989	660.368528	812.569583
1990	2481.191438	586.131015
1991	2411.924545	543.113271
1992	2447.666576	561.035054
1993	1064.986357	2171.785696
1994	2409.584817	542.990979
1995	2414.094163	543.788262
1996	2352.476073	665.130300
1997	2455.868132	568.986461
1998	2486.609268	776.216999
1999	2390.990632	772.111904
2000	2388.573271	769.589703
2001	2387.992481	767.927029
2002	2392.630407	772.770393
2003	2389.598386	771.021091
2004	2387.901722	766.170759
2005	2471.066851	836.652589
2006	2492.794404	810.883561
2007	2492.979422	807.757041
2008	2491.615395	813.792678
2009	1410.111310	1574.162806
2010	1408.252940	1575.289574
2011	2448.457022	856.123115
2012	2450.729540	856.357750
2013	1424.987621	1581.377550
2014	1426.106989	1580.704727
2015	2452.959329	855.838989
2016	2454.901789	854.633031
2017	2024.827829	644.646663
2018	2043.015083	669.474041
2019	2081.623604	602.806566
2020	2101.231073	626.771883
2021	2119.827780	652.001084
2022	2027.190402	720.060897
2023	2045.646505	744.960184
2024	2136.715263	676.329272
2025	2064.117785	769.570745
2026	2083.392204	794.480391
2027	2156.092331	701.292325
2028	2174.907460	726.744319
2029	2134.224698	795.202637
2030	2152.824329	819.827189
2031	2171.333669	844.736536
2032	2192.437761	751.635702
2033	2211.411970	776.779286
2034	2230.203994	801.910113
2035	2168.344621	909.692852
2036	2185.942280	934.993161
2037	2261.356485	842.713165
2038	2067.807996	1022.896559
2039	2175.829950	943.078376
2040	2279.709347	867.320897
2041	1700.847325	2074.189485
2042	1687.655741	2044.375603
2043	2205.543044	959.430052
2044	1619.363264	1905.483836
2045	1610.073880	1891.410845
2046	1707.597651	2080.795610
2047	1595.098279	1869.233691
2048	1563.871565	1826.010356
2049	1493.261493	1722.732224
2050	1432.606687	1639.708405
2051	1427.746000	1644.238226
2052	1526.489884	1788.320625
2053	1535.817620	1798.166349
2054	1539.894255	1801.507123
2055	2387.678958	1017.669815
2056	2349.456342	1087.117778
2057	1586.310049	1865.372188
2058	1614.989948	1906.031912
2059	1675.687387	2054.625555
2060	1640.655076	1952.025103
2061	1677.177496	2043.755968
2062	1926.475620	833.746581
2063	2369.286383	991.925861
2064	1671.434779	2063.840190
2065	685.375201	1128.029861
2066	781.970984	1163.486392
2067	1047.367764	1298.951513
2068	1061.178025	1308.551520
2069	1102.784987	1361.630613
2070	1901.946937	346.770797
2071	1652.509284	2084.616002
2072	693.678381	1073.417933
2073	692.607911	1087.878622
2074	1411.814229	1602.091948
2075	1532.624903	1795.400196
2076	1539.203473	1790.933608
2077	1575.679312	1851.344455
2078	1580.055782	1847.934314
2079	1942.567237	1619.599430
2080	1332.447897	1642.661263
2081	1289.709012	1584.309071
2082	1279.432467	1573.124815
2083	1255.484427	1561.822016
2084	1344.853888	1507.072612
2085	1323.374240	1521.219844
2086	1379.602758	1612.774123
2087	1296.716330	1538.045710
2088	1351.997192	1629.287325
2089	1328.576782	1490.109330
2090	1314.778866	1482.566595
2091	1246.854481	1444.663975
2092	1118.135800	1522.967803
2093	1138.170278	1554.332597
2094	1240.465072	1491.563150
2095	1222.284706	1459.609522
2096	1248.421475	1498.021375
2097	1260.927748	1502.674136
2098	1277.859208	1506.444833
2099	1233.801252	1532.117433
2100	1217.700410	1506.137407
2101	1247.715490	1555.626029
2102	1253.414812	1440.336293
2103	1154.167455	1388.415618
2104	1350.552593	1239.304138
2105	1202.709823	1412.942997
2106	1307.306960	1333.680081
2107	1259.619553	1307.863802
2108	1456.677202	1413.097411
2109	1257.634790	1442.364976
2110	1363.812903	1361.759912
2111	1429.476205	1311.466718
2112	1609.934407	1897.659158
2113	1613.669482	1896.270533
2114	1663.385645	2009.118364
2115	1669.837600	2005.741642
2116	1363.630783	1078.464878
2117	1322.723451	1110.786196
2118	1283.604422	1139.935796
2119	1240.919163	1173.377065
2120	1213.243664	1193.685683
2121	1195.062892	1207.574041
2122	1682.178852	2035.046742
2123	1177.028619	1220.056041
2124	1155.316984	1237.891359
2125	1107.143774	1273.757923
2126	924.161668	1236.157125
2127	1115.784502	1187.540989
2128	1040.915456	1148.622542
2129	2816.523242	1837.835614
2130	1073.604170	1140.935677
2131	1244.157668	1106.860614
2132	1327.099155	1091.030468
2133	1343.269031	1088.405913
2134	1352.592996	1087.264118
2135	963.652061	1204.662827
2136	1000.560941	1179.990690
2137	1020.944007	1163.803003
2138	102.336103	180.562402
2139	2002.147136	1921.138413
2140	2019.507926	1917.501966
2141	1945.492251	1934.036652
2142	2026.325819	1917.745075
2143	2059.013450	883.175384
2144	2046.976163	865.366642
2145	627.887190	503.420209
2146	1888.230216	781.891256
2147	1887.435552	897.379306
2148	1894.551799	894.521245
2149	1900.929140	892.627349
2150	1905.284784	891.480864
2151	1907.886836	891.114908
2152	1913.205404	891.489848
2153	1916.672898	892.336790
2154	1920.761543	893.220437
2155	1925.975320	894.451762
2156	1918.015192	891.076929
2157	1919.693515	890.780544
2158	1920.785078	890.052927
2159	1921.506770	888.279357
2160	1915.949396	881.203862
2161	1912.624600	874.746445
2162	1911.309683	871.008392
2163	1910.064529	877.086034
2164	1925.431127	855.544066
2165	1928.263837	856.215939
2166	1921.882256	853.134757
2167	1834.691286	906.333195
2168	1033.334868	2066.534324
2169	1041.312357	2090.740869
2170	1054.719024	2140.772577
2171	1069.299478	2188.932169
2172	1073.664901	2202.022989
2173	1029.141845	2098.267130
2174	771.982141	1941.126872
2175	571.464793	2022.463581
2176	1396.043760	294.613949
2177	1837.164590	914.744426
2178	1386.810266	327.895518
2179	2069.541486	342.521104
2180	2449.177869	1461.637106
2181	2061.321708	888.611709
2182	2000.132564	931.998947
2183	2284.072186	863.994699
2184	1898.868611	869.176510
2185	2438.181365	1583.164104
2186	2351.945231	1559.233300
2187	2359.468434	1578.568956
2188	2255.016066	1563.611759
2189	1097.887699	1845.993192
2190	1208.420138	1777.727435
2191	1386.167576	1669.302706
2192	684.587147	997.690599
2193	2206.759841	958.555600
2194	688.194615	1025.074630
2195	2147.454956	1928.445276
2196	537.159708	2013.736123
2197	559.638943	2020.614802
2198	2289.496915	1432.483317
2199	2295.698887	1435.690440
2200	1032.134089	2108.908006
2201	1045.419192	2104.990908
2202	2024.244780	1499.605701
2203	1336.732418	1484.105885
2204	1353.550435	1518.146436
2205	2238.032506	1279.598260
2206	2233.306029	1278.888938
2207	2042.633147	1708.586239
2208	2035.394563	1692.350612
2209	2023.107247	1677.847535
2210	2016.946629	1675.327459
2211	2207.506693	1416.677256
2212	1807.641683	736.488913
2213	1802.338603	729.557781
2214	2193.165213	1383.526285
2215	2179.820172	1388.191654
2216	2118.807269	1445.502168
2217	2194.458782	1383.498784
2218	2195.765156	1384.325157
2219	2103.103972	1411.698005
2220	2105.264937	1412.223325
2221	2106.736197	1413.761668
2222	1398.784610	1596.962133
2223	1399.348932	1598.597403
2224	1401.402594	1601.360113
2225	1402.804044	1602.378498
2226	1404.386191	1603.093516
2227	1406.078836	1603.473386
2228	1407.812255	1603.508502
2229	1409.522185	1603.194691
2230	1411.134029	1602.544636
2231	1412.578889	1601.587539
2232	1413.798677	1600.357921
2233	1414.741122	1598.912360
2234	662.290215	826.400520
2235	664.862745	841.154911
2236	662.309791	839.318126
2237	1415.375218	1597.301437
2238	664.832036	827.466567
2239	1415.551235	1593.520511
2240	1414.925774	1591.526022
2241	1413.839647	1589.746583
2242	1412.343209	1588.286503
2243	1402.489227	1587.875556
2244	1410.539796	1587.226775
2245	1408.527161	1586.637418
2246	1398.856835	1592.828444
2247	1398.563970	1594.892448
2248	1406.434302	1586.548959
2249	1404.379052	1586.969976
2250	1400.881242	1589.207750
2251	1399.644427	1590.892547
2252	1405.686012	1580.552514
2253	1387.977728	1457.659262
2254	783.910640	1918.540952
2255	765.091571	1928.256509
2256	1339.099069	1485.996656
2257	790.225453	1931.246155
2258	1400.236242	1600.081573
2259	1387.958592	1565.284092
2260	1366.693418	1531.088840
2261	1342.263229	1490.926536
2262	1760.044420	607.371146
2263	1856.302832	537.307234
2264	1848.867670	274.209593
2265	1520.593413	806.379991
2266	1530.746939	835.626541
2267	2378.485669	1885.373086
2268	1518.441761	800.025200
2269	739.702696	1950.076773
2270	1444.296441	1056.721799
2271	1438.223312	1037.261069
2272	1428.677580	1007.435875
2273	1429.612956	1006.156877
2274	1430.110493	1004.659808
2275	1429.215453	1000.807438
2276	1428.045960	999.634330
2277	1425.742461	998.701715
2278	1423.799285	996.358153
2279	1403.929790	936.092041
2280	1396.684457	914.332313
2281	1378.449285	860.493007
2282	1365.188975	820.003426
2283	1365.689264	818.384273
2284	1365.967277	810.102965
2285	1359.901503	805.040778
2286	1354.601634	789.246419
2287	1356.367424	759.440690
2288	1356.770641	755.776948
2289	1354.697492	750.851486
2290	1352.241483	748.036312
2291	1348.163426	746.653443
2292	1332.336256	748.821278
2293	1321.414298	749.026452
2294	1313.245045	749.156294
2295	739.927749	498.778576
2296	751.113803	548.697233
2297	1287.698918	745.746457
2298	2241.889230	1279.643863
2299	2241.781013	1285.120448
2300	1176.668338	707.553377
2301	1144.410841	695.163007
2302	1134.689308	691.476808
2303	1127.055878	688.650136
2304	1106.856291	681.166346
2305	1081.670368	671.847734
2306	1051.869777	660.819510
2307	1000.106678	641.663138
2308	2224.300557	985.210459
2309	895.803438	603.062536
2310	874.703326	595.254446
2311	867.948440	592.753041
2312	847.868850	585.150602
2313	2296.585275	891.638316
2314	839.219690	579.350648
2315	2212.661360	993.921549
2316	1640.288186	714.648624
2317	1642.039470	719.786181
2318	2314.940717	918.137326
2319	1672.636502	709.500477
2320	1670.791945	703.749247
2321	2120.301089	984.297988
2322	1672.745245	703.053177
2323	1666.896251	711.430842
2324	2272.863937	985.909229
2325	1726.803464	690.448925
2326	2384.873431	1408.581961
2327	2290.929115	1011.332800
2328	2334.171031	943.025958
2329	2158.297444	1155.855776
2330	2350.891958	967.357787
2331	2153.818557	1158.746369
2332	2308.683823	1035.487307
2333	2329.511518	1060.807852
2334	1755.483995	670.270608
2335	1752.134218	663.902476
2336	1871.257890	757.121438
2337	1966.920163	686.743771
2338	2418.069505	1059.665028
2339	2415.152581	1065.600554
2340	2393.771451	1073.392356
2341	593.799911	590.853676
2342	627.656012	500.613027
2343	1740.676118	582.375059
2344	1837.652827	511.624606
2345	683.923664	532.251322
2346	680.074954	524.845707
2347	679.543013	526.482231
2348	1221.893663	857.492652
2349	679.584985	528.195230
2350	1229.396666	842.933796
2351	842.845512	583.089219
2352	1252.052952	808.661043
2353	672.486945	519.655477
2354	1213.748576	932.938310
2355	1281.180230	1030.582493
2356	2614.306419	1894.856103
2357	2158.211394	1166.650896
2358	55.459249	108.611470
2359	733.644578	1432.903000
2360	687.704957	1427.862451
2361	682.886313	1427.355449
2362	679.427059	1427.895397
2363	1734.534305	653.139797
2364	1717.081531	645.773981
2365	1707.989615	643.260844
2366	1703.517080	641.936158
2367	1691.375349	641.118612
2368	1680.833579	640.843849
2369	1670.866802	641.200245
2370	1647.441799	645.975308
2371	1632.334811	650.573303
2372	1375.655527	739.494674
2373	1350.857066	746.817868
2374	1339.837837	747.979096
2375	1326.233538	749.051252
2376	1315.627688	749.282970
2377	1311.739933	749.049729
2378	1319.792609	766.776578
2379	1326.043644	770.492547
2380	1339.524381	773.910140
2381	1352.868750	766.919871
2382	1356.896482	757.665622
2383	1353.854913	749.460640
2384	1351.200179	778.209303
2385	1351.937150	771.637623
2386	1355.023988	763.906537
2387	1362.212383	756.653744
2388	1376.983442	743.581865
2389	1389.689896	733.759905
2390	1344.279546	779.959815
2391	1311.846567	770.601185
2392	1298.972335	772.301209
2393	1287.653917	776.735775
2394	1612.327921	914.761605
2395	515.667266	1685.786314
2396	665.003788	837.247090
2397	581.978648	969.756774
2398	568.129777	1001.630004
2399	555.473487	1032.246402
2400	549.211623	1060.019213
2401	545.943702	1089.741372
2402	1534.723881	865.398498
2403	543.111071	1194.755098
2404	1084.598337	147.876233
2405	812.280191	1920.546211
2406	839.097344	1913.482813
2407	1501.987698	1147.397186
2408	1820.262983	487.861980
2409	1505.084435	757.967984
2410	1948.739790	662.249120
2411	1885.858485	898.161628
2412	1826.688466	918.544828
2413	1812.436840	915.570196
2414	1807.786927	936.057887
2415	653.937779	849.974721
2416	829.990476	568.931706
2417	1832.887789	1008.298499
2418	663.677020	829.726549
2419	1833.621404	1009.347802
2420	1836.604046	1010.532269
2421	813.407577	581.804655
2422	821.342955	584.735625
2423	1840.921548	1009.103687
2424	1842.930421	1006.498477
2425	1837.056940	988.592007
2426	1828.283138	963.570170
2427	823.007403	565.514467
2428	824.926304	583.732780
2429	830.558108	582.231349
2430	836.060113	581.914113
2431	1300.777269	752.361838
2432	1314.382929	763.641691
2433	1818.943469	966.991434
2434	840.132215	582.509336
2435	1350.751194	794.775189
2436	1353.238717	806.342069
2437	1362.764191	820.909290
2438	1364.130643	820.031539
2439	1364.809246	819.501244
2440	1365.840034	818.181384
2441	2104.807082	1978.871173
2442	1368.045447	813.508577
2443	2373.160266	988.493601
2444	1371.514710	812.175549
2445	1374.345652	811.255480
2446	1396.977994	803.934112
2447	1415.159184	797.545208
2448	1448.198614	785.686946
2449	1456.989440	782.604313
2450	1495.568220	769.174984
2451	1499.618060	768.733710
2452	1505.169189	770.479041
2453	1508.413509	768.879080
2454	1509.668042	767.266055
2455	1514.608938	763.966003
2456	1529.010023	759.127688
2457	1542.986385	753.682786
2458	1587.730533	738.691507
2459	1693.827575	702.044136
2460	1725.550722	690.891575
2461	1731.825241	688.683645
2462	1760.740689	682.055859
2463	1764.184130	682.270990
2464	1775.580847	672.460833
2465	1792.407680	649.661853
2466	1784.176938	638.355860
2467	2410.006503	1484.310671
2468	2404.958826	1485.593723
2469	2240.688183	1278.992728
2470	2242.878519	1288.951863
2471	2241.550636	1281.326068
2472	2228.318982	1274.474621
2473	2223.485568	1278.043843
2474	2219.614004	1279.313058
2475	2207.066232	1283.251472
2476	2212.662840	1283.132514
2477	2221.828370	1281.595477
2478	2230.900951	1279.711002
2479	2244.736777	1298.635190
2480	2018.900641	957.240910
2481	2079.532036	913.283242
2482	2293.824224	1385.724089
2483	2282.489578	1352.625641
2484	2279.915821	1351.548872
2485	2265.539562	1355.503906
2486	1826.517467	1760.188280
2487	1023.281127	247.796396
2488	1043.879136	259.625783
2489	519.686817	1606.555387
2490	527.686832	1595.052266
2491	538.413060	1579.996391
2492	580.148909	1532.843759
2493	619.766530	1494.145402
2494	643.712701	1466.831558
2495	670.401209	1440.457496
2496	678.667802	1431.150863
2497	1026.905538	241.945101
2498	1525.158217	1513.010169
2499	769.916768	555.616850
2500	1599.485815	891.096609
2501	803.471341	567.834390
2502	824.130295	565.251972
2503	2107.383235	1481.647043
2504	890.356681	461.991143
2505	1929.852618	1166.432650
2506	1993.779059	1731.273737
2507	2113.083396	1481.875227
2508	2640.492537	1873.434800
2509	1973.106721	452.231778
2510	1918.299821	376.351615
2511	1852.756152	332.320041
2512	1977.249316	910.915587
2513	1792.646860	376.089718
2514	1718.127352	275.221185
2515	1777.789310	355.978241
2516	1858.851770	296.033251
2517	1762.722432	335.582809
2518	1844.581399	277.373461
2519	1747.754677	315.323937
2520	1828.301516	255.766885
2521	2451.143775	1583.154999
2522	1813.886949	235.612639
2523	1733.403662	295.900556
2524	1798.901849	215.542637
2525	2443.253360	1580.510588
2526	2447.882940	1581.449423
2527	1778.113089	387.036963
2528	1800.270799	416.943447
2529	1780.257057	433.010167
2530	1742.824058	436.258135
2531	1732.108718	422.054288
2532	662.826437	829.966606
2533	626.864174	2002.135340
2534	1752.469408	671.610450
2535	1768.782068	677.175790
2536	1769.202629	678.592276
2537	1762.519765	682.722395
2538	627.669039	504.223584
2539	591.102027	596.496812
2540	650.697268	612.183753
2541	1953.065258	966.211982
2542	1949.413508	933.571307
2543	1943.350332	918.303404
2544	1929.021931	898.391474
2545	1911.825790	864.347246
2546	1909.581524	861.671692
2547	1911.884413	870.119830
2548	1906.405118	860.430307
2549	680.202303	529.801637
2550	1901.626567	861.558053
2551	1900.136243	862.898716
2552	1899.097745	864.612470
2553	1898.593418	866.547810
2554	767.432514	554.743664
2555	1900.267917	871.853398
2556	1909.230520	873.077069
2557	1917.569752	883.210477
2558	1910.750519	871.874438
2559	1884.239952	837.922991
2560	1744.520616	660.487059
2561	1759.077891	669.262318
2562	1762.331811	670.624050
2563	1765.581346	673.538881
2564	1765.944128	681.789818
2565	1792.064347	660.168572
2566	2147.327445	1145.972338
2567	2148.119202	1149.255614
2568	2147.014537	1153.139392
2569	2150.426480	1162.196234
2570	2153.092238	1169.610566
2571	1796.480528	656.835479
2572	1793.713433	651.458847
2573	1788.755250	655.208364
2574	1870.861851	1403.173203
2575	1752.229479	674.660556
2576	1508.510835	759.642115
2577	1510.334664	765.671104
2578	1870.676630	1394.724372
2579	781.435391	271.685523
2580	1497.686838	764.692652
2581	1506.059325	770.338050
2582	1510.495391	764.680405
2583	1500.312088	769.428871
2584	1503.148220	757.959323
2585	1506.925785	758.544407
2586	1362.802928	807.175326
2587	1360.766998	806.503239
2588	1356.953939	806.762033
2589	1366.897066	815.834861
2590	1365.877609	809.910749
2591	1352.689729	810.191956
2592	1351.836691	812.323364
2593	1351.650067	814.606956
2594	1352.157796	816.848010
2595	1359.343332	821.753198
2596	1364.945988	819.392945
2597	1366.162248	817.741886
2598	1497.819979	762.909393
2599	1366.757196	811.783351
2600	1498.896831	768.016943
2601	1429.642314	1001.513835
2602	1428.683217	1000.175393
2603	1424.907127	998.652967
2604	1429.918326	1005.429322
2605	1423.531742	998.859781
2606	686.435979	796.819954
2607	1420.393723	1001.428159
2608	1419.894769	1002.858701
2609	1419.836047	1004.368600
2610	1420.220183	1005.830231
2611	1425.110838	1008.959559
2612	1428.078937	1007.953370
2613	1429.194147	1006.831386
2614	1540.402242	869.603757
2615	1557.100523	870.429368
2616	1566.987808	870.618059
2617	1572.731842	872.886213
2618	1581.037433	877.656721
2619	1592.023035	884.716299
2620	1598.524195	890.140915
2621	1604.927704	896.504967
2622	1611.896648	913.345350
2623	1614.472180	921.776583
2624	1639.146622	988.995531
2625	1641.710987	990.627033
2626	1645.400177	991.336047
2627	1648.892681	990.845669
2628	1828.545549	908.554992
2629	1416.739957	975.293323
2630	1817.490468	931.891198
2631	1863.448767	896.081538
2632	1956.853179	883.312226
2633	1909.079714	822.746442
2634	1664.821660	287.603690
2635	1542.222369	867.679172
2636	1278.008677	744.022951
2637	1267.753582	740.891593
2638	1214.473781	888.728139
2639	507.749949	1819.951411
2640	2350.120317	1554.890439
2641	2341.270515	1532.266237
2642	2326.218779	1536.130221
2643	1314.751252	360.253162
2644	970.741957	332.432126
2645	1235.916123	387.592094
2646	1131.137940	522.045079
2647	1089.968917	2225.507909
2648	1084.443833	2222.203828
2649	1167.278668	191.411205
2650	1696.365435	75.651560
2651	1154.673862	416.907704
2652	1272.859444	313.185566
2653	1953.103869	1517.431722
2654	1392.696889	805.317718
2655	1102.098950	295.561979
2656	1535.564658	863.694453
2657	1372.106936	552.209616
2658	1421.692722	795.198426
2659	1508.880064	768.436513
2660	1325.225221	598.174538
2661	1123.430016	126.631166
2662	1253.106184	288.275793
2663	1990.630268	785.431737
2664	1230.875578	263.823749
2665	1972.147486	760.289053
2666	1435.826717	247.991224
2667	1165.100152	366.117637
2668	1320.948561	439.469321
2669	2855.814283	1828.166962
2670	1382.179400	437.609552
2671	1090.795217	474.412609
2672	1335.288261	382.550513
2673	1985.567724	1664.569698
2674	1989.176863	1825.572251
2675	1984.079211	1825.253702
2676	1226.937583	437.313939
2677	2023.064070	1798.178118
2678	1257.372690	664.665412
2679	1986.873188	265.518715
2680	1065.665600	447.454716
2681	1876.526442	1664.434188
2682	1047.339901	425.049553
2683	1765.309829	1835.526488
2684	1268.069196	484.852319
2685	1812.463432	1816.639968
2686	1303.333238	620.172863
2687	1141.428939	171.074296
2688	1215.836246	362.916770
2689	1151.279687	544.855274
2690	1291.746312	463.786561
3132	1
0	174	1837	2
1	1837	838	2
2	838	830	2
3	830	1085	2
4	1085	831	2
5	831	162	2
6	735	1361	2
7	1361	1369	2
8	67	128	2
9	128	1829	2
10	1829	1828	2
11	1828	12	2
12	2688	2652	2
13	2652	111	2
14	111	35	2
15	38	2686	2
16	48	2688	2
17	2688	2645	2
18	2690	2657	2
19	2646	2676	2
20	2676	2643	2
21	2643	71	2
22	0	2660	2
23	83	33	2
24	2680	1785	2
25	1785	2667	2
26	2667	48	2
27	48	2662	2
28	2662	70	2
29	70	76	2
30	2678	50	2
31	50	2689	2
32	2689	2646	2
33	2646	34	2
34	34	2671	2
35	2671	2680	2
36	2680	2682	2
37	2682	87	2
38	87	18	2
39	18	1571	2
40	1571	2644	2
41	87	67	2
42	67	127	2
43	127	2655	2
44	2655	2649	2
45	2649	49	2
46	34	1791	2
47	1791	43	2
48	43	2645	2
49	2645	3	2
50	3	1769	2
51	1769	4	2
52	2649	1828	2
53	1828	2664	2
54	2664	2662	2
55	2662	2652	2
56	2652	3	2
57	3	2643	2
58	2643	2672	2
59	2672	36	2
60	36	788	2
61	788	2670	2
62	72	24	2
63	24	2655	2
64	2655	1829	2
65	1829	37	2
66	37	2667	2
67	2667	43	2
68	43	2676	2
69	2676	51	2
70	51	2684	2
71	2684	74	2
72	2682	37	2
73	37	2664	2
74	2689	51	2
75	51	2672	2
76	18	24	2
77	24	2687	2
78	2671	2651	2
79	2668	124	2
80	547	551	2
81	551	1764	2
82	1764	1758	2
83	1758	550	2
84	545	1878	2
85	1878	429	2
86	429	1162	2
87	542	553	2
88	553	1765	2
89	1765	1760	2
90	1760	554	2
91	2679	1773	2
92	1773	547	2
93	547	1779	2
94	1779	542	2
95	542	1267	2
96	461	1632	2
97	1632	645	2
98	645	2665	2
99	2665	458	2
100	1145	1499	1
101	1499	1146	1
102	1146	1148	1
103	1148	1152	1
104	1152	1155	1
105	1155	1160	1
106	1160	1164	1
107	1164	1174	1
108	1174	2207	1
109	2207	364	1
110	364	1592	1
111	1155	1124	2
112	1124	1121	2
113	1121	1045	2
114	1045	2507	2
115	1044	1063	2
116	1063	1089	2
117	1175	1166	1
118	1166	451	1
119	451	2210	1
120	2210	1144	1
121	1144	1142	1
122	1142	1132	1
123	1132	229	1
124	229	1099	1
125	1099	1060	1
126	1060	1046	1
127	1046	836	1
128	836	492	1
129	988	1781	2
130	1781	1000	2
131	1000	1004	2
132	1004	1784	2
133	1784	1021	2
134	1021	1031	2
135	1031	495	2
136	495	1037	2
137	1037	1045	2
138	1045	1055	2
139	1144	488	1
140	488	1138	1
141	1138	1131	1
142	1131	1124	1
143	1124	1113	1
144	1113	1109	1
145	1109	1106	1
146	1106	1102	1
147	1102	1095	1
148	1095	2186	1
149	2186	530	1
150	530	1061	1
151	508	874	2
152	874	881	2
153	881	481	2
154	481	896	2
155	896	527	2
156	527	905	2
157	905	474	2
158	474	496	2
159	496	536	2
160	536	499	2
161	499	956	2
162	956	957	2
163	957	487	2
164	487	989	2
165	989	475	2
166	475	2180	2
167	2180	1009	2
168	1009	1019	2
169	1019	1020	2
170	1020	531	2
171	531	529	2
172	529	491	2
173	491	52	2
174	52	462	2
175	870	63	1
176	889	2479	2
177	2479	1365	2
178	1365	901	2
179	901	559	2
180	559	2485	2
181	2485	1366	2
182	1366	300	2
183	300	946	2
184	946	299	2
185	299	1391	2
186	899	519	2
187	519	2215	2
188	2215	973	2
189	973	998	2
190	998	999	2
191	999	1031	2
192	1031	497	2
193	497	1093	2
194	1093	1107	2
195	1107	1109	2
196	1109	1122	2
197	1122	319	2
198	319	1148	2
199	2160	2557	2
200	2557	2159	2
201	2159	2155	2
202	2155	2544	2
203	2544	2543	2
204	2543	2542	2
205	2542	2541	2
206	2541	463	2
207	453	471	2
208	471	995	2
209	995	470	2
210	470	993	2
211	993	991	2
212	991	480	2
213	480	978	2
214	978	524	2
215	524	953	2
216	496	5	2
217	5	924	2
218	924	926	2
219	926	939	2
220	939	2482	2
221	2482	1366	2
222	1366	1897	2
223	1897	955	2
224	955	2211	2
225	2211	973	2
226	973	456	2
227	456	2216	2
228	2216	992	2
229	500	731	1
230	731	1602	1
231	1422	2647	1
232	2647	2648	1
233	2648	413	1
234	413	412	1
235	412	2172	1
236	2172	2171	1
237	2171	1993	1
238	1993	595	1
239	595	2170	1
240	2170	647	1
241	647	2201	1
242	2201	2169	1
243	2169	2168	1
244	2168	1600	1
245	1600	1590	1
246	1590	1588	1
247	1588	1585	1
248	1585	1583	1
249	1583	1581	1
250	1581	1578	1
251	1578	1573	1
252	1573	581	1
253	581	1569	1
254	1569	642	1
255	642	1567	1
256	1567	598	1
257	598	1566	1
258	1566	611	1
259	611	1568	1
260	1568	610	1
261	610	1570	1
262	1570	2254	1
263	2254	2255	1
264	2255	224	1
265	224	671	1
266	882	887	1
267	887	2473	1
268	2473	2474	1
269	2474	890	1
270	58	1005	2
271	1005	1008	2
272	1008	53	2
273	53	54	2
274	54	728	2
275	728	1012	2
276	1012	60	2
277	60	726	2
278	726	727	2
279	727	1014	2
280	1014	2503	2
281	2503	55	2
282	55	492	2
283	492	59	2
284	59	2507	2
285	2507	1844	2
286	1844	56	2
287	56	1013	2
288	1013	1011	2
289	1011	57	2
290	57	1010	2
291	1010	1007	2
292	1007	58	2
293	877	1318	2
294	1318	879	2
295	879	1891	2
296	1891	882	2
297	882	2472	2
298	2472	1321	2
299	1321	2206	2
300	2206	888	2
301	888	2205	2
302	2205	2469	2
303	2469	1328	2
304	1328	886	2
305	886	883	2
306	883	878	2
307	878	1202	2
308	1202	876	2
309	876	875	2
310	875	877	2
311	1159	1152	2
312	1152	494	2
313	494	1130	2
314	1130	1022	2
315	1022	1351	2
316	1351	1018	2
317	1018	1128	2
318	1128	1113	2
319	1113	1110	2
320	1110	1103	2
321	1103	1084	2
322	1084	1354	2
323	1354	1355	2
324	1355	1087	2
325	1126	1125	2
326	1125	1101	2
327	1101	1063	2
328	1063	1034	2
329	1034	1033	2
330	1033	990	2
331	990	1332	2
332	1332	1331	2
333	1331	970	2
334	970	972	2
335	972	940	2
336	349	1187	1
337	1187	1184	1
338	1184	350	1
339	350	360	1
340	360	1180	1
341	1180	1179	1
342	1179	1178	1
343	1178	1173	1
344	1173	1171	1
345	1171	1168	1
346	1168	1161	1
347	1161	1159	1
348	1159	1157	1
349	1157	1154	1
350	1154	1153	1
351	1153	1151	1
352	1151	1149	1
353	1149	1147	1
354	349	505	2
355	505	1181	2
356	1181	1592	2
357	1592	1175	2
358	1175	1172	2
359	1172	1169	2
360	1169	1163	2
361	1163	351	2
362	351	1165	2
363	1165	365	2
364	365	1170	2
365	1170	354	2
366	354	1176	2
367	1176	1183	2
368	1183	1186	2
369	1186	1188	2
370	1188	1190	2
371	1190	1593	2
372	1593	1192	2
373	1192	2506	2
374	2506	1193	2
375	1193	1191	2
376	1191	1189	2
377	1189	348	2
378	348	349	2
379	895	914	2
380	1229	1233	2
381	1127	1125	2
382	1225	1247	2
383	907	897	2
384	923	955	2
385	1392	1004	2
386	1004	1782	2
387	1782	2642	2
388	2642	1092	2
389	1092	1095	2
390	1095	1027	2
391	1027	476	2
392	476	1145	2
393	877	629	1
394	629	873	1
395	873	871	1
396	871	885	1
397	885	657	1
398	657	631	1
399	631	2357	1
400	2357	632	1
401	632	623	1
402	623	2329	1
403	866	869	2
404	869	884	2
405	1500	476	2
406	476	1120	2
407	1120	1501	2
408	1009	2467	2
409	2467	2468	2
410	1149	1229	2
411	1229	1230	2
412	1013	999	1
413	999	66	1
414	66	984	1
415	984	296	1
416	1036	1003	2
417	1003	811	2
418	2198	981	1
419	981	277	1
420	277	998	1
421	998	1010	1
422	947	1336	1
423	1336	1335	1
424	1335	976	1
425	976	971	1
426	1087	1104	2
427	1104	1352	2
428	1352	1353	2
429	1353	1103	2
430	1043	424	1
431	424	425	1
432	425	2653	1
433	2653	1034	1
434	1034	2202	1
435	2202	1023	1
436	1023	1014	1
437	1026	983	2
438	983	1323	2
439	1323	1324	2
440	1324	987	2
441	1153	1200	2
442	1200	1415	2
443	1415	1416	2
444	1416	1201	2
445	1201	1418	2
446	1418	1199	2
447	929	1334	2
448	1334	1333	2
449	1333	952	2
450	952	951	2
451	1174	488	2
452	488	1139	2
453	1139	1132	2
454	1141	1140	2
455	1140	2673	2
456	2673	460	2
457	1042	1350	2
458	1350	1349	2
459	1349	1039	2
460	1039	1065	2
461	1216	1414	2
462	1414	1244	2
463	920	951	2
464	951	987	2
465	987	1029	2
466	1029	2202	2
467	1108	1101	2
468	1101	1097	2
469	915	935	2
470	935	933	2
471	886	1397	1
472	1397	880	1
473	880	872	1
474	1199	1417	2
475	1417	1197	2
476	1197	1151	2
477	1209	1203	2
478	1203	1412	2
479	1412	1154	2
480	1218	1215	2
481	1215	1212	2
482	1212	153	2
483	153	1161	2
484	1157	154	2
485	154	1209	2
486	1168	1220	2
487	1220	1218	2
488	898	1316	2
489	1316	1315	2
490	1315	897	2
491	1204	1207	2
492	1207	1413	2
493	1413	1243	2
494	1245	151	2
495	151	1217	2
496	1217	1216	2
497	1114	1118	2
498	1118	1359	2
499	1359	1360	2
500	1360	1362	2
501	1362	1137	2
502	1145	501	2
503	1055	1129	2
504	1129	1131	2
505	1131	1160	2
506	1005	992	2
507	992	537	2
508	537	933	2
509	933	911	2
510	1180	1231	2
511	456	944	2
512	944	921	2
513	921	1341	2
514	1341	1342	2
515	1342	925	2
516	1179	1164	2
517	1164	1138	2
518	1138	1136	2
519	1136	1099	2
520	919	483	2
521	483	481	2
522	481	869	2
523	869	865	2
524	1242	1233	2
525	1233	1205	2
526	1205	1204	2
527	1000	804	2
528	804	809	2
529	809	803	2
530	803	808	2
531	808	806	2
532	990	1330	2
533	1330	1329	2
534	1329	997	2
535	997	974	2
536	974	1327	2
537	1327	972	2
538	2199	969	1
539	969	329	1
540	900	1344	2
541	1344	1343	2
542	1343	916	2
543	916	519	2
544	1842	950	1
545	950	956	1
546	956	959	1
547	959	324	1
548	867	884	2
549	884	331	2
550	331	5	2
551	906	925	2
552	925	945	2
553	945	1339	2
554	1339	1340	2
555	1340	944	2
556	939	907	2
557	907	1314	2
558	1314	1313	2
559	1313	910	2
560	910	898	2
561	898	1396	2
562	1396	880	2
563	1102	1114	2
564	1114	1134	2
565	1134	1358	2
566	1358	1135	2
567	1135	1137	2
568	1137	1146	2
569	1246	152	2
570	152	1222	2
571	1222	1225	2
572	1225	1227	2
573	1227	1248	2
574	914	1322	2
575	1322	1325	2
576	1325	927	2
577	927	923	2
578	923	912	2
579	912	1319	2
580	1319	1320	2
581	1320	914	2
582	1021	1042	2
583	1042	1348	2
584	1348	1347	2
585	1347	1066	2
586	1066	1065	2
587	1065	1100	2
588	1100	1102	2
589	2506	1194	1
590	1194	1196	1
591	1196	2677	1
592	2677	1635	1
593	1635	817	1
594	817	84	1
595	2503	835	1
596	835	1818	1
597	1818	1044	1
598	1044	1097	1
599	1097	68	1
600	68	1126	1
601	1126	1141	1
602	1141	1158	1
603	1158	1163	1
604	804	805	2
605	805	1024	2
606	1024	807	2
607	807	806	2
608	806	1068	2
609	1068	530	2
610	530	1120	2
611	1012	1016	1
612	1016	1026	1
613	1026	1029	1
614	1029	1033	1
615	1033	1035	1
616	1035	1036	1
617	1036	1040	1
618	1093	1090	2
619	1090	1091	2
620	1091	2188	2
621	2188	1105	2
622	1105	1106	2
623	1106	810	2
624	810	1117	2
625	1117	1119	2
626	1119	1122	2
627	1173	164	2
628	164	1226	2
629	1226	1236	2
630	1236	133	2
631	133	165	2
632	165	1178	2
633	176	991	1
634	991	1019	1
635	1019	1051	1
636	1051	1058	1
637	759	2467	1
638	2467	966	1
639	966	330	1
640	1115	2521	1
641	2521	1057	1
642	1057	1050	1
643	1050	1020	1
644	1020	993	1
645	993	968	1
646	209	2182	2
647	2182	2181	2
648	2181	2481	2
649	2481	2480	2
650	2535	2563	2
651	2563	2562	2
652	2562	2561	2
653	2561	2334	2
654	2334	2534	2
655	2534	2575	2
656	2575	1285	2
657	1285	96	2
658	96	2462	2
659	2462	2537	2
660	2537	2463	2
661	2463	2564	2
662	2564	2536	2
663	2536	2535	2
664	2547	717	1
665	717	718	1
666	718	2545	1
667	2545	712	1
668	712	2546	1
669	2546	27	1
670	27	2548	1
671	2548	713	1
672	713	714	1
673	714	2550	1
674	2550	2551	1
675	2551	2552	1
676	2552	2553	1
677	2553	719	1
678	719	2184	1
679	2184	710	1
680	710	2555	1
681	2555	711	1
682	711	720	1
683	720	715	1
684	715	716	1
685	716	2556	1
686	2556	2558	1
687	2558	2162	1
688	2162	2547	1
689	2550	2559	2
690	2559	230	2
691	230	2212	2
692	2212	2213	2
693	2213	400	2
694	400	388	2
695	2573	2565	1
696	2565	1637	1
697	1637	1822	1
698	1822	1821	1
699	1821	1689	1
700	1689	1690	1
701	1690	1561	1
702	1561	722	1
703	722	723	1
704	723	2633	1
705	2633	15	1
706	15	23	1
707	23	22	1
708	22	16	1
709	16	2632	1
710	2535	2464	1
711	2464	2565	1
712	2565	2571	1
713	2572	2573	1
714	2575	2322	1
715	2322	2320	1
716	2320	2316	1
717	2316	932	1
718	932	1286	1
719	1286	11	1
720	11	1514	1
721	1514	936	1
722	936	2576	1
723	2577	2455	1
724	2455	2456	1
725	2456	2457	1
726	2457	1071	1
727	1071	732	1
728	732	1070	1
729	1070	2458	1
730	2458	1287	1
731	1287	13	1
732	13	1094	1
733	1094	2317	1
734	2317	2323	1
735	2323	2319	1
736	2319	2459	1
737	2459	2460	1
738	2460	2325	1
739	2325	2461	1
740	2461	96	1
741	2452	2581	1
742	2581	1086	1
743	1086	1080	1
744	1080	2453	1
745	2589	448	1
746	448	442	1
747	442	2599	1
748	2599	2284	1
749	2284	2590	1
750	2590	449	1
751	449	434	1
752	434	2586	1
753	2586	2587	1
754	2587	435	1
755	435	2588	1
756	2588	436	1
757	436	437	1
758	437	2591	1
759	2591	2592	1
760	2592	2593	1
761	2593	2594	1
762	2594	438	1
763	438	439	1
764	439	440	1
765	440	2595	1
766	2595	441	1
767	441	2437	1
768	2437	443	1
769	443	2438	1
770	2438	2439	1
771	2439	2596	1
772	2596	2283	1
773	2283	2440	1
774	2440	2597	1
775	2597	2589	1
776	2598	1289	1
777	1289	1150	1
778	1150	1291	1
779	1291	1910	1
780	1910	449	1
781	448	2442	1
782	2442	447	1
783	447	2444	1
784	2444	2445	1
785	2445	2654	1
786	2654	2446	1
787	2446	1292	1
788	1292	2447	1
789	2447	2658	1
790	2658	687	1
791	687	2448	1
792	2448	1290	1
793	1290	2449	1
794	2449	2450	1
795	2450	2600	1
796	2604	2274	2
797	2274	1249	2
798	1249	846	2
799	846	1250	2
800	1250	2601	2
801	2601	2275	2
802	2275	2602	2
803	2602	2276	2
804	2276	1234	2
805	1234	1235	2
806	1235	2277	2
807	2277	2603	2
808	2603	2605	2
809	2605	1237	2
810	1237	1240	2
811	1240	2607	2
812	2607	2608	2
813	2608	2609	2
814	2609	2610	2
815	2610	1241	2
816	1241	1238	2
817	1238	1701	2
818	1701	2611	2
819	2611	1239	2
820	1239	2612	2
821	2612	2272	2
822	2272	2613	2
823	2613	2273	2
824	2273	2604	2
825	2595	445	1
826	445	1923	1
827	1923	1825	1
828	1825	721	1
829	721	2607	1
830	2603	2278	1
831	2278	2629	1
832	2629	2279	1
833	2279	1740	1
834	1740	2280	1
835	2280	797	1
836	797	2281	1
837	2281	444	1
838	444	2282	1
839	2282	2596	1
840	2614	1757	1
841	2184	709	2
842	709	857	2
843	857	408	2
844	408	452	2
845	452	2631	2
846	2631	1296	2
847	1296	2167	2
848	2167	407	2
849	407	2628	2
850	2560	2363	2
851	2363	2364	2
852	2364	2365	2
853	2365	2366	2
854	2366	2367	2
855	2367	2368	2
856	2368	2369	2
857	2369	2370	2
858	2370	2371	2
859	2371	1513	2
860	2587	2285	1
861	2285	216	1
862	216	2286	1
863	2286	1912	1
864	1912	2384	1
865	2384	2385	1
866	2385	2381	1
867	2393	2392	1
868	2392	2391	1
869	2391	2379	1
870	1667	1658	2
871	1658	1693	2
872	1693	1686	2
873	1686	1685	2
874	1685	1684	2
875	1684	1683	2
876	1683	1696	2
877	1696	1682	2
878	1682	1673	2
879	1673	1672	2
880	1672	1671	2
881	1671	1669	2
882	1669	1681	2
883	1681	1680	2
884	1680	1694	2
885	1694	1678	2
886	1678	1676	2
887	1676	1675	2
888	1675	1668	2
889	1668	1667	2
890	1694	184	1
891	184	1434	1
892	1666	1695	1
893	1695	182	1
894	182	1696	1
895	1701	1700	1
896	1700	1699	1
897	1699	1410	1
898	1410	1411	1
899	1411	1697	1
900	1697	1419	1
901	1419	1911	1
902	1911	183	1
903	183	1669	1
904	1672	1704	1
905	1704	1420	1
906	1420	1703	1
907	1703	1409	1
908	1409	2270	1
909	2270	1702	1
910	1702	2271	1
911	2271	185	1
912	185	2612	1
913	846	179	1
914	179	180	1
915	180	1707	1
916	1718	1732	1
917	1732	1722	1
918	1722	1723	1
919	2623	1725	1
920	1725	1726	1
921	1726	1827	1
922	1827	1727	1
923	1727	1730	1
924	1730	1718	1
925	2377	1736	1
926	1736	2431	1
927	2431	90	1
928	1752	220	1
929	220	221	1
930	221	222	1
931	222	2614	1
932	2614	1751	1
933	1751	2635	1
934	2635	1750	1
935	1750	1749	1
936	1749	217	1
937	217	1747	1
938	1747	1746	1
939	1746	1742	1
940	1742	1745	1
941	1745	218	1
942	218	2656	1
943	2656	219	1
944	219	2402	1
945	2402	1756	1
946	1756	1753	1
947	1753	1752	1
948	1757	1750	1
949	1096	1098	2
950	1098	2512	2
951	2181	2143	2
952	2143	2144	2
953	2144	1096	2
954	1096	1627	2
955	1627	1677	2
956	1677	1679	2
957	1679	1743	2
958	1743	1755	2
959	1679	1853	2
960	1853	39	2
961	39	1866	2
962	1866	2663	2
963	2663	1744	2
964	1744	2062	2
965	2663	2665	2
966	645	646	2
967	646	2146	2
968	2146	1561	2
969	2336	2337	2
970	2337	2410	2
971	2410	120	2
972	120	1821	2
973	1822	227	2
974	227	228	2
975	696	697	2
976	697	763	2
977	763	228	2
978	2571	1428	1
979	1428	1429	2
980	1429	1301	2
981	1301	1900	2
982	1900	226	2
983	2262	2263	2
984	2263	1429	2
985	2343	2344	2
986	2344	2408	2
987	1261	2408	2
988	2408	387	2
989	387	1870	2
990	1261	1706	2
991	1706	1262	2
992	1262	1263	2
993	1263	430	2
994	1262	1264	2
995	1264	1265	2
996	1265	1792	2
997	1266	1562	2
998	1562	1268	2
999	1268	1269	2
1000	1270	1371	2
1001	1371	1271	2
1002	1271	1372	2
1003	1372	1373	2
1004	1373	1375	2
1005	1375	1374	2
1006	1374	1803	2
1007	1270	1272	2
1008	1272	1273	2
1009	1274	1275	2
1010	1274	1276	2
1011	1276	1001	2
1012	1275	1277	2
1013	2017	2018	2
1014	2017	2019	2
1015	2019	891	2
1016	2018	2020	2
1017	2022	2021	2
1018	2021	1232	2
1019	2022	2023	2
1020	2023	2024	2
1021	2024	1563	2
1022	2025	2027	1
1023	1761	2026	1
1024	2029	2030	2
1025	2030	2031	2
1026	2029	2032	2
1027	2030	2033	2
1028	2033	1260	2
1029	2031	2034	2
1030	2035	2036	1
1031	2035	2037	2
1032	2037	142	2
1033	2038	2321	2
1034	2321	2039	2
1035	2039	1492	2
1036	1492	2036	2
1037	2036	2040	2
1038	2043	2308	2
1039	2043	2193	2
1040	2193	2313	2
1041	2315	2308	2
1042	2308	2318	2
1043	2318	290	2
1044	2321	1731	2
1045	2324	2327	2
1046	2324	2328	2
1047	2327	2330	2
1048	2330	289	2
1049	2332	2333	2
1050	2332	2063	2
1051	2063	2443	2
1052	2333	2055	2
1053	2333	2056	2
1054	8	1530	2
1055	1530	7	2
1056	7	1257	2
1057	656	1960	2
1058	1960	202	2
1059	202	1634	2
1060	1634	199	2
1061	199	200	2
1062	203	201	2
1063	202	201	2
1064	201	204	2
1065	762	205	2
1066	205	204	2
1067	928	374	2
1068	374	377	2
1069	377	2315	2
1070	930	375	2
1071	375	1731	2
1072	1731	376	2
1073	376	377	2
1074	272	273	1
1075	273	2329	1
1076	2329	264	1
1077	264	628	1
1078	628	265	1
1079	265	266	1
1080	266	198	1
1081	198	267	1
1082	267	624	1
1083	624	626	1
1084	626	268	1
1085	268	269	1
1086	269	625	1
1087	625	2567	1
1088	2567	627	1
1089	627	2568	1
1090	2568	270	1
1091	270	271	1
1092	271	621	1
1093	621	622	1
1094	622	2331	1
1095	2331	272	1
1096	2408	702	2
1097	702	703	2
1098	1705	1708	1
1099	1708	2529	1
1100	2529	703	1
1101	1261	704	2
1102	1706	1709	2
1103	1709	1710	2
1104	1710	1711	2
1105	704	1711	1
1106	1711	764	1
1107	1712	2528	1
1108	2528	1705	1
1109	1266	2509	2
1110	2509	569	2
1111	1710	2510	2
1112	2511	420	2
1113	420	1712	2
1114	1612	47	2
1115	47	2511	2
1116	2511	2513	2
1117	2520	2519	2
1118	2519	2517	2
1119	2517	2518	2
1120	2518	2264	2
1121	1767	1284	2
1122	1284	1282	2
1123	1282	1283	2
1124	1283	2522	2
1125	2522	2523	2
1126	2070	1267	1
1127	1267	1612	1
1128	1612	2264	1
1129	2264	1768	1
1130	1768	1767	1
1131	1767	1167	1
1132	1182	1195	2
1133	1195	2527	2
1134	2527	1198	2
1135	1198	1408	2
1136	2650	1759	1
1137	1759	1763	1
1138	1763	540	1
1139	540	2524	1
1140	2524	2522	1
1141	2522	2520	1
1142	2520	2518	1
1143	2518	2516	1
1144	2516	47	1
1145	47	1713	1
1146	1713	2510	1
1147	2510	1263	1
1148	1263	1265	1
1149	1265	2509	1
1150	2509	1269	1
1151	1269	1271	1
1152	1271	1804	1
1153	1804	1273	1
1154	1273	1276	1
1155	1276	1277	1
1156	1277	2019	1
1157	2019	2020	1
1158	2020	1670	1
1159	1670	2021	1
1160	2021	2024	1
1161	2024	2027	1
1162	2027	1761	1
1163	1761	2028	1
1164	2028	2032	1
1165	2032	2033	1
1166	2033	2034	1
1167	2034	834	1
1168	834	2037	1
1169	2037	2040	1
1170	2040	2313	1
1171	2313	2318	1
1172	2318	2328	1
1173	2328	1819	1
1174	1819	2330	1
1175	2330	2063	1
1176	2063	2055	1
1177	2055	1257	1
1178	344	2340	2
1179	2340	6	2
1180	6	8	2
1181	8	2056	2
1182	2056	200	2
1183	200	1964	2
1184	1964	1955	2
1185	1257	1528	1
1186	1528	342	1
1187	342	343	1
1188	343	1529	1
1189	1529	344	1
1190	77	816	1
1191	816	1636	1
1192	1636	457	1
1193	457	346	1
1194	346	348	1
1195	63	926	1
1196	926	962	1
1197	962	318	1
1198	63	893	2
1199	61	62	2
1200	62	1311	2
1201	1311	1312	2
1202	1312	63	2
1203	678	680	1
1204	680	2051	1
1205	2051	1281	1
1206	1281	99	1
1207	99	2052	1
1208	2052	2075	1
1209	2075	2053	1
1210	2053	2054	1
1211	2054	2077	1
1212	2077	2057	1
1213	2057	2112	1
1214	2112	2058	1
1215	2058	2060	1
1216	2060	2114	1
1217	2114	2061	1
1218	2061	2059	1
1219	2059	2064	1
1220	2064	1002	1
1221	1002	2071	1
1222	2396	2235	2
1223	2235	937	2
1224	937	1834	2
1225	1834	145	2
1226	145	144	2
1227	144	2192	2
1228	2192	2194	2
1229	2194	2072	2
1230	2072	2073	2
1231	2073	1986	2
1232	1986	1987	2
1233	1987	2065	2
1234	2065	1988	2
1235	1988	2066	2
1236	2066	195	2
1237	195	2126	2
1238	2126	2067	2
1239	2067	2068	2
1240	2068	2069	2
1241	2046	450	1
1242	450	2041	1
1243	2041	385	1
1244	385	2042	1
1245	2042	2122	1
1246	2122	2115	1
1247	2115	922	1
1248	922	2044	1
1249	2044	2113	1
1250	2113	2045	1
1251	2045	2047	1
1252	2047	2078	1
1253	2078	2048	1
1254	2048	2076	1
1255	2076	98	1
1256	98	2049	1
1257	2049	588	1
1258	588	2050	1
1259	2050	679	1
1260	679	681	1
1261	681	2074	1
1262	423	2078	2
1263	2078	2681	2
1264	2681	2079	2
1265	2086	2088	2
1266	2088	2080	2
1267	2080	140	2
1268	140	139	2
1269	139	2081	2
1270	2081	2082	2
1271	2082	2083	2
1272	2083	2087	2
1273	2087	2085	2
1274	2085	2084	2
1275	2085	641	2
1276	641	2086	2
1277	2087	2088	2
1278	2102	796	1
1279	796	795	1
1280	795	794	1
1281	794	2090	1
1282	2090	2089	1
1283	2089	2084	1
1284	2084	2204	1
1285	2204	661	1
1286	661	2246	1
1287	2102	2091	2
1288	2091	2095	2
1289	2095	2092	2
1290	2092	2093	2
1291	2093	635	2
1292	635	2100	2
1293	2100	2094	2
1294	2095	2094	2
1295	2094	2096	2
1296	2096	2097	2
1297	2097	2098	2
1298	2099	2098	2
1299	2098	2090	2
1300	2100	2099	2
1301	2099	2101	2
1302	2101	2083	2
1303	2103	509	2
1304	509	742	2
1305	742	2107	2
1306	2107	1857	2
1307	1857	2104	2
1308	2105	2106	2
1309	2107	2106	2
1310	2106	2110	2
1311	2110	1860	2
1312	1860	2108	2
1313	2256	2253	2
1314	2253	2108	2
1315	2109	2110	2
1316	2110	2111	2
1317	2112	2113	2
1318	2113	2683	2
1319	2683	2685	2
1320	2685	373	2
1321	373	1475	2
1322	1475	1476	2
1323	1476	274	2
1324	922	1895	2
1325	1895	1894	2
1326	1894	275	2
1327	275	283	2
1328	283	274	2
1329	1554	1553	2
1330	1553	1552	2
1331	1552	1556	2
1332	2141	1551	2
1333	1551	282	2
1334	282	2675	2
1335	2675	287	2
1336	1038	1015	2
1337	1015	862	2
1338	862	863	2
1339	863	864	2
1340	864	865	2
1341	865	867	2
1342	867	868	2
1343	868	870	2
1344	870	61	2
1345	61	872	2
1346	464	1278	1
1347	1278	500	1
1348	500	472	2
1349	472	97	2
1350	97	852	2
1351	852	100	2
1352	100	101	2
1353	101	1433	2
1354	1433	102	2
1355	102	103	2
1356	103	2407	2
1357	2407	1666	2
1358	729	730	1
1359	730	463	1
1360	799	109	1
1361	109	802	1
1362	802	725	1
1363	725	958	1
1364	958	729	1
1365	729	861	1
1366	861	801	1
1367	801	490	1
1368	490	464	1
1369	464	2505	1
1370	2505	1602	1
1371	1602	9	1
1372	9	1516	1
1373	1516	1279	1
1374	1279	1515	1
1375	1515	799	1
1376	1601	789	1
1377	789	820	1
1378	820	821	1
1379	821	822	1
1380	822	823	1
1381	823	824	1
1382	824	1088	1
1383	1088	1293	1
1384	1293	825	1
1385	1582	249	2
1386	249	231	2
1387	585	225	2
1388	225	366	2
1389	366	367	2
1390	367	233	2
1391	233	135	2
1392	135	134	2
1393	134	1618	2
1394	1618	263	2
1395	570	235	2
1396	246	247	2
1397	247	658	2
1398	658	582	2
1399	582	248	2
1400	248	567	2
1401	567	249	2
1402	249	603	2
1403	603	250	2
1404	250	584	2
1405	584	251	2
1406	251	570	2
1407	570	579	2
1408	579	252	2
1409	252	590	2
1410	590	589	2
1411	589	253	2
1412	253	366	2
1413	366	254	2
1414	254	126	2
1415	126	1496	2
1416	1496	255	2
1417	255	256	2
1418	302	291	2
1419	291	303	2
1420	303	1905	2
1421	1905	276	2
1422	276	278	2
1423	278	304	2
1424	304	284	2
1425	585	223	1
1426	223	2174	1
1427	2174	2257	1
1428	2257	1576	1
1429	1576	2405	1
1430	2405	1574	1
1431	1574	2406	1
1432	2406	1572	1
1433	1572	594	1
1434	594	1575	1
1435	1575	1577	1
1436	1577	670	1
1437	670	1579	1
1438	1579	1580	1
1439	1580	1582	1
1440	1582	572	1
1441	572	1586	1
1442	1586	665	1
1443	665	1589	1
1444	1589	673	1
1445	673	1598	1
1446	1598	238	1
1447	238	2173	1
1448	2173	2200	1
1449	2200	566	1
1450	566	682	1
1451	252	1572	2
1452	599	575	2
1453	575	668	2
1454	668	586	2
1455	586	601	2
1456	601	571	2
1457	571	563	2
1458	563	640	2
1459	640	591	2
1460	591	694	2
1461	694	664	2
1462	664	607	2
1463	607	675	2
1464	675	652	2
1465	560	692	2
1466	692	659	2
1467	599	1566	2
1468	666	1581	2
1469	561	1588	2
1470	1600	593	2
1471	593	561	2
1472	561	672	2
1473	672	666	2
1474	666	576	2
1475	576	674	2
1476	674	652	2
1477	652	691	2
1478	691	690	2
1479	690	604	2
1480	604	643	2
1481	643	606	2
1482	606	599	2
1483	1495	1480	2
1484	1480	1486	2
1485	1486	378	2
1486	378	1497	2
1487	1497	1479	2
1488	1474	1488	2
1489	1488	1490	2
1490	1477	1482	2
1491	1493	1477	2
1492	1477	115	2
1493	115	1474	2
1494	1495	1917	2
1495	1917	1488	2
1496	1488	1482	2
1497	1482	1478	2
1498	1479	370	2
1499	370	1490	2
1500	1490	1916	2
1501	1916	2639	2
1502	165	164	2
1503	353	2139	2
1504	2139	1555	2
1505	2140	352	2
1506	352	355	2
1507	356	2195	2
1508	2195	357	2
1509	357	405	2
1510	405	358	2
1511	358	2267	2
1512	2267	347	2
1513	347	422	2
1514	422	532	2
1515	2374	2292	1
1516	2292	2375	1
1517	2375	2293	1
1518	2293	2376	1
1519	2376	2294	1
1520	2294	2377	1
1521	2377	1503	1
1522	1503	1504	1
1523	1504	1502	1
1524	1502	90	1
1525	90	117	1
1526	117	2432	1
1527	2432	2378	1
1528	2378	2379	1
1529	2379	2380	1
1530	2380	92	1
1531	92	433	1
1532	433	2381	1
1533	2381	2386	1
1534	2386	2287	1
1535	2287	2382	1
1536	2382	2288	1
1537	2288	93	1
1538	93	2289	1
1539	2289	2383	1
1540	2383	2290	1
1541	2290	2373	1
1542	2373	2291	1
1543	2291	2374	1
1544	117	94	1
1545	94	431	1
1546	431	432	1
1547	432	2393	1
1548	2389	638	1
1549	638	2372	1
1550	2372	2373	1
1551	1628	10	1
1552	10	19	1
1553	19	1755	1
1554	1755	2062	1
1555	2062	14	1
1556	14	458	1
1557	458	2146	1
1558	2146	1691	1
1559	1691	2336	1
1560	2336	120	1
1561	1661	2421	1
1562	2421	1652	1
1563	1652	1651	1
1564	1651	1650	1
1565	1650	1649	1
1566	1649	2422	1
1567	2422	1659	1
1568	271	2569	1
1569	2569	2570	1
1570	2570	630	1
1571	630	879	1
1572	1914	1907	2
1573	1915	1914	2
1574	1914	369	2
1575	369	1913	2
1576	1916	1915	2
1577	1915	1906	2
1578	2395	1906	2
1579	1906	1907	2
1580	1907	368	2
1581	368	1918	2
1582	1474	1919	2
1583	2678	33	2
1584	33	2686	2
1585	2686	2660	2
1586	2660	74	2
1587	74	2657	2
1588	2657	75	2
1589	1876	1796	2
1590	1783	1771	2
1591	1788	1798	2
1592	1809	1801	2
1593	1786	419	2
1594	419	2531	2
1595	2531	2530	2
1596	2530	1794	2
1597	1780	1783	2
1598	1783	1787	2
1599	1785	2651	2
1600	2651	1791	2
1601	1790	1796	2
1602	1808	1806	2
1603	1806	1805	2
1604	1773	1789	2
1605	1789	1797	2
1606	1776	1778	1
1607	1778	1777	1
1608	1802	1793	2
1609	1793	1779	2
1610	1772	2179	2
1611	2179	1787	2
1612	1875	1800	2
1613	1800	1798	2
1614	1798	1794	2
1615	1877	1790	2
1616	1790	399	2
1617	399	1788	2
1618	1788	1786	2
1619	1769	71	2
1620	71	1776	2
1621	1776	2178	2
1622	1810	1809	2
1623	1809	1807	2
1624	1538	1535	1
1625	1535	1533	1
1626	1533	1531	1
1627	1531	1532	1
1628	1532	1525	1
1629	1525	1523	1
1630	1523	1520	1
1631	1520	1518	1
1632	1518	1279	1
1633	9	1519	1
1634	1519	1522	1
1635	1522	1524	1
1636	1524	1526	1
1637	1526	1527	1
1638	1527	1534	1
1639	1534	1536	1
1640	1536	1537	1
1641	1537	1539	1
1642	1539	1540	1
1643	1541	175	1
1644	175	1540	1
1645	1540	1542	1
1646	1542	1543	1
1647	1543	166	1
1648	166	167	1
1649	167	168	1
1650	168	1544	1
1651	1544	1545	1
1652	1545	169	1
1653	169	1546	1
1654	1546	1547	1
1655	1547	170	1
1656	170	171	1
1657	171	1596	1
1658	1596	172	1
1659	172	173	1
1660	173	1538	1
1661	1538	1541	1
1662	941	1548	1
1663	1548	2578	1
1664	2578	1596	1
1665	468	371	1
1666	371	2574	1
1667	2574	1549	1
1668	1549	941	1
1669	1757	2615	2
1670	2615	2616	2
1671	2616	2617	2
1672	2617	2618	2
1673	2618	2619	2
1674	2619	2620	2
1675	2620	2500	2
1676	2500	2621	2
1677	2621	2622	2
1678	2622	2394	2
1679	2394	2623	2
1680	2076	2075	2
1681	2075	1754	2
1682	351	359	1
1683	359	460	1
1684	460	1127	1
1685	1127	1108	1
1686	1108	1089	1
1687	1089	1043	1
1688	1043	1040	1
1689	1040	854	1
1690	854	468	1
1691	468	1546	1
1692	1544	361	1
1693	361	362	1
1694	362	977	1
1695	977	2079	1
1696	2079	363	1
1697	363	354	1
1698	971	1016	2
1699	1016	1023	2
1700	1023	1818	2
1701	496	482	2
1702	482	478	2
1703	463	502	1
1704	502	490	1
1705	1499	1500	2
1706	2549	1614	1
1707	1614	1714	1
1708	1714	2540	1
1709	902	1901	2
1710	1901	2295	2
1711	2295	1904	2
1712	1904	1062	2
1713	1062	786	2
1714	786	1615	2
1715	1615	1064	2
1716	1064	1067	2
1717	1067	1473	2
1718	1473	1256	2
1719	1256	1069	2
1720	1067	1072	2
1721	1072	143	2
1722	143	1073	2
1723	1073	187	2
1724	785	187	2
1725	187	188	2
1726	188	1259	2
1727	1259	189	2
1728	189	190	2
1729	190	191	2
1730	191	1214	2
1731	1214	192	2
1732	192	193	2
1733	193	194	2
1734	194	174	2
1735	2402	1741	1
1736	2412	2177	1
1737	2177	1297	1
1738	1297	1462	1
1739	1462	2411	1
1740	2411	2147	1
1741	2147	2148	1
1742	2148	2149	1
1743	2149	2150	1
1744	2150	2151	1
1745	2151	2152	1
1746	2152	2153	1
1747	2153	2154	1
1748	2154	2155	1
1749	2414	2433	1
1750	2433	2417	1
1751	2417	2419	1
1752	2419	2420	1
1753	2420	2423	1
1754	2423	2424	1
1755	2424	2425	1
1756	2425	2426	1
1757	2426	2630	1
1758	943	2389	2
1759	960	961	1
1760	961	963	1
1761	963	964	1
1762	964	965	1
1763	965	967	1
1764	967	1629	1
1765	1629	948	1
1766	948	954	1
1767	954	949	1
1768	949	1605	1
1769	1605	1613	1
1770	1613	1616	1
1771	1616	1606	1
1772	1606	1607	1
1773	1607	1609	1
1774	1609	1610	1
1775	1610	1611	1
1776	1611	1620	1
1777	1620	960	1
1778	943	1630	1
1779	1630	1631	1
1780	1631	1613	1
1781	948	1633	1
1782	1633	943	1
1783	1620	975	1
1784	975	1513	1
1785	1513	964	1
1786	388	64	1
1787	64	2536	1
1788	2537	65	1
1789	65	388	1
1790	1619	1206	2
1791	1206	1623	2
1792	1623	1388	2
1793	1388	1208	2
1794	1208	1626	2
1795	1626	340	2
1796	75	125	2
1797	125	232	2
1798	232	1299	2
1799	1299	123	2
1800	123	2670	2
1801	2670	787	2
1802	787	1498	2
1803	1498	2178	2
1804	2178	1777	2
1805	1777	1774	2
1806	1774	234	2
1807	234	2666	2
1808	2666	1766	2
1809	1653	2116	2
1810	2116	2134	2
1811	2134	2117	2
1812	2117	2118	2
1813	2118	2119	2
1814	2119	2120	2
1815	2120	2121	2
1816	2121	2123	2
1817	2123	2124	2
1818	2124	2125	2
1819	2125	2068	2
1820	2123	2127	2
1821	2127	2128	2
1822	2128	2130	2
1823	2130	1846	2
1824	1846	2131	2
1825	1837	1838	2
1826	1838	839	2
1827	839	1839	2
1828	1839	335	2
1829	335	334	2
1830	334	332	2
1831	332	333	2
1832	2189	2190	2
1833	2190	1861	2
1834	1861	2191	2
1835	2191	2051	2
1836	648	1754	2
1837	1754	649	2
1838	649	650	2
1839	650	651	2
1840	651	653	2
1841	2489	2490	2
1842	2490	2491	2
1843	2491	2492	2
1844	2492	1221	2
1845	1221	2493	2
1846	2493	2494	2
1847	2494	2495	2
1848	2495	2496	2
1849	2496	372	2
1850	372	1852	2
1851	1852	1851	2
1852	1851	379	2
1853	379	380	2
1854	380	1862	2
1855	1862	381	2
1856	381	382	2
1857	382	1918	2
1858	1171	1427	2
1859	1427	1226	2
1860	1427	1227	2
1861	1145	1147	2
1862	1147	467	2
1863	467	1032	2
1864	1032	485	2
1865	485	155	2
1866	155	1230	2
1867	1230	532	2
1868	532	1242	2
1869	1242	1243	2
1870	1243	1244	2
1871	1244	1245	2
1872	1245	1246	2
1873	1246	404	2
1874	404	1247	2
1875	1247	1248	2
1876	1248	1489	2
1877	1489	356	2
1878	356	1307	2
1879	1307	1251	2
1880	287	2674	2
1881	2674	279	2
1882	279	280	2
1883	280	1556	2
1884	1556	1555	2
1885	825	1294	2
1886	1294	828	2
1887	828	826	2
1888	1807	1795	2
1889	1795	1797	2
1890	1797	1801	2
1891	1801	1802	2
1892	1802	1803	2
1893	1792	1793	2
1894	1793	1789	2
1895	1789	2179	2
1896	2062	1692	1
1897	1692	17	1
1898	17	20	1
1899	20	21	1
1900	21	15	1
1901	16	25	1
1902	25	829	1
1903	829	26	1
1904	26	19	1
1905	718	28	1
1906	28	29	1
1907	29	2164	1
1908	2164	2165	1
1909	2165	22	1
1910	23	30	1
1911	30	31	1
1912	31	2166	1
1913	2166	32	1
1914	32	27	1
1915	2515	2517	2
1916	2519	2523	2
1917	2661	1762	2
1918	1762	72	2
1919	72	2488	2
1920	2488	1571	2
1921	50	83	2
1922	83	38	2
1923	38	0	2
1924	0	2684	2
1925	2684	2690	2
1926	2690	2668	2
1927	2668	36	2
1928	2532	2234	2
1929	2234	1989	2
1930	1989	146	2
1931	146	903	2
1932	903	148	2
1933	148	1816	2
1934	1816	1811	2
1935	1811	904	2
1936	904	149	2
1937	149	150	2
1938	150	156	2
1939	156	157	2
1940	157	409	2
1941	409	1728	2
1942	1728	158	2
1943	158	410	2
1944	410	159	2
1945	159	411	2
1946	411	160	2
1947	160	161	2
1948	161	162	2
1949	162	1432	2
1950	1432	163	2
1951	163	2138	2
1952	2138	1431	2
1953	1431	1565	2
1954	1565	338	2
1955	338	2358	2
1956	2358	1280	2
1957	1280	339	2
1958	2415	1346	2
1959	1346	1356	2
1960	1356	2397	2
1961	2397	2398	2
1962	2398	2399	2
1963	2399	2400	2
1964	2400	1357	2
1965	1357	2401	2
1966	2401	507	2
1967	507	511	2
1968	511	2403	2
1969	1919	1223	2
1970	1223	1224	2
1971	1224	1228	2
1972	1228	1920	2
1973	1920	1917	2
1974	1479	1913	2
1975	368	369	2
1976	369	370	2
1977	378	383	2
1978	383	295	2
1979	295	384	2
1980	2496	2362	2
1981	2362	1840	2
1982	1840	1841	2
1983	345	736	2
1984	736	737	2
1985	737	735	2
1986	1388	1386	2
1987	1386	1384	2
1988	1384	1383	2
1989	1383	1385	2
1990	1770	1780	2
1991	73	1836	2
1992	1836	1824	2
1993	1824	114	2
1994	1162	2634	2
1995	2634	1182	2
1996	1182	1408	2
1997	1408	398	2
1998	2069	2103	2
1999	2103	2105	2
2000	2131	2132	2
2001	2132	2133	2
2002	2133	2134	2
2003	421	1733	2
2004	1733	2009	2
2005	2009	2010	2
2006	2010	512	2
2007	1115	1123	2
2008	1123	1133	2
2009	1133	489	2
2010	1434	1653	2
2011	1653	1435	2
2012	1435	2355	2
2013	2355	733	2
2014	733	105	2
2015	105	734	2
2016	734	1436	2
2017	1436	106	2
2018	106	2354	2
2019	2354	116	2
2020	116	2638	2
2021	2638	107	2
2022	107	2348	2
2023	2348	2350	2
2024	2350	931	2
2025	931	2352	2
2026	2352	1831	2
2027	1831	108	2
2028	108	2393	2
2029	1693	1662	1
2030	1662	1664	1
2031	1664	859	1
2032	859	860	1
2033	860	1666	1
2034	2380	2390	1
2035	2390	1921	1
2036	1921	2435	1
2037	2435	1654	1
2038	1654	2436	1
2039	2436	2591	1
2040	2386	2387	1
2041	2387	2388	1
2042	2388	2389	1
2043	2403	513	2
2044	560	684	2
2045	684	580	2
2046	580	574	2
2047	574	654	2
2048	654	695	2
2049	695	659	2
2050	599	644	2
2051	644	698	2
2052	698	693	2
2053	693	688	2
2054	688	695	2
2055	669	516	1
2056	516	515	1
2057	515	514	1
2058	514	517	1
2059	517	2013	1
2060	2013	2014	1
2061	2014	676	1
2062	676	503	1
2063	503	2498	1
2064	2498	677	1
2065	677	421	1
2066	1799	1908	1
2067	1908	1909	1
2068	1909	1559	1
2069	1559	1560	1
2070	1922	827	1
2071	827	1288	1
2072	1288	1295	1
2073	1295	1558	1
2074	1558	2356	1
2075	2105	1041	2
2076	1041	2102	2
2077	2504	236	2
2078	236	2579	2
2079	2579	311	2
2080	311	313	2
2081	738	1830	2
2082	1830	1437	2
2083	1437	1441	2
2084	1441	207	2
2085	207	1440	2
2086	1440	1741	2
2087	1741	220	1
2088	2077	423	2
2089	1913	1918	2
2090	513	518	2
2091	518	302	2
2092	302	735	2
2093	2395	1382	2
2094	1382	1385	2
2095	1385	1387	2
2096	1387	1389	2
2097	1389	1619	2
2098	1619	2639	2
2099	2256	2203	1
2100	2203	1845	1
2101	1845	793	1
2102	793	2109	1
2103	2109	2102	1
2104	1803	569	1
2105	569	1792	1
2106	1792	430	1
2107	430	403	1
2108	403	994	1
2109	994	2070	1
2110	1868	1232	1
2111	1232	1810	1
2112	1810	1306	1
2113	1306	891	1
2114	891	1808	1
2115	1808	1143	1
2116	1143	1001	1
2117	1001	833	1
2118	833	402	1
2119	402	1803	1
2120	1177	1376	1
2121	1376	1367	1
2122	1367	2443	1
2123	2443	1737	1
2124	1737	289	1
2125	289	341	1
2126	341	290	1
2127	290	2183	1
2128	2183	142	1
2129	142	1326	1
2130	1326	1817	1
2131	1817	1308	1
2132	1308	1156	1
2133	1156	996	1
2134	996	1260	1
2135	1260	1300	1
2136	1300	1698	1
2137	1698	1625	1
2138	1625	1563	1
2139	1563	1715	1
2140	1715	1868	1
2141	1815	2678	2
2142	1210	2404	2
2143	2404	1899	2
2144	1899	2497	2
2145	2497	1564	2
2146	1564	2487	2
2147	2487	2644	2
2148	2644	2504	2
2149	232	122	2
2150	122	237	2
2151	237	118	2
2152	118	1775	2
2153	1775	239	2
2154	239	1494	2
2155	1494	1883	2
2156	234	240	2
2157	240	239	2
2158	237	119	2
2159	119	700	2
2160	700	241	2
2161	241	242	2
2162	242	244	2
2163	244	243	2
2164	243	245	2
2165	245	240	2
2166	240	1483	2
2167	1483	1485	2
2168	1485	1487	2
2169	244	121	2
2170	121	1775	2
2171	1775	1491	2
2172	1485	1494	2
2173	501	1501	2
2174	1627	1628	2
2175	953	950	2
2176	950	455	2
2177	455	934	2
2178	934	482	2
2179	482	917	2
2180	917	913	2
2181	913	909	2
2182	909	483	2
2183	483	459	2
2184	459	894	2
2185	894	469	2
2186	953	1843	1
2187	772	2418	1
2188	2418	2532	1
2189	2532	773	1
2190	773	774	1
2191	774	775	1
2192	775	776	1
2193	776	1255	1
2194	1255	685	1
2195	685	686	1
2196	686	689	1
2197	689	2396	1
2198	2396	765	1
2199	765	771	1
2200	771	766	1
2201	766	767	1
2202	767	768	1
2203	768	769	1
2204	769	770	1
2205	770	1253	1
2206	1253	772	1
2207	777	2346	1
2208	2346	2347	1
2209	2347	2349	1
2210	2349	2549	1
2211	2549	778	1
2212	778	779	1
2213	779	2345	1
2214	2345	783	1
2215	783	780	1
2216	780	781	1
2217	781	782	1
2218	782	856	1
2219	784	1608	1
2220	1608	783	1
2221	2540	784	1
2222	785	2342	2
2223	2342	2145	2
2224	2145	2538	2
2225	2561	2335	1
2226	2335	2560	1
2227	2560	2534	1
2228	1211	1213	2
2229	1213	1219	2
2230	1219	1214	2
2231	2415	2236	1
2232	2236	689	1
2233	776	2415	1
2234	800	818	1
2235	818	819	1
2236	819	840	1
2237	840	841	1
2238	841	109	1
2239	1515	842	1
2240	842	843	1
2241	843	844	1
2242	844	845	1
2243	845	847	1
2244	847	848	1
2245	848	849	1
2246	849	850	1
2247	850	800	1
2248	1438	1439	1
2249	1439	1442	1
2250	1442	1443	1
2251	1443	1444	1
2252	1444	1445	1
2253	1445	1446	1
2254	1446	2630	1
2255	2630	1447	1
2256	1447	1454	1
2257	1454	1461	1
2258	1461	1455	1
2259	1455	1456	1
2260	1456	1448	1
2261	1448	1449	1
2262	1449	1450	1
2263	1450	1451	1
2264	1451	1452	1
2265	1452	660	1
2266	660	2413	1
2267	2413	1453	1
2268	1453	1457	1
2269	1457	1458	1
2270	1458	1438	1
2271	2414	1446	1
2272	2628	1459	1
2273	1459	1460	1
2274	1460	660	1
2275	1449	1463	1
2276	1463	1464	1
2277	1464	1465	1
2278	1465	1466	1
2279	1466	1467	1
2280	1467	1468	1
2281	1468	2628	1
2282	1448	1469	1
2283	1469	1470	1
2284	1470	2412	1
2285	2152	2156	1
2286	2156	2157	1
2287	2157	2158	1
2288	2158	2159	1
2289	2160	336	1
2290	336	2161	1
2291	2161	2162	1
2292	715	2163	1
2293	2163	337	1
2294	337	2160	1
2295	1443	2414	1
2296	2433	2426	2
2297	889	2470	1
2298	2470	2299	1
2299	2299	2471	1
2300	2471	2298	1
2301	2298	1328	1
2302	888	549	1
2303	549	889	1
2304	890	892	2
2305	892	486	2
2306	486	1377	2
2307	1377	454	2
2308	454	522	2
2309	522	473	2
2310	473	110	2
2311	110	800	2
2312	520	414	2
2313	414	1317	2
2314	1317	908	2
2315	908	1896	2
2316	1896	901	2
2317	520	888	1
2318	890	2475	1
2319	2475	2476	1
2320	2476	2477	1
2321	2477	2478	1
2322	2478	2206	1
2323	2482	1859	2
2324	1859	2483	2
2325	2483	2484	2
2326	2484	2485	2
2327	872	855	1
2328	855	1305	1
2329	1305	1202	1
2330	2246	2247	1
2331	2247	2222	1
2332	2222	2223	1
2333	2223	2258	1
2334	2258	2224	1
2335	2224	678	1
2336	678	2225	1
2337	2225	2226	1
2338	2226	2227	1
2339	2227	2228	1
2340	2228	2229	1
2341	2229	2230	1
2342	2230	2074	1
2343	2074	2231	1
2344	2231	2232	1
2345	2232	2233	1
2346	2233	2237	1
2347	2237	669	1
2348	512	2252	2
2349	2252	2243	2
2350	2243	683	1
2351	683	2259	1
2352	2259	2260	1
2353	2260	2261	1
2354	2261	2256	1
2355	2258	667	2
2356	667	138	2
2357	138	2086	2
2358	941	811	2
2359	811	940	2
2360	940	929	2
2361	929	920	2
2362	920	918	2
2363	918	915	2
2364	915	911	2
2365	911	906	2
2366	906	900	2
2367	900	899	2
2368	899	895	2
2369	895	1854	2
2370	1854	520	2
2371	288	1390	1
2372	1390	292	1
2373	292	979	1
2374	328	305	1
2375	305	980	1
2376	2326	306	1
2377	306	924	1
2378	924	893	1
2379	893	868	1
2380	314	307	1
2381	307	957	1
2382	957	953	1
2383	309	308	1
2384	308	988	1
2385	988	136	1
2386	136	2468	1
2387	2468	1056	1
2388	325	326	1
2389	326	327	1
2390	327	329	1
2391	329	309	1
2392	309	310	1
2393	310	312	1
2394	312	315	1
2395	315	330	1
2396	330	314	1
2397	314	316	1
2398	316	321	1
2399	321	322	1
2400	322	323	1
2401	323	324	1
2402	324	2326	1
2403	2326	317	1
2404	317	320	1
2405	320	634	1
2406	634	318	1
2407	318	328	1
2408	328	636	1
2409	636	637	1
2410	637	325	1
2411	628	257	1
2412	257	1956	1
2413	1956	662	1
2414	662	1955	1
2415	465	790	1
2416	790	791	1
2417	791	259	1
2418	259	260	1
2419	260	1956	1
2420	1955	261	1
2421	261	1958	1
2422	1958	1957	1
2423	1957	655	1
2424	655	258	1
2425	258	465	1
2426	465	1961	1
2427	1961	1962	1
2428	1962	198	1
2429	75	1491	2
2430	1491	1882	2
2431	1882	545	2
2432	2539	150	2
2433	2538	1258	2
2434	1258	2341	2
2435	2341	2539	2
2436	1	2266	1
2437	2266	1298	1
2438	1298	2265	1
2439	2265	2268	1
2440	2268	2	1
2441	1707	41	2
2442	41	1716	2
2443	1716	1484	2
2444	1484	851	2
2445	851	1717	2
2446	1717	1719	2
2447	1719	1720	2
2448	1720	1729	2
2449	1729	1735	2
2450	1735	1718	2
2451	1707	181	1
2452	181	178	1
2453	178	2602	1
2454	1660	1302	1
2455	1302	1748	1
2456	1748	1659	1
2457	1659	1663	1
2458	1663	1738	1
2459	1663	2416	1
2460	2416	1657	1
2461	1657	1656	1
2462	1656	1655	1
2463	1655	208	1
2464	208	2502	1
2465	2502	2427	1
2466	2427	1638	1
2467	1638	1665	1
2468	1659	2428	1
2469	2428	1648	1
2470	1648	2429	1
2471	2429	1647	1
2472	1647	2430	1
2473	2430	1646	1
2474	1646	2434	1
2475	2434	2351	1
2476	1665	2501	1
2477	1639	2238	1
2478	2238	2418	1
2479	766	1639	1
2480	1660	2606	2
2481	2606	1254	2
2482	1254	1639	2
2483	2504	1738	2
2484	1736	2297	2
2485	2297	2636	2
2486	2636	2637	2
2487	2637	1815	2
2488	1815	1812	2
2489	1812	2300	2
2490	2300	91	2
2491	91	2301	2
2492	2301	1823	2
2493	1823	1835	2
2494	1835	2302	2
2495	2302	95	2
2496	95	2303	2
2497	2303	2304	2
2498	2304	2305	2
2499	2305	2306	2
2500	2306	2307	2
2501	2307	2309	2
2502	2309	215	2
2503	215	89	2
2504	89	2310	2
2505	2310	88	2
2506	88	2311	2
2507	2311	214	2
2508	214	1813	2
2509	1813	213	2
2510	213	212	2
2511	212	1617	2
2512	1617	186	2
2513	186	2312	2
2514	2312	2351	2
2515	2501	1644	2
2516	1645	1641	1
2517	1641	535	1
2518	535	1640	1
2519	1640	1644	1
2520	1645	1621	2
2521	1621	2499	2
2522	2499	2554	2
2523	2554	1430	2
2524	1430	2296	2
2525	2296	902	2
2526	902	1903	2
2527	1903	856	2
2528	856	777	2
2529	777	2353	2
2530	2353	1069	2
2531	1069	2538	2
2532	1644	1643	1
2533	1643	534	1
2534	534	1642	1
2535	1642	1645	1
2536	1665	210	1
2537	210	211	1
2538	211	1661	1
2539	2351	2314	1
2540	2314	206	1
2541	206	1663	1
2542	2501	1661	1
2543	2336	1687	2
2544	1687	1688	2
2545	1688	1689	2
2546	585	2269	2
2547	2269	671	2
2548	2049	1281	1
2549	1637	696	2
2550	1035	1017	2
2551	1017	1006	2
2552	1006	416	2
2553	416	417	2
2554	417	1003	2
2555	2183	2040	2
2556	1635	813	1
2557	813	812	1
2558	812	708	1
2559	708	707	1
2560	707	1636	1
2561	764	1713	2
2562	1713	994	2
2563	703	704	1
2564	1712	764	2
2565	700	1498	2
2566	1744	40	2
2567	40	1743	2
2568	405	404	2
2569	2020	1306	2
2570	1661	395	1
2571	395	1660	1
2572	1738	69	1
2573	69	1665	1
2574	2573	2562	1
2575	2571	2572	1
2576	2572	2465	1
2577	2465	2466	1
2578	2466	1471	1
2579	1471	1900	1
2580	1900	1889	1
2581	1889	2262	1
2582	2262	2343	1
2583	2343	1888	1
2584	1888	1870	1
2585	46	1884	1
2586	1884	112	1
2587	112	1883	1
2588	2514	2524	2
2589	2523	2514	2
2590	1795	1898	2
2591	461	2022	2
2592	2026	2025	1
2593	1796	1800	2
2594	2513	2515	2
2595	2515	2516	2
2596	837	1270	2
2597	494	1025	2
2598	1025	493	2
2599	493	1370	2
2600	1370	1128	2
2601	497	498	2
2602	498	1363	2
2603	1363	1364	2
2604	1364	495	2
2605	1781	446	2
2606	446	1345	2
2607	1345	137	2
2608	137	136	2
2609	1784	141	2
2610	141	1309	2
2611	1309	1310	2
2612	1310	1782	2
2613	1927	1926	2
2614	1926	130	2
2615	130	1925	2
2616	1925	129	2
2617	129	1924	2
2618	1924	131	2
2619	1928	938	2
2620	938	1929	2
2621	1938	1935	2
2622	1935	1937	2
2623	1937	1927	2
2624	1927	1934	2
2625	1934	1931	2
2626	1931	1933	2
2627	1517	1521	2
2628	1521	1398	2
2629	1398	1949	2
2630	1949	1948	2
2631	1948	1947	2
2632	1947	1946	2
2633	1946	1945	2
2634	1945	1944	2
2635	1944	1943	2
2636	1943	1965	2
2637	1550	1557	2
2638	1557	1950	2
2639	1950	1951	2
2640	1951	1952	2
2641	1952	1953	2
2642	1953	1954	2
2643	1954	1510	2
2644	1510	1512	2
2645	1990	1953	2
2646	1953	1948	2
2647	1948	1959	2
2648	1407	1403	2
2649	1403	1401	2
2650	1401	1406	2
2651	1406	1400	2
2652	1400	1399	2
2653	1399	1517	2
2654	1969	1968	2
2655	1968	1426	2
2656	1426	1425	2
2657	1425	1424	2
2658	1424	1996	2
2659	1980	1978	2
2660	1978	1979	2
2661	1979	1977	2
2662	1977	1423	2
2663	1423	1421	2
2664	1421	1996	2
2665	1994	1991	2
2666	1991	1995	2
2667	1995	1505	2
2668	1505	1992	2
2669	1992	1997	2
2670	1997	479	2
2671	479	477	2
2672	477	1990	2
2673	1990	1985	2
2674	1985	1984	2
2675	1984	1983	2
2676	1983	1982	2
2677	1982	1981	2
2678	2000	2003	2
2679	2003	1999	2
2680	1999	2002	2
2681	2002	565	2
2682	565	609	2
2683	609	1998	2
2684	2011	2012	2
2685	2012	2015	2
2686	2015	2016	2
2687	2016	2005	2
2688	2005	2008	2
2689	2008	2006	2
2690	2006	2007	2
2691	2007	663	2
2692	1979	552	2
2693	552	548	2
2694	548	546	2
2695	546	544	2
2696	544	543	2
2697	543	541	2
2698	541	2004	2
2699	2004	2001	2
2700	2001	2000	2
2701	1978	587	2
2702	587	583	2
2703	583	578	2
2704	578	577	2
2705	577	573	2
2706	573	568	2
2707	568	565	2
2708	565	564	2
2709	564	562	2
2710	562	558	2
2711	558	557	2
2712	557	556	2
2713	556	555	2
2714	555	592	2
2715	592	539	2
2716	539	2011	2
2717	620	619	2
2718	619	618	2
2719	618	616	2
2720	616	615	2
2721	615	614	2
2722	614	613	2
2723	613	612	2
2724	612	609	2
2725	609	608	2
2726	608	605	2
2727	605	602	2
2728	602	600	2
2729	600	597	2
2730	597	596	2
2731	596	633	2
2732	633	2005	2
2733	662	798	1
2734	798	262	1
2735	262	792	1
2736	792	1957	1
2737	671	1337	1
2738	1337	1584	1
2739	1584	1863	1
2740	1863	1865	1
2741	1865	2533	1
2742	2533	1595	1
2743	1595	1599	1
2744	1599	2175	1
2745	2175	1597	1
2746	1597	2197	1
2747	2197	418	1
2748	418	2196	1
2749	2196	1591	1
2750	1766	1487	1
2751	1487	1885	1
2752	1885	46	1
2753	1883	1882	1
2754	1882	1886	1
2755	1886	1881	1
2756	1881	1880	1
2757	1880	177	1
2758	177	1879	1
2759	1879	701	1
2760	701	1887	1
2761	1887	401	1
2762	401	406	1
2763	406	1890	1
2764	1890	226	1
2765	226	1833	1
2766	1833	1472	1
2767	1472	2573	1
2768	1889	1890	2
2769	114	46	2
2770	119	118	2
2771	242	121	2
2772	123	122	2
2773	1299	124	2
2774	124	125	2
2775	128	127	2
2776	788	787	2
2777	2141	281	1
2778	2142	2140	1
2779	2140	2139	1
2780	2139	1554	1
2781	1554	2141	1
2782	281	1378	1
2783	1378	353	1
2784	353	352	1
2785	352	2142	1
2786	78	285	2
2787	285	2142	2
2788	344	2339	1
2789	2339	2338	1
2790	2338	1177	1
2791	7	6	2
2792	1144	2209	2
2793	2209	2208	2
2794	2208	2207	2
2795	2215	2214	2
2796	2214	2217	2
2797	2217	2218	2
2798	2218	2211	2
2799	537	2219	2
2800	2219	2220	2
2801	2220	2221	2
2802	2221	2216	2
2803	1142	1141	2
2804	1501	1115	2
2805	1957	1116	1
2806	1116	656	1
2807	656	1112	1
2808	1112	1963	1
2809	1963	465	1
2810	1734	1718	2
2811	1723	2624	2
2812	2624	2625	2
2813	2625	2626	2
2814	2626	2627	2
2815	2627	1405	2
2816	1405	1814	2
2817	1814	415	2
2818	415	1402	2
2819	1402	2414	2
2820	1723	1721	1
2821	1721	1826	1
2822	1826	1734	1
2823	1734	1724	1
2824	1724	2623	1
2825	996	2034	2
2826	1300	2032	2
2827	794	793	1
2828	2362	2361	2
2829	2361	2360	2
2830	2360	2359	2
2831	1055	1046	1
2832	816	814	1
2833	814	705	1
2834	705	706	1
2835	706	815	1
2836	815	817	1
2837	971	1338	1
2838	1338	427	1
2839	427	426	1
2840	426	942	1
2841	942	947	1
2842	918	947	2
2843	274	1379	2
2844	1379	1192	2
2845	2525	2185	1
2846	2187	2186	2
2847	2186	2640	2
2848	2640	2641	2
2849	2641	1028	2
2850	1028	1030	2
2851	1030	2642	2
2852	830	333	2
2853	669	2239	1
2854	2239	2240	1
2855	2240	2241	1
2856	2241	2242	1
2857	2242	2244	1
2858	2244	2245	1
2859	2245	2248	1
2860	2248	2249	1
2861	2249	2243	1
2862	2243	2250	1
2863	2250	2251	1
2864	2251	2246	1
2865	401	2343	2
2866	402	1273	2
2867	403	2510	2
2868	724	389	2
2869	389	428	2
2870	428	390	2
2871	390	391	2
2872	391	392	2
2873	392	393	2
2874	393	394	2
2875	394	396	2
2876	396	858	2
2877	858	397	2
2878	397	709	2
2879	406	2262	2
2880	99	98	1
2881	1893	1892	2
2882	1892	1898	2
2883	195	196	2
2884	639	1587	1
2885	1587	585	1
2886	659	1864	2
2887	1864	671	2
2888	1560	386	1
2889	386	1481	1
2890	1739	1560	1
2891	1369	2489	2
2892	2489	1380	2
2893	1380	1381	2
2894	1381	2395	2
2895	825	1922	1
2896	1922	2508	1
2897	2508	2129	1
2898	2129	2669	1
2899	1434	104	1
2900	104	853	1
2901	853	699	1
2902	699	1667	1
2903	1512	1509	2
2904	1509	1508	2
2905	1508	1511	2
2906	1511	1507	2
2907	1507	1506	2
2908	1506	1994	2
2909	1967	1959	2
2910	1959	1966	2
2911	1966	1404	2
2912	1404	1407	2
2913	1977	1976	2
2914	1976	1973	2
2915	1973	1975	2
2916	1850	1849	2
2917	1849	1848	2
2918	1848	1847	2
2919	1847	2077	2
2920	1855	1604	2
2921	1604	1603	2
2922	1603	2068	2
2923	1856	1858	2
2924	1858	2123	2
2925	1027	1395	2
2926	1395	1394	2
2927	1394	1393	2
2928	1393	2187	2
2929	758	1068	1
2930	1068	2640	1
2931	2640	1092	1
2932	1092	1100	1
2933	1100	1105	1
2934	1105	1107	1
2935	1107	1110	1
2936	1110	1121	1
2937	1121	1129	1
2938	1129	1136	1
2939	1136	1139	1
2940	1139	1142	1
2941	738	739	1
2942	739	741	1
2943	741	44	1
2944	44	740	1
2945	740	1740	1
2946	2279	45	1
2947	45	42	1
2948	42	743	1
2949	743	745	1
2950	745	744	1
2951	744	738	1
2952	1594	197	1
2953	2632	2512	1
2954	2512	209	1
2955	209	930	1
2956	930	928	1
2957	928	1303	1
2958	1303	762	1
2959	762	504	1
2960	504	2566	1
2961	2566	627	1
2962	1870	1871	1
2963	1871	986	1
2964	986	1872	1
2965	1872	1873	1
2966	1873	1874	1
2967	1874	1875	1
2968	1875	1876	1
2969	1876	1877	1
2970	1877	1878	1
2971	1878	113	1
2972	113	114	1
2973	120	227	1
2974	227	696	1
2975	696	1832	1
2976	1832	2571	1
2977	624	506	1
2978	506	510	1
2979	510	203	1
2980	203	1304	1
2981	1304	205	1
2982	205	374	1
2983	374	375	1
2984	375	2038	1
2985	2038	2480	1
2986	2480	2182	1
2987	2182	1098	1
2988	1098	1628	1
2989	1975	1972	2
2990	1972	1971	2
2991	1971	1974	2
2992	1974	1970	2
2993	1970	1969	2
2994	757	2185	1
2995	2185	1111	1
2996	1111	1501	1
2997	1622	1869	1
2998	1869	1054	1
2999	1054	1049	1
3000	1049	1047	1
3001	1047	1048	1
3002	1048	1050	1
3003	1050	1051	1
3004	1051	1053	1
3005	2521	2526	1
3006	2526	2525	1
3007	2525	760	1
3008	1053	746	1
3009	746	759	1
3010	759	747	1
3011	747	748	1
3012	748	1056	1
3013	1056	749	1
3014	749	758	1
3015	758	750	1
3016	750	751	1
3017	751	752	1
3018	752	1061	1
3019	1061	753	1
3020	753	757	1
3021	757	754	1
3022	754	755	1
3023	755	760	1
3024	760	756	1
3025	756	1059	1
3026	1059	761	1
3027	761	1053	1
3028	1059	1058	1
3029	1058	1057	1
3030	1057	466	1
3031	466	1052	1
3032	1052	1867	1
3033	1867	484	1
3034	484	1902	1
3035	1902	1624	1
3036	2486	373	2
3037	114	147	1
3038	1742	1	1
3039	2	1674	1
3040	1674	2453	1
3041	2584	1074	1
3042	1074	1075	1
3043	1075	1076	1
3044	1076	2598	1
3045	2598	2580	1
3046	2580	1077	1
3047	1077	2600	1
3048	2600	2451	1
3049	2451	2583	1
3050	2583	1078	1
3051	1078	1079	1
3052	1079	2452	1
3053	2453	2659	1
3054	2659	1081	1
3055	1081	2454	1
3056	2454	2577	1
3057	2577	2582	1
3058	2582	1082	1
3059	1082	1083	1
3060	1083	2576	1
3061	2576	2585	1
3062	2585	2409	1
3063	2409	2584	1
3064	1391	979	1
3065	288	1391	1
3066	286	1392	1
3067	1392	523	1
3068	985	523	1
3069	980	293	1
3070	293	288	1
3071	2198	294	1
3072	294	297	1
3073	297	298	1
3074	298	301	1
3075	301	296	1
3076	979	2198	1
3077	523	982	1
3078	982	2199	1
3079	2199	525	1
3080	525	538	1
3081	538	526	1
3082	526	528	1
3083	528	533	1
3084	533	980	1
3085	296	521	1
3086	521	286	1
3087	286	985	1
3088	197	1251	1
3089	1251	79	1
3090	79	77	1
3091	77	80	1
3092	80	81	1
3093	81	84	1
3094	84	78	1
3095	78	82	1
3096	82	85	1
3097	85	86	1
3098	86	197	1
3099	85	617	1
3100	617	1252	1
3101	1252	2441	1
3102	1942	1940	2
3103	1940	1941	2
3104	1941	131	2
3105	131	1939	2
3106	1939	1936	2
3107	1936	1938	2
3108	1933	1930	2
3109	1930	1932	2
3110	1932	1929	2
3111	1774	2176	1
3112	2176	71	1
3113	2027	1625	2
3114	1698	1761	2
3115	1428	837	2
3116	2126	2135	2
3117	2135	2136	2
3118	2136	2137	2
3119	2137	2128	2
3120	2128	132	2
3121	2574	832	1
3122	832	2578	1
3123	1036	424	2
3124	1035	425	2
3125	1060	1055	1
3126	1037	1087	1
3127	1603	1185	2
3128	1368	1820	1
3129	1820	1369	1
3130	1870	701	2
3131	1886	1875	2
0
