11456	2	0	1
0	1229.068222	2651.300681
1	1235.122563	2633.827297
2	1269.200437	2598.699628
3	1309.324352	2564.718694
4	1316.205920	2539.146454
5	1313.208039	2500.684330
6	1296.631135	2457.143166
7	1262.615377	2429.366077
8	1217.133762	2421.097106
9	1175.989309	2407.338852
10	1136.401900	2396.631332
11	1095.849672	2410.593434
12	1021.566051	2362.096021
13	989.688048	2326.059367
14	998.218672	2273.583966
15	975.038615	2242.930072
16	921.234951	2235.178371
17	880.730889	2247.171126
18	831.120569	2284.950833
19	794.638400	2334.685687
20	770.767405	2271.776812
21	729.999562	2221.470911
22	716.628028	2198.389296
23	515.667266	2193.618418
24	665.003788	1345.079194
25	581.978648	1477.588878
26	568.129777	1509.462108
27	555.473487	1540.078506
28	549.211623	1567.851317
29	545.943702	1597.573476
30	543.111071	1702.587202
31	484.420005	1670.059368
32	494.477973	1689.456860
33	517.826202	1708.120508
34	553.868874	1719.207517
35	571.710949	1737.989119
36	569.128348	1767.241786
37	562.242259	1788.826876
38	576.885766	1829.574970
39	571.486309	1856.147924
40	582.551403	1879.633898
41	608.036147	1890.952516
42	705.449374	1895.706563
43	766.199274	1903.076110
44	822.857261	1890.915233
45	854.620549	1895.255604
46	860.956593	1912.453167
47	857.239503	1931.696081
48	834.990522	1943.120850
49	816.166111	2007.386841
50	818.716969	2040.633969
51	885.492788	2072.507397
52	891.281314	2085.612187
53	881.032172	2132.245133
54	836.530225	2122.364545
55	763.864596	2139.887872
56	716.237860	2185.157912
57	507.749949	2327.783515
58	678.445748	1470.189134
59	669.648451	1400.201767
60	656.098683	1286.553383
61	649.014155	1265.888526
62	592.679361	1121.561755
63	584.307518	1109.982028
64	576.131612	1103.312404
65	561.966669	1098.196379
66	351.955458	1035.421430
67	335.894976	1026.968332
68	317.112680	1008.301156
69	303.207742	992.114289
70	291.070640	975.312721
71	159.514201	774.596048
72	586.902347	797.913492
73	737.795889	703.369209
74	729.762097	692.591914
75	75.803668	648.555513
76	0.000000	528.901867
77	2614.306419	2402.688207
78	1700.898252	2258.062309
79	1670.407279	2280.948050
80	1674.530957	2285.996177
81	1637.605198	2309.302097
82	1630.319505	2311.454173
83	1597.744534	2263.683632
84	1593.206931	2266.059998
85	1522.691188	2160.932652
86	1586.020612	2117.384486
87	1593.720311	2128.623883
88	1605.028025	2120.972700
89	1718.457687	2247.421550
90	1679.393475	2191.236461
91	1748.361436	2143.010000
92	1789.815630	2203.709099
93	1776.835327	2213.675308
94	1773.283746	2208.620505
95	1747.293751	2227.422143
96	1750.869679	2233.618991
97	1723.645495	2248.453559
98	1726.507988	2140.619226
99	1671.085452	2178.296143
100	1656.287786	2156.941499
101	1711.674035	2117.556985
102	1835.752303	2211.260973
103	1307.228266	1263.755884
104	1755.845704	1188.061979
105	1872.672667	1709.176223
106	1708.986698	1716.061482
107	1654.308789	1709.239362
108	1591.283035	1693.904072
109	1538.233274	1674.163317
110	1517.901382	1664.174868
111	1400.746869	1615.428754
112	1313.530350	1555.201486
113	1255.082606	1518.654544
114	1217.881957	1459.784435
115	1214.824068	1392.925343
116	1269.097146	1297.670756
117	1962.675766	1670.643408
118	2049.104181	1730.048452
119	2195.965211	1726.471097
120	1718.235500	1067.361943
121	2259.086706	1770.316039
122	2201.730763	1733.292636
123	2604.940917	1658.052090
124	2244.182650	1770.327712
125	1314.751252	868.085266
126	970.741957	840.264230
127	1235.916123	895.424198
128	1131.137940	1029.877183
129	1167.278668	699.243309
130	1696.365435	583.483664
131	1154.673862	924.739808
132	1272.859444	821.017671
133	1102.098950	803.394083
134	1372.106936	1060.041720
135	1325.225221	1106.006642
136	1123.430016	634.463270
137	1253.106184	796.107897
138	1230.875578	771.655853
139	1435.826717	755.823328
140	1165.100152	873.949741
141	1320.948561	947.301425
142	1382.179400	945.441656
143	1090.795217	982.244713
144	1335.288261	890.382617
145	1226.937583	945.146043
146	1257.372690	1172.497516
147	1986.873188	773.350819
148	1065.665600	955.286820
149	1047.339901	932.881658
150	1268.069196	992.684423
151	1303.333238	1128.004967
152	1141.428939	678.906400
153	1215.836246	870.748874
154	1151.279687	1052.687378
155	1291.746312	971.618665
156	1244.249960	1013.853127
157	1293.319660	844.220703
158	1401.821745	748.555273
159	1253.471392	709.125296
160	1010.712535	892.214124
161	1079.852337	777.960869
162	1280.546349	1149.917062
163	1109.923679	1004.932289
164	1365.997351	738.735868
165	1356.310317	915.115653
166	1143.356295	849.004933
167	1220.362975	1035.101005
168	1206.225925	920.939041
169	1515.086674	806.394091
170	1873.977304	824.764363
171	1194.475091	846.688821
172	1171.446329	686.508366
173	1171.728243	1076.345209
174	1247.542167	968.850613
175	1047.559412	891.793755
176	1325.780120	727.834327
177	1387.549253	801.634228
178	1054.019539	750.901408
179	1602.548831	698.616610
180	1347.861102	1083.776214
181	1391.384263	1041.072259
182	1336.872452	689.920577
183	1196.692615	1055.467991
184	1032.689213	917.026185
185	1787.812442	707.930815
186	1916.821831	825.228956
187	1565.600245	868.603672
188	1963.570843	790.729332
189	1754.686002	507.832104
190	1927.196452	742.400049
191	1881.814867	777.580672
192	1718.043007	555.334674
193	2006.493355	2204.075757
194	2552.261735	1939.349071
195	2146.328713	1784.421220
196	2447.742342	1884.496146
197	2153.007743	1942.102072
198	2004.941225	2244.714178
199	1907.790949	1315.247902
200	2552.557742	1805.148908
201	1971.739536	2174.448823
202	2015.105342	1236.774591
203	2577.028737	1969.927276
204	1943.130766	1598.073822
205	1929.096706	1665.883544
206	2509.429143	2033.653433
207	2384.280699	2238.127375
208	1850.373914	1921.275357
209	1599.954360	2105.733762
210	2622.764469	1781.285171
211	2505.696022	1951.524620
212	2541.491415	1946.649294
213	1889.471992	1703.976628
214	1874.060154	2163.178276
215	2099.305133	1763.030249
216	2424.512015	1840.435528
217	2441.661985	1962.557216
218	2359.049645	2136.654585
219	2487.769093	1878.915196
220	2471.703279	1939.046059
221	2478.494594	1790.431407
222	2451.301024	1864.464769
223	2490.940284	1826.018829
224	2613.619400	2046.372394
225	2386.458705	2252.041317
226	2180.643180	1790.347389
227	2416.611952	1929.250870
228	1803.965234	2207.462114
229	2040.624050	2172.267219
230	2565.142728	2148.361551
231	1937.054871	1648.564654
232	2550.348293	1983.483162
233	2110.205745	1990.434106
234	2417.502287	1853.080354
235	2410.465298	1893.396592
236	1911.441624	1690.180993
237	2420.443991	2172.333331
238	1940.806780	1623.320684
239	1762.776266	2007.341593
240	2008.277237	2225.829694
241	2610.451064	1743.592832
242	2222.847536	1791.585652
243	2163.827742	1851.881651
244	2125.853607	1776.952937
245	2453.190543	1917.181634
246	2445.947979	1809.564080
247	2519.486847	1989.268718
248	2388.063604	2055.005580
249	2493.735349	1986.881462
250	2373.619832	2346.425078
251	2413.829942	1870.779151
252	2091.043586	1923.746759
253	1957.256559	1657.990834
254	1948.726317	1640.379388
255	1952.318069	1649.332551
256	1924.508908	1685.016515
257	855.116815	2405.719025
258	883.254882	2406.653398
259	828.393638	2410.428606
260	910.681258	2412.317658
261	800.670710	2418.648462
262	856.195332	2419.384918
263	888.624016	2420.654576
264	934.167831	2420.800712
265	825.462436	2424.391083
266	906.496735	2424.692843
267	800.274585	2433.621645
268	930.669549	2435.008211
269	952.782016	2432.754787
270	945.344780	2443.818422
271	970.488410	2445.022268
272	961.875285	2454.613464
273	984.048505	2458.704068
274	694.617004	2474.415802
275	997.299048	2474.666589
276	982.392885	2475.057478
277	702.039706	2485.660680
278	1006.540216	2487.442383
279	996.004608	2494.656362
280	1014.515166	2505.775180
281	526.981695	2518.258684
282	2111.543867	2483.137768
283	1132.067834	2519.119611
284	597.916413	2525.152992
285	563.056787	2529.477449
286	1007.794557	2522.841468
287	579.972808	2529.042894
288	1019.958450	2525.753978
289	2139.242764	2499.930785
290	1236.997365	2621.712432
291	1948.382205	1646.576521
292	2583.271035	1665.333843
293	2547.458136	1676.737197
294	2512.513711	1690.002470
295	2450.667302	1709.945535
296	2526.000504	1730.049278
297	2374.645670	1736.512929
298	2329.544655	1752.229814
299	2464.504469	1750.866753
300	2324.177926	1754.107569
301	2217.277550	1753.705709
302	2300.102389	1762.173221
303	2224.195225	1761.645322
304	2573.418389	1756.220053
305	2236.405522	1767.492395
306	2240.599868	1768.074369
307	2232.334168	1768.671560
308	2246.690231	1774.328832
309	2227.407278	1774.888393
310	2273.851541	1772.309589
311	2539.438975	1769.082124
312	2227.203184	1779.124626
313	2247.073561	1779.029568
314	2389.043915	1775.636271
315	2245.251460	1783.377835
316	2225.419054	1783.749410
317	2235.318513	1787.305013
318	2243.246233	1802.511118
319	2203.159714	1790.456673
320	2201.553980	1790.390970
321	2340.460949	1789.053253
322	2587.877566	1793.212378
323	2186.291889	1802.490392
324	2459.434956	1798.983666
325	2304.649537	1810.823746
326	2287.940882	1813.990783
327	2149.879229	1814.584712
328	2133.432785	1820.275587
329	2249.734992	1818.956917
330	2239.801542	1824.620131
331	2434.925219	1822.610238
332	2100.457041	1831.531621
333	2312.028139	1833.163091
334	2472.007277	1835.494634
335	2295.346058	1834.055544
336	2063.512055	1843.987030
337	2217.752212	1843.719108
338	2462.768753	1844.420759
339	2202.573128	1845.883166
340	2048.688815	1849.305201
341	2149.497066	1855.968993
342	2456.351794	1852.998573
343	2014.411558	1861.215978
344	2504.881587	1862.534015
345	1978.466607	1873.916684
346	2130.511843	1872.285318
347	2227.178531	1870.052683
348	2368.424709	1867.866660
349	2114.076434	1874.215551
350	2363.673860	1869.531658
351	2214.618600	1874.168857
352	1962.186382	1879.371382
353	2077.313737	1882.662562
354	2449.037484	1873.714248
355	2061.203623	1888.069111
356	2328.871142	1881.125286
357	1927.804259	1890.369556
358	1888.418039	1904.447274
359	2039.542728	1900.271659
360	2140.196689	1900.454777
361	2123.368604	1901.772159
362	2281.677226	1914.585534
363	2028.141566	1903.803239
364	2447.266110	1899.592364
365	1990.524125	1910.277609
366	1978.591319	1914.458400
367	2448.502771	1905.195660
368	2240.334269	1911.831333
369	2409.727441	1909.768501
370	2411.778915	1915.715005
371	2388.761481	1915.671457
372	2379.509578	1915.402092
373	2387.742433	1925.349335
374	2506.368323	1914.427419
375	2379.612905	1924.545864
376	1953.030605	1929.861245
377	2052.637950	1928.107862
378	1942.250852	1931.682498
379	2192.080008	1929.862360
380	1940.743006	1934.959253
381	2041.507587	1932.049655
382	1857.320799	1945.393131
383	2461.089972	1928.555864
384	2289.816424	1939.748446
385	2294.079196	1938.520848
386	2288.257161	1940.358407
387	2295.151887	1944.205281
388	2021.543961	1950.877411
389	2289.431032	1945.519330
390	2293.444092	1945.123449
391	2006.772227	1952.827911
392	2389.842994	1946.697065
393	2426.988128	1945.946906
394	1967.998636	1958.994225
395	2489.897310	1947.667017
396	2102.660242	1958.508618
397	2495.496239	1949.677938
398	2523.970050	1951.070092
399	1949.677079	1962.251665
400	2200.587236	1959.748510
401	2201.850337	1964.325164
402	2337.795620	1962.633813
403	1935.080071	1976.933160
404	1919.246696	1979.505407
405	2304.078360	1974.709267
406	2110.996211	1980.078787
407	2112.793684	1980.611837
408	2109.414594	1980.140159
409	2459.340116	1975.088168
410	2113.590526	1981.116251
411	2115.480048	1983.965742
412	2105.243305	1984.410873
413	2115.618397	1985.693279
414	2106.915404	1989.106395
415	2073.997266	1991.731213
416	1768.681787	2001.392015
417	2479.351188	1983.404283
418	2484.726310	1985.453224
419	2252.797468	1992.482700
420	2075.625123	1996.105982
421	2362.171903	1993.414096
422	2364.268898	1991.433859
423	2037.963722	2000.246159
424	2352.511265	1996.808517
425	2023.352317	2003.696322
426	2216.136974	2005.464095
427	1987.505070	2012.168669
428	1988.598380	2015.295771
429	1950.391336	2020.934336
430	1933.462427	2024.794483
431	2163.486836	2021.708603
432	2371.980994	2017.143845
433	2278.287003	2022.540333
434	2359.854180	2018.732625
435	1903.668176	2031.979093
436	2262.676792	2025.290358
437	2361.138273	2019.770246
438	1905.727440	2037.021334
439	2083.284326	2033.120657
440	2127.808593	2033.094287
441	2088.438944	2035.357136
442	2518.039323	2028.639739
443	2509.822237	2028.492522
444	2528.658646	2028.841341
445	2469.961449	2033.299066
446	2464.549681	2033.552656
447	2523.021110	2033.825187
448	2426.814896	2037.493357
449	2576.333519	2034.673437
450	2091.853863	2045.306859
451	2419.904435	2037.179796
452	2467.951551	2037.617995
453	2463.262921	2037.928331
454	2427.527239	2041.321858
455	2080.836310	2048.763702
456	2420.147518	2043.336647
457	2576.020120	2040.315177
458	2000.726397	2052.459400
459	2614.151130	2040.182484
460	2287.128493	2048.792034
461	2275.542529	2052.427135
462	2386.230433	2049.769926
463	2192.676520	2060.284313
464	2177.695169	2063.181956
465	1922.291770	2071.300638
466	2251.363058	2069.153211
467	2253.630649	2069.665191
468	2334.060771	2068.482615
469	2237.198348	2074.240874
470	2335.654360	2072.508700
471	2062.645039	2075.479550
472	2064.900904	2082.225914
473	2298.970286	2079.838596
474	2012.169844	2088.617050
475	2300.514196	2084.797528
476	2202.678217	2088.275078
477	2186.764878	2090.094347
478	2262.280198	2092.670777
479	2264.389937	2097.329267
480	2245.472467	2097.947735
481	1939.482706	2107.385832
482	2247.015537	2103.117445
483	2209.966511	2109.878621
484	2440.194631	2099.173158
485	2211.516478	2115.120288
486	2308.573923	2113.772474
487	2444.764750	2111.411199
488	2272.098236	2119.578364
489	2298.259485	2117.347265
490	2270.834858	2121.779405
491	2409.410297	2120.404135
492	2160.829288	2126.325907
493	2256.016097	2127.540984
494	2483.669627	2123.801860
495	2162.521321	2131.708757
496	2023.794383	2123.988796
497	2030.330577	2143.151249
498	1955.870123	2141.652263
499	2217.416855	2134.828741
500	2124.417326	2138.648004
501	2212.504231	2140.951040
502	2126.072040	2143.532470
503	2032.846698	2147.551481
504	2524.396141	2136.109585
505	2318.665109	2140.202822
506	2316.763143	2144.563878
507	2088.697156	2151.310500
508	2305.305757	2149.211228
509	2090.522934	2156.191325
510	2039.343496	2167.125206
511	2002.934914	2172.814191
512	2013.988896	2176.100904
513	2021.551243	2174.631001
514	2017.910820	2181.225526
515	2370.057024	2178.273638
516	2318.060077	2185.707113
517	2371.739138	2184.704968
518	2276.919117	2190.392006
519	2346.839963	2187.935186
520	2321.476980	2190.981201
521	2232.160418	2194.444052
522	2296.902412	2193.633365
523	2271.504915	2197.068486
524	2186.757964	2198.903777
525	2247.207966	2201.711570
526	1999.898273	2205.513995
527	2234.931843	2203.059684
528	2146.544132	2203.181231
529	2221.699171	2204.439246
530	1990.873307	2210.121052
531	1996.075358	2210.065787
532	2108.961150	2208.456690
533	2004.946627	2208.789862
534	2197.895601	2207.136266
535	2000.016358	2211.313044
536	1985.523554	2212.281561
537	2172.311773	2209.604980
538	2003.450014	2213.597189
539	2147.272559	2212.034440
540	2055.428795	2215.358451
541	2006.110517	2216.740849
542	1980.642196	2217.604659
543	2121.187536	2214.824542
544	2111.455394	2215.852456
545	2096.409601	2217.470425
546	2008.187805	2222.381721
547	1979.173959	2221.734725
548	2019.491793	2226.361953
549	1978.999578	2226.103477
550	2011.516879	2227.541142
551	1980.137753	2230.333359
552	2003.385302	2235.429300
553	1982.478661	2234.038460
554	2000.513010	2237.409502
555	1989.859697	2238.623536
556	1997.245517	2238.660443
557	1996.262677	2243.234981
558	1998.043042	2246.985293
559	2339.716351	2265.902303
560	2325.023709	2269.536886
561	2314.370752	2266.990140
562	2316.387305	2271.794814
563	2289.689396	2277.187726
564	2327.723639	2274.792930
565	2339.827298	2272.128531
566	2317.509369	2277.034481
567	2277.905465	2280.050605
568	2240.891080	2288.913179
569	2238.021023	2289.490025
570	2278.690996	2286.312417
571	2266.600041	2289.825221
572	2228.400506	2291.236506
573	2216.623075	2293.650065
574	2241.065994	2295.126968
575	2218.190564	2300.721665
576	2166.892531	2303.027406
577	2193.626991	2305.891971
578	2376.531593	2315.353399
579	2378.777400	2315.094908
580	2122.705239	2332.409439
581	2351.724986	2320.911199
582	2170.679391	2322.925002
583	2358.685131	2349.987137
584	2333.211533	2355.609097
585	2308.208821	2361.748021
586	2284.126383	2367.407092
587	2259.886474	2372.953098
588	2235.252810	2378.590735
589	2210.200159	2384.642235
590	2079.038580	2412.125474
591	2100.879088	2477.518812
592	1862.867868	1900.249012
593	1934.129614	1681.994211
594	2018.900641	1465.073014
595	2079.532036	1421.115346
596	2229.229010	1771.277800
597	2230.433744	1784.935140
598	2243.078019	1785.537198
599	2061.321708	1396.443813
600	2000.132564	1439.831051
601	1210.121674	749.490785
602	1122.253883	825.050382
603	890.356681	969.823247
604	1929.852618	1674.264754
605	1821.955978	1519.874177
606	1821.939968	1511.332997
607	1805.222445	1512.853591
608	1801.316263	1501.949233
609	1681.032889	1430.309763
610	1689.001637	1454.677599
611	1725.334751	1442.555877
612	1721.297364	1430.517292
613	1695.302045	1441.387231
614	1693.787503	1436.566332
615	1701.215256	1434.023185
616	1698.286647	1424.578919
617	1679.328816	1430.401517
618	1683.447587	1442.743421
619	1636.012087	1459.139607
620	1631.154334	1445.249346
621	1740.523669	1411.682628
622	1748.961369	1436.983388
623	1783.883287	1425.141530
624	1774.130734	1400.123888
625	1726.258603	1337.242337
626	1730.420120	1349.333750
627	1764.906008	1337.595475
628	1760.739187	1325.504170
629	1797.729612	1341.982938
630	1798.392439	1345.485276
631	1791.676576	1348.562280
632	1798.659718	1371.864018
633	1805.381820	1369.080844
634	1807.251045	1373.733352
635	1841.521905	1362.449160
636	1839.346299	1357.220793
637	1842.578596	1356.564091
638	1842.522561	1353.930725
639	1846.918396	1352.661343
640	1847.981345	1347.070103
641	1847.306936	1343.274052
642	1845.737086	1338.615170
643	1842.123477	1335.175621
644	1837.440665	1337.033486
645	1834.620880	1329.178721
646	1735.934336	1268.454486
647	1740.605705	1281.383659
648	1700.900782	1295.174345
649	1696.417573	1282.795817
650	1741.403295	1289.708542
651	1745.462779	1300.776039
652	1707.976708	1314.785714
653	1703.807471	1303.337853
654	1722.544751	1230.868341
655	1727.355873	1243.578229
656	1688.389585	1258.157441
657	1683.578415	1245.447560
658	1716.056286	1213.729263
659	1719.952448	1224.911169
660	1681.021284	1238.380353
661	1677.069378	1227.094255
662	1630.834000	1243.137415
663	1633.996996	1253.037052
664	1636.329545	1251.817075
665	1638.230025	1257.933178
666	1659.313059	1248.421305
667	1658.314638	1245.486302
668	1664.626308	1243.266437
669	1661.504809	1233.304903
670	1602.140402	1282.773464
671	1604.381129	1289.797485
672	1631.010511	1281.309972
673	1624.737509	1275.048494
674	1648.323522	1300.198591
675	1652.714752	1313.277925
676	1692.266484	1299.329442
677	1688.218543	1286.797440
678	1654.638119	1318.711324
679	1659.154330	1331.632695
680	1698.827726	1317.875755
681	1693.871349	1303.871099
682	1599.576469	1316.567248
683	1604.036161	1329.844791
684	1643.695045	1316.160044
685	1639.094325	1302.536073
686	1605.348212	1333.693826
687	1610.321103	1347.714756
688	1650.166209	1334.741545
689	1644.909356	1319.689467
690	1590.534527	1319.660655
691	1555.358619	1345.452354
692	1551.004591	1333.121013
693	1585.869112	1275.887450
694	1575.718147	1279.392738
695	1577.346189	1284.266686
696	1561.095095	1289.626891
697	1558.370277	1281.470611
698	1571.588824	1277.106812
699	1568.303760	1267.254151
700	1527.250651	1281.024323
701	1530.547304	1290.665967
702	1553.862863	1282.775768
703	1557.016635	1291.987833
704	1538.671129	1298.196937
705	1541.596795	1306.742736
706	1590.786658	1290.070411
707	1572.709199	1310.117738
708	1575.222663	1317.391084
709	1590.448049	1312.086018
710	1587.634206	1304.519560
711	1583.117302	1308.642516
712	1392.946669	1391.588618
713	1397.779938	1406.572039
714	1420.315677	1398.742457
715	1487.927592	1342.845832
716	1485.728114	1328.726984
717	1519.259053	1317.851287
718	1594.383437	1313.804793
719	1546.796453	1330.398607
720	1642.167255	1294.394979
721	1691.474596	1281.980346
722	1645.378664	1302.801584
723	1692.967001	1286.263714
724	1683.490760	1258.411497
725	1712.599470	1266.899047
726	1741.391817	1265.803587
727	1705.121746	1315.833767
728	1724.600870	1345.791434
729	1742.449922	1408.713092
730	1699.683858	1422.885230
731	1703.996974	1438.578603
732	1763.886490	1401.251574
733	1764.453520	1403.519093
734	1752.469408	1179.442554
735	1768.782068	1185.007894
736	1769.202629	1186.424380
737	1762.519765	1190.554499
738	1953.065258	1474.044086
739	1949.413508	1441.403411
740	1943.350332	1426.135508
741	1929.021931	1406.223578
742	1911.825790	1372.179350
743	1909.581524	1369.503796
744	1911.884413	1377.951935
745	1906.405118	1368.262411
746	1901.626567	1369.390157
747	1900.136243	1370.730820
748	1899.097745	1372.444574
749	1898.593418	1374.379914
750	1900.267917	1379.685502
751	1909.230520	1380.909173
752	1917.569752	1391.042582
753	1910.750519	1379.706542
754	1884.239952	1345.755095
755	1744.520616	1168.319163
756	1759.077891	1177.094422
757	1762.331811	1178.456154
758	1765.581346	1181.370985
759	1765.944128	1189.621922
760	1792.064347	1168.000676
761	2147.327445	1653.804442
762	2148.119202	1657.087719
763	2147.014537	1660.971496
764	2150.426480	1670.028338
765	2153.092238	1677.442670
766	1796.480528	1164.667583
767	1793.713433	1159.290951
768	1788.755250	1163.040468
769	1752.229479	1182.492660
770	1508.510835	1267.474219
771	1510.334664	1273.503208
772	1510.495391	1272.512509
773	1505.084435	1265.800088
774	1497.686838	1272.524756
775	1506.059325	1278.170155
776	1500.312088	1277.260975
777	1503.148220	1265.791427
778	1506.925785	1266.376511
779	1362.802928	1315.007430
780	1360.766998	1314.335343
781	1356.953939	1314.594137
782	1366.897066	1323.666965
783	1365.877609	1317.742853
784	1352.689729	1318.024060
785	1351.836691	1320.155468
786	1351.650067	1322.439060
787	1352.157796	1324.680114
788	1359.343332	1329.585302
789	1364.945988	1327.225049
790	1366.162248	1325.573990
791	1497.819979	1270.741498
792	1366.757196	1319.615455
793	1498.896831	1275.849047
794	1429.642314	1509.345939
795	1428.683217	1508.007497
796	1424.907127	1506.485071
797	1429.918326	1513.261426
798	1423.531742	1506.691885
799	1420.393723	1509.260263
800	1419.894769	1510.690805
801	1419.836047	1512.200704
802	1420.220183	1513.662335
803	1425.110838	1516.791663
804	1428.078937	1515.785474
805	1429.194147	1514.663490
806	1540.402242	1377.435861
807	1557.100523	1378.261472
808	1566.987808	1378.450163
809	1572.731842	1380.718317
810	1581.037433	1385.488825
811	1592.023035	1392.548403
812	1598.524195	1397.973019
813	1604.927704	1404.337071
814	1611.896648	1421.177454
815	1614.472180	1429.608687
816	1639.146622	1496.827635
817	1641.710987	1498.459137
818	1645.400177	1499.168151
819	1648.892681	1498.677774
820	1828.545549	1416.387096
821	1817.490468	1439.723302
822	1863.448767	1403.913642
823	1956.853179	1391.144330
824	1909.079714	1330.578546
825	2158.211394	1674.483000
826	1658.125895	1254.203810
827	1667.145339	1251.055494
828	1669.644182	1257.896536
829	1660.482299	1261.136628
830	1556.436653	1351.369662
831	1596.686860	1337.078634
832	1601.604449	1350.762407
833	1561.354296	1365.053427
834	1476.321225	1309.426018
835	1493.137239	1304.225568
836	1496.719518	1310.705173
837	1478.483154	1316.512724
838	1436.712863	1309.172020
839	1453.515347	1303.838676
840	1451.911491	1298.847741
841	1461.898453	1295.678605
842	1466.389494	1309.665420
843	1439.605422	1318.167783
844	1495.398491	1338.560033
845	1504.720571	1335.061218
846	1502.284318	1329.405803
847	1511.697638	1326.925605
848	1514.701887	1333.134658
849	1519.547473	1331.888829
850	1525.340177	1347.733713
851	1508.801530	1352.645345
852	1505.889284	1351.004636
853	1500.229894	1352.961126
854	1497.441870	1365.932756
855	1524.667709	1356.583585
856	1527.429086	1365.199438
857	1500.280087	1373.886939
858	1412.406657	1317.000431
859	1421.059834	1314.486438
860	1430.611459	1340.822794
861	1421.870419	1344.231644
862	1418.847792	1337.163289
863	1409.175653	1340.547626
864	1410.678624	1343.815749
865	1395.614283	1350.149319
866	1391.815546	1338.787886
867	1405.551354	1334.357353
868	1403.813622	1329.108589
869	1415.453019	1325.432718
870	1441.992847	1375.473160
871	1444.722394	1383.596050
872	1424.266855	1391.919230
873	1453.533024	1364.134187
874	1461.845866	1361.211486
875	1461.182546	1358.946017
876	1484.043429	1351.059759
877	1485.774859	1357.018609
878	1465.453153	1364.096423
879	1468.239948	1372.145990
880	1487.703711	1368.225773
881	1489.466826	1373.412986
882	1458.862474	1380.571312
883	1457.032595	1375.263501
884	1465.629013	1372.096258
885	1463.221085	1364.759659
886	1454.756912	1367.607934
887	1221.893663	1365.324756
888	1229.396666	1350.765900
889	1252.052952	1316.493147
890	1215.623471	1424.623302
891	1213.748576	1440.770414
892	1233.613026	1489.216928
893	1281.180230	1538.414597
894	1291.630598	1390.016537
895	1302.453352	1386.169355
896	1313.997970	1419.174437
897	1303.261113	1423.286015
898	1290.938039	1344.511086
899	1297.235833	1359.446625
900	1303.868389	1357.230760
901	1298.118375	1342.150419
902	1310.652518	1355.100412
903	1316.007048	1343.865459
904	1319.486219	1345.505128
905	1327.758850	1339.693445
906	1327.564385	1337.345874
907	1340.375500	1332.940518
908	1343.276550	1341.076387
909	1332.451142	1344.801545
910	1334.141298	1349.823914
911	1345.024820	1345.814645
912	1348.144186	1354.156625
913	1335.115579	1358.644266
914	1334.427604	1356.728754
915	1322.376177	1356.630798
916	1321.162354	1360.150986
917	1352.857236	1367.511937
918	1734.534305	1160.971901
919	1717.081531	1153.606085
920	1707.989615	1151.092948
921	1703.517080	1149.768262
922	1691.375349	1148.950716
923	1680.833579	1148.675954
924	1670.866802	1149.032349
925	1647.441799	1153.807412
926	1632.334811	1158.405407
927	1375.655527	1247.326778
928	1350.857066	1254.649972
929	1339.837837	1255.811200
930	1326.233538	1256.883356
931	1315.627688	1257.115075
932	1311.739933	1256.881833
933	1319.792609	1274.608682
934	1326.043644	1278.324651
935	1339.524381	1281.742244
936	1352.868750	1274.751975
937	1356.896482	1265.497726
938	1353.854913	1257.292744
939	1351.200179	1286.041407
940	1351.937150	1279.469727
941	1355.023988	1271.738641
942	1362.212383	1264.485848
943	1376.983442	1251.413969
944	1389.689896	1241.592009
945	1344.279546	1287.791919
946	1311.846567	1278.433289
947	1298.972335	1280.133313
948	1287.653917	1284.567879
949	1353.039175	1311.588212
950	1366.263535	1583.861377
951	1383.953487	1591.826022
952	1413.707954	1626.849912
953	1423.204119	1632.781831
954	1438.324572	1637.878326
955	1477.312680	1643.963504
956	1410.619540	1624.469769
957	1408.424879	1621.116568
958	1422.476410	1604.926200
959	1425.617319	1606.256940
960	1428.246513	1608.419474
961	1430.207197	1611.333948
962	1407.475782	1617.237619
963	1407.872230	1613.257871
964	1409.575926	1609.638500
965	1415.518495	1605.168865
966	1418.975826	1604.534942
967	1431.225356	1614.690053
968	1430.060724	1621.770030
969	1427.841893	1624.806907
970	1424.781642	1627.007566
971	1421.180057	1628.149296
972	1417.403733	1628.118897
973	1412.392252	1606.783006
974	1450.414322	1628.252508
975	1431.214541	1618.195669
976	1438.611659	1568.574296
977	1438.436883	1559.875573
978	1424.881830	1518.843203
979	1423.539492	1516.586668
980	1443.661750	1561.123063
981	1443.449198	1570.467890
982	1436.680827	1589.131950
983	1443.447733	1504.930555
984	1495.506868	1488.684429
985	1553.697344	1479.828967
986	1595.004067	1479.758629
987	1626.764250	1470.135570
988	1608.261229	1478.977010
989	1635.007430	1479.261402
990	1632.788594	1487.323312
991	1636.471201	1492.242233
992	1623.519490	1441.584915
993	1619.990327	1444.372315
994	1621.848136	1450.744458
995	1624.462120	1462.236521
996	1615.676625	1477.110723
997	1625.589512	1466.455554
998	1631.754160	1485.459548
999	1631.226610	1467.472500
1000	1621.709910	1474.131313
1001	1292.067365	1254.533681
1002	841.702532	1049.690362
1003	1398.351778	1427.120715
1004	1523.880418	1379.119071
1005	1538.490098	1370.022138
1006	1537.180144	1370.288549
1007	1539.809739	1370.210332
1008	1540.988561	1370.817513
1009	1542.418568	1372.922437
1010	1542.542196	1374.206586
1011	1541.481447	1376.630813
1012	1535.907101	1376.805055
1013	1535.114880	1375.768104
1014	1534.703530	1374.534458
1015	1551.349448	1378.173241
1016	1760.048173	1334.748169
1017	1757.998623	1329.916468
1018	1586.288134	1224.251977
1019	2043.575249	1369.948752
1020	1982.296543	1415.417879
1021	2025.328964	1344.850928
1022	1963.388852	1390.156721
1023	2026.117838	1339.947766
1024	2010.238190	1318.255046
1025	1945.199673	1366.244712
1026	2040.032129	1295.108719
1027	2022.298621	1270.488053
1028	1926.475620	1341.578685
1029	1990.630268	1293.263841
1030	1972.147486	1268.121157
1031	2002.772318	1245.312047
1032	1983.425569	1219.278088
1033	1888.230216	1289.723360
1034	1871.257890	1264.953542
1035	1966.920163	1194.575875
1036	1948.739790	1170.081224
1037	1852.773683	1239.761090
1038	1834.453817	1214.504142
1039	1928.224355	1146.190883
1040	1815.032386	1190.263454
1041	1909.887197	1119.109410
1042	1929.345901	1145.362802
1043	1906.144268	1085.699695
1044	1893.910065	1094.867441
1045	1874.878506	1070.096975
1046	1779.676150	1140.016258
1047	1760.044420	1115.203250
1048	1856.302832	1045.139338
1049	1740.676118	1090.207163
1050	1837.652827	1019.456710
1051	1820.262983	995.694085
1052	1832.711784	986.050258
1053	1936.628685	908.852776
1054	1845.700102	976.877517
1055	1862.863015	1000.534073
1056	1954.765528	934.052835
1057	1914.476013	1002.165313
1058	1932.126361	1026.621343
1059	1989.524588	984.413073
1060	2008.426648	1011.405025
1061	1918.938777	1076.220546
1062	1936.650948	1100.569857
1063	2026.228107	1035.685999
1064	1956.145371	1125.990565
1065	1973.522178	1150.923853
1066	2045.422249	1060.575221
1067	2062.270352	1085.553137
1068	2024.827829	1152.478767
1069	2043.015083	1177.306145
1070	2081.623604	1110.638670
1071	2101.231073	1134.603987
1072	2119.827780	1159.833188
1073	2027.190402	1227.893002
1074	2045.646505	1252.792288
1075	2136.715263	1184.161376
1076	2064.117785	1277.402849
1077	2083.392204	1302.312495
1078	2156.092331	1209.124429
1079	2174.907460	1234.576423
1080	2134.224698	1303.034741
1081	2152.824329	1327.659293
1082	2171.333669	1352.568640
1083	2192.437761	1259.467806
1084	2211.411970	1284.611390
1085	2230.203994	1309.742217
1086	2168.344621	1417.524956
1087	2185.942280	1442.825265
1088	2261.356485	1350.545270
1089	2067.807996	1530.728663
1090	2175.829950	1450.910480
1091	2279.709347	1375.153001
1092	2205.543044	1467.262156
1093	2224.300557	1493.042563
1094	2296.585275	1399.470420
1095	2212.661360	1501.753654
1096	2314.940717	1425.969430
1097	2120.301089	1492.130092
1098	2272.863937	1493.741333
1099	2290.929115	1519.164904
1100	2334.171031	1450.858062
1101	2350.891958	1475.189891
1102	2308.683823	1543.319411
1103	2329.511518	1568.639956
1104	2369.286383	1499.757965
1105	2387.678958	1525.501919
1106	2349.456342	1594.949882
1107	2157.266454	1656.194426
1108	2278.980265	1569.691110
1109	2307.385622	1609.598458
1110	2237.167498	1560.995284
1111	2256.007819	1585.648014
1112	2140.430723	1631.510317
1113	2219.524092	1536.550082
1114	2122.620431	1607.274007
1115	2104.210594	1582.007729
1116	2085.590602	1555.664380
1117	2180.730232	1485.964933
1118	2199.716210	1511.169172
1119	2150.248397	1665.927788
1120	2151.983066	1666.523203
1121	2158.158115	1666.441855
1122	2154.668702	1654.746572
1123	2149.575185	1655.642436
1124	2153.354117	1654.541568
1125	2147.233330	1658.936862
1126	2159.154487	1660.230895
1127	2229.725198	1765.687586
1128	2209.276245	1753.659460
1129	2159.537928	1677.766001
1130	2157.910227	1669.120488
1131	2034.121051	1481.172288
1132	2068.666290	1527.582240
1133	2173.406766	1450.884323
1134	2201.527392	1361.073115
1135	2078.110535	1447.579737
1136	2096.357050	1435.466748
1137	2017.976125	1240.745800
1138	2029.206697	1260.096969
1139	2034.321230	1247.098382
1140	2012.861605	1253.744398
1141	2003.039732	1239.526998
1142	2022.932353	1226.086650
1143	1917.858172	1078.722777
1144	1897.509967	1093.637223
1145	1900.621287	1069.433009
1146	1918.192678	1056.979231
1147	1925.893150	1051.402178
1148	1883.589547	1047.409846
1149	1908.216150	1028.710493
1150	1894.274102	1089.352097
1151	1823.800735	994.054735
1152	1841.934788	981.145160
1153	1943.061425	1052.434828
1154	1784.702001	947.403435
1155	1782.343800	944.153473
1156	1796.325889	934.177485
1157	1784.789502	936.935442
1158	1792.282015	930.630594
1159	1841.263770	980.022414
1160	1827.986420	962.029329
1161	1822.993011	952.562397
1162	1806.763424	926.024048
1163	1899.322538	859.206766
1164	1874.412390	869.875291
1165	1973.106721	960.063883
1166	1918.299821	884.183719
1167	1852.756152	840.152145
1168	1792.646860	883.921822
1169	1718.127352	783.053290
1170	1777.789310	863.810345
1171	1858.851770	803.865355
1172	1762.722432	843.414913
1173	1844.581399	785.205565
1174	1747.754677	823.156041
1175	1828.301516	763.598989
1176	1733.403662	803.732660
1177	1813.886949	743.444743
1178	1798.901849	723.374741
1179	1664.821660	795.435794
1180	2072.786319	1086.377929
1181	2106.073342	1131.184347
1182	2237.861318	1310.699935
1183	2264.258570	1344.665478
1184	2321.022449	1422.495813
1185	2412.245464	1546.328294
1186	2416.422651	1552.900792
1187	2418.368900	1561.195655
1188	1669.163004	792.348318
1189	1755.139260	910.821314
1190	1779.245352	894.040746
1191	1691.928603	776.150765
1192	1901.221349	1034.022961
1193	2407.471144	1551.177343
1194	505.742411	2460.945689
1195	505.418225	2476.510941
1196	520.940883	2470.443066
1197	521.148577	2457.176622
1198	1825.201803	984.995335
1199	2158.297444	1663.687880
1200	2153.818557	1666.578473
1201	2418.069505	1567.497132
1202	2415.152581	1573.432658
1203	2393.771451	1581.224460
1204	2413.304320	1557.914351
1205	2414.189179	1566.342675
1206	2410.530349	1575.117052
1207	2567.887258	1975.107477
1208	2107.917834	1980.671171
1209	2106.654656	1981.624289
1210	2108.723960	1990.160570
1211	2115.218916	1987.276955
1212	2114.777928	1982.383310
1213	2111.919964	1980.264357
1214	2111.694486	1990.280420
1215	2105.201409	1985.709624
1216	2105.474296	1986.973948
1217	2106.060432	1988.131773
1218	2105.735542	1982.913966
1219	2306.435493	1759.969869
1220	2318.596579	1792.451776
1221	2336.407478	1790.570327
1222	1707.597651	2588.627714
1223	1700.847325	2582.021589
1224	1687.655741	2552.207707
1225	1642.930391	2455.465794
1226	1619.363264	2413.315940
1227	1610.073880	2399.242949
1228	1595.098279	2377.065795
1229	1563.871565	2333.842460
1230	1493.261493	2230.564328
1231	1432.606687	2147.540509
1232	1427.746000	2152.070330
1233	1526.489884	2296.152729
1234	1535.817620	2305.998453
1235	1539.894255	2309.339227
1236	1586.310049	2373.204292
1237	1614.989948	2413.864016
1238	1640.655076	2459.857207
1239	1677.177496	2551.588072
1240	1675.687387	2562.457659
1241	1671.434779	2571.672294
1242	1661.537299	2584.995231
1243	1652.509284	2592.448106
1244	693.678381	1581.250037
1245	692.607911	1595.710726
1246	685.375201	1635.861965
1247	781.970984	1671.318496
1248	1047.367764	1806.783617
1249	1061.178025	1816.383624
1250	1102.784987	1869.462717
1251	1248.568629	1945.615072
1252	1411.814229	2109.924052
1253	1532.624903	2303.232300
1254	1539.203473	2298.765712
1255	1575.679312	2359.176559
1256	1580.055782	2355.766418
1257	1942.567237	2127.431534
1258	1332.447897	2150.493367
1259	1289.709012	2092.141175
1260	1279.432467	2080.956919
1261	1255.484427	2069.654120
1262	1344.853888	2014.904716
1263	1323.374240	2029.051948
1264	1379.602758	2120.606227
1265	1296.716330	2045.877814
1266	1351.997192	2137.119430
1267	1328.576782	1997.941434
1268	1314.778866	1990.398699
1269	1246.854481	1952.496079
1270	1118.135800	2030.799907
1271	1138.170278	2062.164701
1272	1240.465072	1999.395254
1273	1222.284706	1967.441626
1274	1248.421475	2005.853479
1275	1260.927748	2010.506240
1276	1277.859208	2014.276938
1277	1233.801252	2039.949537
1278	1217.700410	2013.969511
1279	1247.715490	2063.458133
1280	1253.414812	1948.168397
1281	1154.167455	1896.247722
1282	1350.552593	1747.136242
1283	1202.709823	1920.775101
1284	1307.306960	1841.512185
1285	1259.619553	1815.695906
1286	1456.677202	1920.929515
1287	1257.634790	1950.197080
1288	1363.812903	1869.592016
1289	1429.476205	1819.298822
1290	1609.934407	2405.491262
1291	1613.669482	2404.102637
1292	1663.385645	2516.950468
1293	1669.837600	2513.573746
1294	1682.178852	2542.878846
1295	1984.570673	2254.438064
1296	1956.666678	2326.259408
1297	1987.416386	2246.185411
1298	1976.268371	2440.420255
1299	1940.298594	2448.590714
1300	1991.396152	2335.165244
1301	1997.196649	2343.128452
1302	2042.998749	2422.033066
1303	1982.161961	2334.962492
1304	1971.535774	2286.457780
1305	1986.139465	2332.148969
1306	2855.814283	2335.999066
1307	2854.304939	2330.135346
1308	2297.175976	3147.557061
1309	2194.629240	3197.544304
1310	2374.383742	2990.743082
1311	2278.565705	3162.773091
1312	1892.586758	842.749534
1313	1921.555303	1677.403106
1314	1949.193387	1684.702037
1315	2139.033367	1516.712908
1316	984.417933	2398.710047
1317	809.184295	1590.643930
1318	1067.501446	1313.892427
1319	967.461719	1586.689658
1320	1034.443599	1579.556862
1321	1701.532969	1030.423099
1322	1608.213616	1067.197160
1323	794.966512	1594.275882
1324	1037.385380	1270.041067
1325	1157.184851	1442.926075
1326	1078.279626	1314.216970
1327	763.659881	1393.737418
1328	1664.783977	1059.508905
1329	237.056652	784.527735
1330	145.505647	611.269692
1331	280.722694	706.599797
1332	264.732397	737.171347
1333	1644.504309	1747.308447
1334	767.400672	1541.923186
1335	837.274863	1616.273120
1336	939.177314	1336.949999
1337	775.115813	1446.523368
1338	1169.307823	1553.864153
1339	962.409149	1332.659883
1340	921.238965	1329.917474
1341	895.891549	1298.521912
1342	1017.506727	1279.589606
1343	602.332075	784.621178
1344	1601.586565	1752.787732
1345	916.592137	1595.758181
1346	226.410927	870.340525
1347	276.609947	713.360456
1348	282.873598	836.289697
1349	1709.490138	1036.155164
1350	1581.215339	1119.664855
1351	1575.662843	1101.535224
1352	228.511161	609.253617
1353	1582.367670	1066.039236
1354	782.127786	1559.856533
1355	543.731873	684.493390
1356	1585.952446	1712.032626
1357	264.768568	819.294187
1358	1051.690420	1285.504459
1359	820.517410	1610.929510
1360	1745.086413	1027.787884
1361	1771.357979	941.114796
1362	986.914892	1315.396959
1363	768.774297	1364.541789
1364	282.576923	686.031983
1365	1703.809389	1056.465158
1366	1625.348946	1063.410130
1367	1690.882618	1015.252833
1368	1198.680903	1532.138190
1369	783.902958	1330.201179
1370	1697.951837	996.854540
1371	1564.781721	1075.537709
1372	233.760868	630.612284
1373	1725.753580	1086.137513
1374	183.612756	543.982458
1375	1606.199460	1080.357440
1376	136.548219	627.075401
1377	1618.839756	1081.225307
1378	762.325622	1492.417502
1379	1806.684088	983.137398
1380	246.842922	759.225140
1381	1940.138036	2128.121088
1382	1424.291659	2154.590045
1383	1854.910816	1951.257116
1384	1598.141549	2336.467196
1385	1667.592258	2192.541835
1386	1510.595181	2219.872540
1387	1767.624727	2009.007629
1388	1695.423494	2048.600199
1389	1626.664062	2133.728697
1390	1503.762998	2228.998054
1391	1720.253681	2259.929377
1392	1594.564040	2336.970569
1393	1610.378576	2119.349986
1394	1677.659098	2197.929192
1395	1512.935476	2223.289177
1396	1501.674186	2225.337554
1397	1928.081012	2129.720011
1398	1590.808067	2335.625224
1399	1587.596714	2332.987027
1400	912.869945	2511.626673
1401	787.507942	2566.946603
1402	875.916094	2493.298260
1403	1018.560635	2567.416377
1404	988.280916	2595.086850
1405	970.917034	2533.320033
1406	953.524353	2500.212953
1407	937.745133	2484.038331
1408	916.096340	2468.965483
1409	892.098248	2460.315945
1410	857.428781	2457.535665
1411	826.063000	2462.949208
1412	687.645148	2536.415324
1413	617.219240	2573.228006
1414	562.974871	2585.550045
1415	792.943807	2644.759900
1416	757.171350	2498.025074
1417	774.515896	2531.598942
1418	400.565966	2136.242166
1419	460.395420	2060.246867
1420	345.117537	1967.514670
1421	395.810948	1983.489710
1422	301.707431	1934.804743
1423	489.881665	1997.736963
1424	528.157052	1971.779839
1425	455.850867	2023.109682
1426	334.083634	1961.477913
1427	540.606304	2522.692441
1428	521.136385	2281.653804
1429	520.137565	2358.584757
1430	532.881012	2293.676866
1431	515.822812	2340.905808
1432	525.498286	2341.219880
1433	515.189359	2355.268512
1434	521.778547	2269.692609
1435	529.500972	2353.819256
1436	524.139863	2336.972535
1437	521.634100	2275.181318
1438	515.891819	2336.638972
1439	516.116315	2331.142998
1440	524.364482	2331.482107
1441	534.336634	2275.502666
1442	534.481088	2270.013958
1443	516.390511	2357.666652
1444	517.838256	2358.345599
1445	515.708190	2344.541307
1446	533.333957	2282.119085
1447	520.683335	2293.206043
1448	525.383542	2344.849833
1449	989.207974	2454.156475
1450	712.965831	2398.533625
1451	1055.917801	2457.821798
1452	756.330837	2431.284211
1453	926.604915	2300.729402
1454	773.465387	2424.816175
1455	1028.363323	2421.892374
1456	1037.516203	2635.860490
1457	946.266641	2491.166434
1458	922.446292	2300.818346
1459	881.784823	2457.918617
1460	975.401829	2466.726292
1461	737.743716	2356.658805
1462	853.380250	2351.050224
1463	977.332997	2402.494560
1464	872.375288	2456.777671
1465	732.173927	2357.776425
1466	922.165990	2415.721631
1467	959.620730	2509.217756
1468	904.308103	2463.870771
1469	742.196318	2463.978938
1470	860.440596	2332.368033
1471	767.334170	2412.944580
1472	993.524781	2459.216919
1473	836.028316	2459.823986
1474	844.792467	2458.294163
1475	933.624433	2307.135322
1476	1081.360298	2471.260746
1477	872.085262	2418.728776
1478	1064.360849	2677.124131
1479	1031.588607	2398.161789
1480	1036.658706	2416.695377
1481	868.986143	2405.350168
1482	853.580400	2367.153221
1483	871.593456	2324.003687
1484	748.601678	2435.698364
1485	925.939355	2475.122387
1486	901.559906	2370.403167
1487	778.938841	2421.947906
1488	873.363165	2366.729966
1489	935.197153	2347.164578
1490	771.119277	2420.390290
1491	751.074517	2421.562613
1492	816.045973	2413.183266
1493	841.749175	2407.791060
1494	669.550312	2502.031150
1495	930.966544	2303.631268
1496	757.714374	2433.711736
1497	998.264214	2446.530409
1498	897.110693	2408.902852
1499	772.633854	2409.952458
1500	747.495151	2439.466007
1501	1008.700156	2374.129818
1502	888.165646	2367.982970
1503	840.990046	2368.565209
1504	740.553935	2426.979450
1505	968.643824	2390.278257
1506	1048.515465	2623.578141
1507	1008.900472	2422.763347
1508	743.072930	2357.543114
1509	952.537389	2386.562630
1510	774.167405	2412.643011
1511	719.823251	2417.345098
1512	964.853544	2518.601558
1513	752.630400	2424.546656
1514	981.085692	2353.166342
1515	934.521576	2342.331323
1516	988.902826	2484.397336
1517	994.450827	2414.746938
1518	855.444672	2340.312242
1519	919.654805	2429.824824
1520	736.882077	2451.052653
1521	1017.140051	2436.215068
1522	1002.540958	2508.482830
1523	959.212604	2390.124976
1524	937.371430	2354.811171
1525	776.592733	2417.522021
1526	1044.487980	2659.800113
1527	957.861825	2371.223422
1528	742.206629	2429.989152
1529	727.667087	2361.583581
1530	1002.575791	2451.596514
1531	799.296764	2377.438959
1532	746.106741	2437.060773
1533	916.544037	2373.649090
1534	932.861188	2378.713528
1535	744.701687	2428.632288
1536	973.516762	2352.074673
1537	768.867723	2415.635133
1538	712.961811	2405.089796
1539	811.552793	2373.898635
1540	934.588652	2311.962404
1541	789.042457	2381.807272
1542	959.947798	2361.488954
1543	826.682311	2370.441050
1544	817.368074	2445.474949
1545	812.036350	2447.718948
1546	812.908988	2435.020766
1547	807.577377	2437.270310
1548	583.566898	2436.209728
1549	625.267364	2198.697893
1550	615.743735	2130.306858
1551	550.911811	2216.946857
1552	616.572401	2120.804405
1553	620.946725	2137.528072
1554	544.585552	2447.600127
1555	613.963953	2112.873135
1556	619.488683	2197.806605
1557	694.731122	2216.235524
1558	505.519050	2370.418351
1559	669.873086	2219.163829
1560	658.147632	2261.979549
1561	620.905741	2129.120285
1562	624.623674	2135.169684
1563	662.463453	2295.954412
1564	550.216012	2349.975354
1565	685.617736	2205.709033
1566	678.986601	2229.695852
1567	620.291048	2127.136666
1568	624.015858	2206.684082
1569	608.098401	2120.414554
1570	664.469558	2290.742018
1571	550.765804	2220.865900
1572	617.357920	2130.765943
1573	543.729429	2216.684714
1574	588.822775	2332.314323
1575	612.061843	2111.205507
1576	590.967327	2291.373166
1577	618.237181	2205.792795
1578	608.827832	2114.269926
1579	543.588769	2220.603644
1580	502.576005	2460.669657
1581	660.105292	2299.710041
1582	610.214578	2112.099240
1583	661.984461	2273.584101
1584	617.812974	2132.037466
1585	611.444696	2123.842814
1586	1239.539128	2611.530151
1587	1121.264990	2433.018481
1588	1243.178625	2485.024712
1589	1226.739390	2468.969260
1590	1255.996136	2601.644054
1591	1270.427134	2498.414355
1592	1103.316383	2425.420619
1593	1187.533368	2459.828693
1594	1098.565730	2417.823548
1595	1278.261119	2490.393137
1596	1293.970585	2472.536130
1597	1236.473266	2602.188734
1598	1237.889542	2561.103026
1599	1204.879173	2464.749473
1600	1260.422321	2487.923262
1601	1266.522874	2504.898447
1602	1243.007802	2572.397349
1603	1237.601328	2587.910038
1604	1282.663336	2453.392519
1605	1152.522810	2404.284951
1606	1210.773870	2473.586734
1607	1234.849205	2432.305365
1608	1263.666008	2438.245816
1609	1235.672854	2551.460590
1610	1304.049198	2488.988185
1611	1272.211951	2514.627560
1612	1311.651447	2521.195338
1613	1142.195481	2405.487379
1614	1234.893882	2541.781891
1615	1149.501560	2452.088620
1616	1213.591180	2429.492592
1617	1233.372541	2524.137589
1618	1139.675904	2435.475930
1619	1287.833039	2576.004556
1620	1309.779461	2542.461865
1621	1232.111305	2532.434418
1622	1245.041194	2519.894798
1623	1175.640885	2412.055310
1624	1243.160006	2579.521393
1625	1300.154511	2561.769671
1626	1957.583151	2518.967413
1627	1889.389246	2448.288419
1628	1915.884564	2527.548450
1629	1829.425214	2549.063722
1630	1907.202362	2429.234121
1631	1909.104963	2431.190316
1632	1902.775236	2450.854159
1633	1943.093254	2498.460228
1634	1799.565658	2561.391986
1635	1908.912713	2435.470718
1636	1770.874576	2529.440226
1637	1822.031009	2506.968400
1638	1748.939971	2527.972054
1639	1887.016568	2446.858059
1640	1925.709968	2526.141135
1641	1908.699132	2441.260205
1642	1886.236555	2443.879594
1643	1936.187985	2484.070080
1644	1868.241672	2512.883578
1645	1901.506659	2458.579643
1646	1900.992219	2433.925570
1647	1755.489422	2547.733157
1648	1818.634532	2495.637266
1649	1826.363802	2526.604810
1650	1845.320663	2554.715180
1651	1904.755908	2428.859153
1652	1760.759616	2557.654370
1653	1878.191480	2522.083923
1654	1845.487739	2549.004321
1655	1780.250371	2525.252486
1656	1914.839242	2438.051152
1657	1811.638392	2562.560132
1658	1886.742389	2438.505407
1659	1897.306928	2436.144994
1660	1799.566955	2516.288164
1661	1927.845474	2442.621732
1662	1825.986217	2535.736773
1663	1764.008474	2521.666226
1664	1895.446406	2524.278793
1665	1920.175134	2535.671338
1666	1945.419227	2522.304744
1667	1901.755366	2445.401544
1668	1780.607705	2560.082187
1669	1840.866428	2520.594029
1670	1905.610051	2442.096957
1671	1669.792208	2436.206942
1672	1760.152692	2399.970291
1673	1660.541582	2424.950712
1674	1756.945984	2391.524815
1675	1783.028494	2391.390500
1676	1779.827151	2382.944907
1677	1661.647636	2414.876916
1678	1658.467479	2425.738164
1679	1655.239423	2417.298701
1680	1665.463454	2437.841158
1681	1753.526296	2341.219185
1682	1704.911591	2284.278115
1683	1735.612490	2278.016310
1684	1704.969164	2360.235765
1685	1686.517077	2297.133120
1686	1729.232117	2280.243305
1687	1710.696666	2357.989380
1688	1727.322532	2275.453032
1689	1680.789659	2299.385055
1690	1739.577296	2306.224322
1691	1745.666414	2303.881515
1692	1706.815842	2289.068500
1693	1685.949101	2378.356649
1694	1704.452892	2425.573079
1695	2261.217118	2425.216200
1696	2271.911772	2427.717598
1697	2270.784136	2422.971680
1698	2262.344876	2429.967662
1699	1617.776688	2333.147671
1700	1652.760594	2329.129316
1701	1657.210615	2326.910141
1702	1729.544344	2266.037703
1703	1640.170853	2389.000185
1704	1661.493093	2335.393688
1705	1688.011343	2369.737841
1706	1657.043076	2337.612862
1707	1665.519678	2315.068762
1708	1886.468709	2213.747170
1709	1878.352088	2234.136809
1710	1871.843368	2220.797569
1711	1892.977410	2227.086416
1712	1912.729463	2201.374044
1713	1919.073256	2214.755635
1714	2083.746314	2325.273772
1715	2086.172139	2318.899236
1716	2073.564939	2321.269614
1717	2077.996761	2327.742259
1718	2075.198176	2335.195191
1719	2089.088650	2332.065375
1720	2071.929816	2325.347750
1721	2081.940586	2317.314265
1722	2090.696933	2327.982268
1723	2082.202764	2329.383235
1724	2079.429370	2336.763525
1725	2079.540310	2323.632795
1726	2065.532099	2345.101588
1727	2075.902072	2349.173823
1728	2078.322538	2342.799396
1729	2081.168123	2356.150076
1730	2067.094296	2359.206163
1731	2082.852680	2351.882311
1732	2063.831275	2349.358611
1733	2074.287593	2353.467831
1734	2069.898328	2351.758657
1735	2073.907724	2341.146228
1736	2071.507343	2347.459218
1737	2071.514214	2360.848126
1738	2118.326002	2389.980086
1739	2101.916124	2397.595080
1740	2079.858900	2391.120370
1741	2056.760607	2279.951441
1742	2045.413824	2260.137065
1743	2016.510485	2236.536539
1744	2106.810279	2399.409992
1745	2039.577706	2244.720199
1746	2067.841746	2284.269232
1747	2053.961896	2287.398834
1748	2041.236400	2258.584230
1749	2058.299051	2275.853175
1750	2100.693074	2350.925840
1751	2044.035117	2251.136834
1752	2047.958643	2240.759178
1753	2031.994951	2247.238809
1754	2084.378284	2379.093845
1755	2060.961170	2281.586984
1756	2060.699336	2269.534641
1757	2058.187766	2288.967279
1758	2108.906731	2379.065505
1759	2084.559107	2392.867297
1760	2104.720042	2390.142042
1761	2049.710471	2248.697649
1762	2048.187233	2252.756767
1763	2115.742056	2320.815839
1764	2114.119642	2315.187473
1765	2122.179443	2312.974908
1766	2130.258192	2311.150195
1767	2116.941373	2325.660071
1768	2124.694252	2318.573195
1769	2132.806845	2323.115042
1770	2121.106487	2308.288833
1771	2115.192129	2319.851372
1772	2124.090348	2325.125262
1773	2129.185241	2306.464120
1774	2113.774070	2325.084079
1775	2109.294712	2326.177743
1776	2108.095384	2316.558049
1777	2125.055058	2329.247906
1778	2132.336302	2321.106160
1779	2108.411396	2322.613555
1780	2114.084492	2326.353149
1781	2109.167874	2321.221949
1782	2125.510516	2322.504873
1783	2131.520040	2317.174482
1784	2133.766207	2327.237799
1785	2024.891425	2232.575500
1786	2020.973023	2242.941967
1787	2098.267255	2357.300373
1788	2087.907993	2353.227892
1789	2116.458929	2394.717627
1790	2092.268740	2359.879536
1791	2062.499615	2277.488719
1792	2109.583781	2392.035253
1793	2069.450152	2280.191666
1794	2033.583154	2243.217130
1795	2096.658115	2361.594261
1796	2014.906015	2240.547476
1797	2037.968003	2248.736788
1798	2082.662807	2383.667323
1799	2078.408287	2376.730555
1800	2025.114339	2244.556576
1801	2089.047958	2380.913529
1802	2076.590429	2381.267388
1803	2086.201817	2357.485023
1804	2026.632581	2240.514199
1805	2045.558355	2247.077715
1806	2050.698976	2277.556822
1807	2052.323649	2273.489998
1808	2096.283614	2349.272550
1809	2022.340941	2251.936884
1810	2018.168972	2250.389486
1811	2029.053062	2234.139761
1812	2086.778542	2372.775314
1813	2106.511692	2385.378371
1814	2089.470161	2367.332463
1815	2100.541824	2383.020614
1816	2055.073058	2255.433355
1817	2052.131080	2242.328763
1818	2103.538512	2364.270975
1819	2093.883343	2355.591076
1820	2064.920102	2271.114292
1821	2105.223193	2360.008759
1822	2093.884607	2368.969004
1823	2091.473763	2374.538991
1824	2056.661148	2251.406136
1825	2022.485800	2238.894158
1826	2087.332479	2385.487005
1827	2113.795901	2380.897167
1828	2094.212985	2388.169254
1829	2096.003887	2383.621906
1830	2098.647676	2387.742096
1831	2111.370086	2387.271697
1832	2172.729578	2346.653281
1833	2171.415054	2341.922429
1834	2186.458487	2325.872832
1835	2189.037902	2342.806598
1836	2174.373856	2353.562403
1837	2190.682287	2349.721263
1838	2168.728101	2329.738671
1839	2189.140074	2338.056704
1840	2465.314289	2378.947299
1841	2445.428209	2349.302952
1842	2466.775370	2386.304016
1843	2454.165061	2388.773848
1844	2447.188065	2357.130310
1845	2459.865824	2354.309625
1846	2458.105978	2346.482267
1847	2452.709317	2381.417017
1848	2309.390357	2388.145887
1849	2159.263761	2270.449252
1850	2135.581627	2276.083467
1851	2287.395369	2405.713057
1852	2284.693694	2393.585083
1853	2312.092120	2400.279404
1854	2410.213401	2330.100915
1855	2408.415557	2321.997043
1856	2387.502720	2326.584599
1857	2389.295236	2334.688583
1858	2497.256117	2379.267062
1859	2495.791082	2372.226573
1860	2474.031130	2376.704405
1861	2472.078802	2363.340319
1862	2475.496298	2383.750439
1863	2494.856346	2366.738892
1864	2473.720340	2371.136912
1865	2493.214825	2358.942300
1866	2297.379705	2419.322364
1867	2312.218504	2431.375308
1868	2340.330803	2424.366020
1869	2300.663806	2433.944920
1870	2346.403406	2415.462550
1871	2333.615926	2425.695697
1872	2330.738173	2411.319638
1873	2314.263129	2432.973567
1874	2310.774967	2416.297641
1875	2333.610750	2428.973720
1876	2330.128082	2412.303225
1877	2308.939882	2416.758183
1878	2345.009283	2408.492651
1879	2338.847189	2416.959859
1880	2222.445649	2433.655991
1881	2215.854231	2451.600136
1882	2212.401162	2435.827519
1883	2225.898585	2449.423063
1884	2183.597728	2442.774225
1885	2203.420265	2438.475610
1886	2205.214585	2446.657209
1887	2185.392064	2450.955824
1888	2201.615946	2362.700228
1889	2176.287449	2364.082050
1890	2179.134669	2376.007263
1891	2192.624908	2372.919367
1892	2178.009505	2371.128176
1893	2191.494405	2368.040395
1894	2177.365881	2368.523965
1895	2200.537525	2358.258313
1896	2181.587087	2443.277351
1897	2182.367408	2446.777171
1898	2177.917305	2464.575969
1899	2174.309088	2448.551517
1900	2163.922345	2447.202863
1901	2173.528764	2445.051697
1902	2168.278362	2466.705643
1903	2242.111465	2429.782315
1904	2250.865166	2427.765836
1905	2251.765372	2431.623621
1906	2243.011556	2433.634557
1907	1077.342449	2720.536775
1908	1079.933731	2726.183225
1909	2379.404984	2389.913288
1910	2378.485669	2393.205190
1911	2131.401178	2401.565647
1912	2375.599899	2395.557180
1913	2020.582282	2428.827633
1914	2000.677427	2433.782830
1915	2152.513451	2447.828303
1916	2038.326753	2469.842857
1917	728.809468	2055.669743
1918	745.238786	2068.696554
1919	726.474291	2076.746867
1920	737.817314	2051.766306
1921	719.193430	2059.891269
1922	736.225610	2072.600102
1923	422.721854	2000.961819
1924	554.129098	2200.371192
1925	585.505168	2205.634046
1926	658.359951	2217.446827
1927	655.855952	2242.116291
1928	581.838544	2261.406179
1929	550.152542	2270.377106
1930	549.816857	2309.377066
1931	623.727821	2316.346806
1932	624.879115	2367.356551
1933	628.083149	2403.596070
1934	1833.296252	612.652061
1935	1721.668812	617.921274
1936	1786.482066	647.136890
1937	1103.561268	667.106840
1938	1757.527109	669.078772
1939	1883.704563	684.077708
1940	1838.396517	718.702275
1941	1458.426290	728.069882
1942	1815.520052	736.238475
1943	1818.630901	740.676022
1944	1391.154611	759.237679
1945	2038.269822	753.428660
1946	2035.766482	754.923911
1947	2010.353395	770.128575
1948	1972.337016	784.702648
1949	1403.560283	801.537125
1950	1396.043760	802.446053
1951	1387.366781	815.410055
1952	1397.126262	816.100634
1953	1393.148776	816.934161
1954	1935.849308	811.557435
1955	2125.507023	805.336751
1956	1386.810266	835.727622
1957	2069.541486	850.353208
1958	2110.983083	852.013093
1959	2037.864491	873.550196
1960	1133.379010	900.783835
1961	1699.113741	884.835865
1962	2099.217618	889.812120
1963	1673.297238	903.422362
1964	2001.279286	900.334772
1965	1649.422458	921.013622
1966	1175.173525	948.529727
1967	1958.674820	931.523762
1968	1743.572565	945.083765
1969	2105.757031	943.617449
1970	1674.418016	955.074825
1971	2095.279282	951.394241
1972	1717.451991	964.203559
1973	1693.401150	981.809581
1974	2061.176674	976.706026
1975	2057.996581	979.069812
1976	2016.443857	1010.158618
1977	2012.708339	1017.087831
1978	2093.399197	1060.504117
1979	2108.513304	1081.908218
1980	2208.148886	1081.383493
1981	2083.113227	1100.201966
1982	1175.773594	1129.084001
1983	2162.814492	1114.199329
1984	1165.749486	1162.854360
1985	1217.303680	1164.222654
1986	2117.743752	1146.826798
1987	1211.643060	1169.385199
1988	1189.159024	1190.941669
1989	632.620413	1222.820386
1990	1178.318226	1216.010313
1991	630.535969	1226.886254
1992	623.634905	1234.555053
1993	631.202656	1236.051617
1994	1203.242814	1225.373509
1995	639.959366	1239.375320
1996	514.113427	1301.327744
1997	508.774225	1307.249321
1998	504.247638	1325.899640
1999	1569.223278	1183.127854
2000	1575.623492	1244.318865
2001	1956.056073	1681.749530
2002	1940.412440	1684.212209
2003	1944.262582	1688.218004
2004	1934.788405	1694.859000
2005	1940.665552	1696.359048
2006	1932.836267	1708.422734
2007	1934.151164	1749.355135
2008	1925.816467	1753.498199
2009	1928.812336	1769.380432
2010	1921.388936	1770.608873
2011	1915.046182	1783.916637
2012	1921.262194	1787.017916
2013	1910.222683	1791.717745
2014	1872.162105	1842.462457
2015	1876.014323	1848.575823
2016	1864.123010	1857.220735
2017	1869.229629	1861.465976
2018	1858.013505	1871.932398
2019	1863.480454	1875.770619
2020	1853.067895	1891.827398
2021	1858.372438	1892.307929
2022	1860.586987	1893.841516
2023	1850.710453	1892.875950
2024	1848.817131	1894.624566
2025	1873.846410	1903.492898
2026	1858.268713	1906.525667
2027	1848.855397	1904.208005
2028	1850.742429	1905.931596
2029	1855.640972	1907.186177
2030	1873.792423	1910.000022
2031	1993.908380	772.696591
2032	1148.646642	1201.240760
2033	2224.394693	1085.325827
2034	2053.665499	738.725304
2035	2131.204647	1158.138300
2036	1217.275725	1227.592240
2037	2139.223405	779.304640
2038	1468.046555	57.989358
2039	1289.144337	27.759433
2040	1257.072164	369.153083
2041	969.516971	855.537845
2042	1239.145752	414.933258
2043	1148.365915	564.289329
2044	1092.190932	654.597914
2045	1324.529195	0.000000
2046	1284.452120	97.007542
2047	1268.381646	319.065675
2048	916.299731	942.934122
2049	1390.497135	25.684494
2050	1031.206978	754.849241
2051	1278.234363	182.262095
2052	1197.558100	482.827090
2053	1273.231059	257.224246
2054	1636.339214	2428.994345
2055	1609.060235	2487.614483
2056	1552.778933	2462.868543
2057	1595.341393	2467.945295
2058	1544.902137	2496.964471
2059	1634.927743	2425.496884
2060	1542.901285	2483.889705
2061	1645.830499	2425.203382
2062	1553.630215	2448.878774
2063	1575.206610	2451.840696
2064	1560.607143	2515.731531
2065	1644.419032	2421.705920
2066	1598.513562	2531.174116
2067	1559.640988	2443.620048
2068	1577.655204	2535.041239
2069	1612.584537	2504.927538
2070	1551.036700	2475.451872
2071	679.775204	1739.819653
2072	1229.333196	2482.746903
2073	1023.419167	2378.235719
2074	1450.261273	2414.777000
2075	809.410012	1110.299972
2076	702.613993	1469.433690
2077	704.537283	1559.352755
2078	751.496896	1206.062556
2079	1444.260224	2365.114107
2080	1419.646604	2430.073188
2081	1470.463785	2407.728892
2082	1436.973146	2418.815581
2083	1326.104372	2494.080337
2084	867.378343	1016.816450
2085	700.190069	1376.103095
2086	1500.665950	2389.385567
2087	881.043081	2154.758457
2088	809.669099	2043.667371
2089	674.805976	1831.999556
2090	1474.462386	2346.765184
2091	1435.352918	2423.830924
2092	1428.732591	2413.056699
2093	1147.242011	2453.706581
2094	698.287364	1293.882278
2095	918.166625	2213.983977
2096	747.229292	1945.780266
2097	1378.449494	2462.168388
2098	1443.641079	2404.008313
2099	1048.793680	2417.750470
2100	1203.602726	2238.533536
2101	1214.027945	2271.950582
2102	1121.518036	2290.466804
2103	1198.873854	2245.473425
2104	1220.683169	2267.820471
2105	1137.480028	2319.206254
2106	1277.348217	2192.480992
2107	1295.719634	2221.879106
2108	1371.874060	2275.141672
2109	1807.095511	2272.815841
2110	1781.175181	2288.354624
2111	1461.523115	2260.393853
2112	1479.565195	2293.936837
2113	1806.636222	2294.179472
2114	1438.361940	2304.228438
2115	1792.621913	2317.351644
2116	1369.754616	2288.587287
2117	1779.697346	2322.396991
2118	1799.447169	2275.768656
2119	1814.289776	2291.221002
2120	1768.229906	2293.433697
2121	1360.664399	2206.953616
2122	1364.840311	2192.892818
2123	1406.615217	2262.990999
2124	1406.116509	2239.623113
2125	1378.211363	2222.541952
2126	1488.071166	2253.731839
2127	1420.584003	2277.807116
2128	1412.642898	2249.750417
2129	1428.680905	2368.541545
2130	1771.032118	2300.212769
2131	1756.320593	2306.222478
2132	1753.518371	2299.443408
2133	2816.523242	2345.667718
2134	2392.381463	2245.137791
2135	2380.541485	2322.112408
2136	2438.527789	2135.248850
2137	2246.993586	1785.331965
2138	2562.414808	2170.998658
2139	2500.338228	2155.034376
2140	2410.806496	2315.734300
2141	2424.159935	2215.094541
2142	2471.767414	2187.571582
2143	2471.879416	2219.782477
2144	2379.277121	2181.838159
2145	1843.539646	1928.065515
2146	2418.272416	2248.575497
2147	2424.781164	2176.877953
2148	2258.196851	1781.289061
2149	2487.559729	2188.373160
2150	2430.228975	798.225701
2151	2239.732393	758.068864
2152	2366.269403	853.188077
2153	2275.117800	803.225102
2154	2250.049303	757.567004
2155	2361.828494	860.409377
2156	2303.100200	742.752625
2157	2500.516776	893.868176
2158	2380.161820	858.877839
2159	2167.796901	883.202873
2160	2198.592745	766.357740
2161	2178.848618	892.374843
2162	2329.694776	765.571763
2163	2232.176571	794.158688
2164	2392.512569	791.898686
2165	2282.757791	825.021028
2166	2453.993202	809.413377
2167	2191.009271	773.934264
2168	2128.647285	926.741593
2169	2515.662921	862.848000
2170	2342.125317	843.761306
2171	2340.453626	853.447452
2172	2297.699320	839.817761
2173	2316.168462	750.173666
2174	2275.895489	758.726698
2175	2432.151302	821.279932
2176	2258.427989	760.239994
2177	2517.494454	881.627895
2178	2159.047355	768.622837
2179	2477.011436	826.030144
2180	2512.678175	870.898020
2181	2278.163972	811.430087
2182	2411.644687	828.270706
2183	2344.244026	775.240956
2184	2396.906103	850.258524
2185	2192.892858	768.187044
2186	2324.294796	754.565886
2187	2210.643038	766.384768
2188	2274.382480	741.365390
2189	2135.315725	934.509101
2190	2410.624541	793.794027
2191	2289.395006	745.894306
2192	2203.313680	785.930523
2193	2225.317877	768.358336
2194	2192.776770	781.611754
2195	2353.567678	836.064197
2196	2145.491709	765.205713
2197	2263.398607	805.187680
2198	2353.724327	775.893947
2199	2320.991098	761.191793
2200	2423.808957	820.314336
2201	2366.039128	774.778530
2202	2497.580641	848.977335
2203	2266.431664	745.244661
2204	2377.843967	790.213185
2205	2525.470854	892.579173
2206	2276.855679	790.359459
2207	2513.236618	856.626537
2208	2481.999266	871.831462
2209	2238.156237	764.946550
2210	2308.710952	750.331917
2211	2153.426501	898.328021
2212	2328.553738	847.144174
2213	2508.881216	887.556547
2214	2323.261945	840.983533
2215	2367.978208	785.003701
2216	2305.006512	845.935619
2217	2373.420043	852.182219
2218	2455.603331	844.731648
2219	2408.341717	1457.918960
2220	2383.237695	1419.338948
2221	2367.899520	1419.830981
2222	2269.875308	1319.043933
2223	2276.493819	1326.740402
2224	2386.811517	1370.532722
2225	2298.242502	1324.143176
2226	2283.319678	1301.642288
2227	2281.980309	1328.476372
2228	2321.946424	1367.284236
2229	2412.097539	1495.277171
2230	2270.020702	1314.054650
2231	2279.452770	1304.902482
2232	2392.619578	1469.794716
2233	2289.218470	1296.098210
2234	2275.597190	1307.940583
2235	2320.409385	1313.284115
2236	2364.216542	1422.432774
2237	2450.471698	1468.455721
2238	2450.492543	1397.373181
2239	2482.379030	1442.326327
2240	2381.844804	1368.086832
2241	2357.280591	1366.278858
2242	2382.444203	1394.557997
2243	2412.303152	1406.963642
2244	2350.578811	1427.952564
2245	2366.649237	1368.498170
2246	2411.031023	1369.708009
2247	2454.397675	1461.933074
2248	2416.525818	1455.987030
2249	2354.864782	1399.597265
2250	2341.227020	1405.117061
2251	2355.738506	1312.284432
2252	2367.256922	1391.075620
2253	2433.871222	1444.243257
2254	2382.452574	1390.669818
2255	2300.595332	1320.099822
2256	2433.131793	1480.204902
2257	2291.190793	1295.290926
2258	2427.819646	1483.401440
2259	2422.516429	1416.979882
2260	2298.439169	1306.457156
2261	2388.078268	1407.782942
2262	2269.682774	1315.770112
2263	2367.105874	1395.044479
2264	2047.831218	719.375834
2265	1974.672562	746.371676
2266	2108.807827	740.033230
2267	2041.032311	702.453994
2268	2006.665059	712.834912
2269	2169.416583	763.028203
2270	2035.117881	715.081237
2271	2169.669228	755.280084
2272	2089.100087	730.756722
2273	2023.687905	717.320783
2274	2035.862283	696.246477
2275	1996.614525	725.877313
2276	2129.845326	744.433979
2277	2064.420014	717.026727
2278	1993.760925	2209.865462
2279	1986.037485	2204.017535
2280	1852.897903	1926.291065
2281	1983.273458	2214.098768
2282	1981.129978	2206.856389
2283	1847.240900	1924.326052
2284	1847.303806	1918.489854
2285	2086.719222	2025.909354
2286	2355.790405	2180.068786
2287	2342.587315	2143.083251
2288	2438.906157	2109.760807
2289	627.669039	1012.055688
2290	591.102027	1104.328916
2291	650.697268	1120.015857
2292	680.202303	1037.633741
2293	690.515985	1033.724762
2294	757.564381	1087.579892
2295	767.432514	1062.575768
2296	726.605615	1077.453529
2297	726.210268	1088.732641
2298	725.225638	1091.710019
2299	755.392834	1101.587051
2300	834.197333	1111.700519
2301	856.926499	1125.913293
2302	853.354492	1131.952171
2303	830.097998	1117.589824
2304	846.322592	1129.251479
2305	843.128772	1134.466936
2306	829.523331	1126.238115
2307	828.360432	1128.132159
2308	847.633344	1139.784141
2309	845.018245	1144.049863
2310	823.095782	1130.796078
2311	830.062248	1119.420956
2312	760.158454	1065.815131
2313	756.406380	1075.940182
2314	750.406719	1073.993996
2315	754.672854	1063.397588
2316	725.705765	1097.407192
2317	747.864348	1113.689761
2318	722.946281	1105.425532
2319	696.927028	1022.638739
2320	694.919417	1028.050755
2321	675.805941	1020.122853
2322	682.255438	1002.579767
2323	690.825905	1005.691221
2324	686.237959	1018.746136
2325	723.085734	956.818447
2326	730.979290	960.038698
2327	724.581585	975.506196
2328	716.687917	972.280407
2329	737.369899	963.507392
2330	742.509659	965.006053
2331	739.222336	974.106145
2332	734.374962	972.273990
2333	748.935159	966.854405
2334	755.063904	968.581531
2335	752.168194	978.738191
2336	754.228966	979.315367
2337	753.338390	982.440484
2338	751.212993	981.842504
2339	750.063520	985.616559
2340	720.518998	1013.642602
2341	727.659742	1015.924920
2342	722.913794	1030.597242
2343	715.773057	1028.314930
2344	743.868708	992.809753
2345	696.121931	973.718402
2346	688.898153	970.555964
2347	667.376425	1025.855215
2348	681.105160	963.534178
2349	667.366089	945.318921
2350	625.984513	942.531831
2351	612.720093	936.264930
2352	656.705823	931.269897
2353	644.713375	901.191969
2354	641.737859	894.854814
2355	608.157758	823.949573
2356	603.059492	812.138940
2357	598.999007	801.587382
2358	594.977732	798.373136
2359	591.085995	796.714716
2360	749.273528	993.698171
2361	767.927765	1000.160625
2362	767.136009	1003.655250
2363	769.924164	1004.483118
2364	770.767722	1000.909734
2365	775.429654	1002.324325
2366	773.618069	1008.902453
2367	768.724117	1007.642581
2368	768.498568	1008.851008
2369	745.364678	1002.495391
2370	829.215124	1107.308706
2371	897.582073	1144.834888
2372	915.534647	1155.023144
2373	799.736187	1158.911667
2374	845.026569	1114.902462
2375	855.919064	1096.282865
2376	1013.544332	1277.866045
2377	961.235539	1257.934018
2378	891.367961	1227.727917
2379	855.048230	1208.719321
2380	830.144679	1197.864363
2381	802.617285	1283.453935
2382	861.189014	1124.657444
2383	842.862022	1158.777706
2384	868.098155	1078.051796
2385	918.833313	1105.638222
2386	900.745844	1032.798866
2387	923.151463	1046.386401
2388	918.856315	1053.378053
2389	897.008909	1040.133586
2390	913.371262	1066.008241
2391	936.307180	1078.635993
2392	932.595065	1086.131020
2393	909.075759	1073.232863
2394	907.320508	1080.447603
2395	926.771036	1091.153017
2396	922.908438	1098.362843
2397	903.448797	1087.230548
2398	670.822936	1111.254519
2399	689.186947	1118.155637
2400	684.955045	1127.847268
2401	666.736246	1120.233092
2402	660.698542	1126.762967
2403	683.522389	1134.633649
2404	674.165272	1146.004562
2405	675.178376	1143.359361
2406	657.311814	1135.959537
2407	640.477583	1086.799516
2408	647.652146	1089.663442
2409	639.923442	1110.406590
2410	632.598135	1107.495977
2411	636.586558	1049.404367
2412	639.090393	1043.188557
2413	658.522889	1050.277580
2414	656.495415	1056.760528
2415	660.218495	1047.784184
2416	662.800066	1040.951049
2417	648.965976	1035.800092
2418	649.608636	1034.089093
2419	642.761555	1031.534309
2420	639.537333	1040.078452
2421	626.567013	1034.803666
2422	638.979825	1039.768671
2423	635.353102	1048.748512
2424	621.777036	1043.409034
2425	851.476337	1080.342654
2426	857.580825	1084.693862
2427	875.149187	1070.130430
2428	891.829888	1042.301983
2429	879.505344	1034.949810
2430	876.895882	1039.481628
2431	899.234899	1045.943209
2432	877.682051	1083.044190
2433	868.914203	1066.680543
2434	1351.060273	1441.241114
2435	1380.547887	1432.131675
2436	1377.569340	1423.620299
2437	1386.167638	1419.038578
2438	1373.466096	1382.680328
2439	1352.345145	1369.580610
2440	1329.349074	1378.146741
2441	1436.617618	1327.033753
2442	1442.407106	1345.230405
2443	1450.638005	1342.226248
2444	1444.797202	1324.130526
2445	1467.003534	1336.719193
2446	1469.900995	1345.193482
2447	1453.504233	1350.740027
2448	1381.511760	1355.941036
2449	1389.476989	1353.269734
2450	1384.902597	1337.886988
2451	1403.809897	1331.693336
2452	1399.937683	1319.895293
2453	1376.954132	1326.797067
2454	1376.839060	1328.674237
2455	1375.616154	1330.264425
2456	1373.118303	1331.255043
2457	1362.433871	1295.441696
2458	1368.118172	1310.956080
2459	1425.118737	1291.137922
2460	1424.279500	1288.648797
2461	1425.537781	1288.466673
2462	1426.343574	1289.386854
2463	1429.154798	1288.544874
2464	1430.451286	1286.642524
2465	1431.368935	1289.046781
2466	1494.173281	1267.513502
2467	1498.366190	1263.746837
2468	1496.397045	1257.926165
2469	1479.528352	1263.920860
2470	1472.738985	1265.557552
2471	1469.245197	1258.965133
2472	1401.760358	1282.467504
2473	1359.418811	1312.056746
2474	1385.959109	1305.916630
2475	1387.378851	1305.531385
2476	1397.666044	1301.895423
2477	1426.368690	1291.066906
2478	1492.947338	1268.460342
2479	1496.855978	1265.659275
2480	1499.184027	1263.224680
2481	1502.347103	1261.576532
2482	1505.607878	1261.501504
2483	1507.670678	1261.929001
2484	1508.750188	1262.643680
2485	1510.544344	1262.511161
2486	1589.294723	1235.092298
2487	1612.603123	1227.612862
2488	1666.283978	1208.843093
2489	1674.022814	1206.082579
2490	1675.198792	1205.802405
2491	1742.570831	1182.498559
2492	1746.861775	1180.066630
2493	1541.880223	1371.752508
2494	1536.034073	1370.967453
2495	1535.184111	1371.989477
2496	1536.997409	1377.525051
2497	1538.127204	1377.839312
2498	1539.292322	1377.803393
2499	1531.712889	1339.095170
2500	1541.232171	1335.564455
2501	1543.868511	1334.798335
2502	1547.589064	1338.984305
2503	1552.429466	1371.633119
2504	1548.651496	1372.784085
2505	1544.844703	1372.582326
2506	1543.492610	1369.616037
2507	1474.269673	1294.971226
2508	1491.583511	1288.284805
2509	1495.077335	1289.358474
2510	1496.518227	1291.973441
2511	1498.703028	1291.350050
2512	1500.770165	1296.247917
2513	1498.940161	1297.207629
2514	1490.793599	1299.904883
2515	1490.932796	1301.166515
2516	1487.495715	1302.504359
2517	1485.518688	1302.086133
2518	1487.080232	1306.096243
2519	1484.944373	1306.757420
2520	1483.338733	1302.936831
2521	1479.211673	1304.522335
2522	1478.609880	1303.387038
2523	1477.127231	1304.333806
2524	1399.551768	1412.918280
2525	1404.073770	1425.845040
2526	1459.013030	1405.699247
2527	1461.750355	1404.653624
2528	1495.211089	1392.503586
2529	1494.441160	1390.756213
2530	1497.891786	1386.040266
2531	1497.840776	1384.399593
2532	1497.348794	1382.895888
2533	1496.798158	1382.153301
2534	1496.243004	1381.449636
2535	1493.614172	1380.058030
2536	1492.440990	1379.966557
2537	1490.634361	1380.265745
2538	1455.962102	1392.785495
2539	1430.436362	1402.603367
2540	1445.648657	1477.722457
2541	1435.567157	1447.098885
2542	1414.128946	1454.727571
2543	1424.037233	1484.999856
2544	1499.410293	1519.766931
2545	1498.857430	1520.926838
2546	1504.012443	1534.954950
2547	1512.396762	1532.130570
2548	1507.579153	1517.873405
2549	1506.297476	1517.207412
2550	1455.674834	1562.946870
2551	1469.565736	1558.280089
2552	1475.518536	1577.116632
2553	1461.864729	1582.116693
2554	1328.373048	1376.015513
2555	1313.745614	1380.764696
2556	1309.825415	1370.232291
2557	1310.870933	1361.579622
2558	1313.591178	1368.759797
2559	1299.679063	1373.948556
2560	1296.845153	1366.454655
2561	1326.166349	1405.952705
2562	1334.918856	1429.915522
2563	1323.010979	1433.785825
2564	1315.120492	1410.120776
2565	1303.656538	1384.407633
2566	1308.549796	1395.928746
2567	1306.196983	1397.199163
2568	1435.932352	1447.923073
2569	1446.398406	1444.405335
2570	1465.214286	1494.144499
2571	1427.330765	1507.032417
2572	1426.559368	1506.721621
2573	1422.265488	1507.251347
2574	1421.193187	1508.128371
2575	1421.017848	1514.954300
2576	1422.156949	1515.956114
2577	1426.672018	1516.519877
2578	1430.184583	1511.702730
2579	1429.947407	1510.110397
2580	1428.143967	1582.292117
2581	1433.018214	1571.611017
2582	1435.531238	1565.816811
2583	1435.875837	1563.668517
2584	1433.921648	1554.286689
2585	1422.312997	1519.763229
2586	1418.504991	1514.486509
2587	1417.803283	1511.173573
2588	1418.184002	1508.963496
2589	1418.045843	1506.747844
2590	1400.436540	1454.664545
2591	1387.592130	1417.371987
2592	1381.724673	1399.787124
2593	1376.617076	1379.213134
2594	1360.566547	1335.283209
2595	1359.210641	1334.147356
2596	1356.693533	1332.980800
2597	1353.085150	1331.049910
2598	1350.097917	1328.151778
2599	1348.593162	1323.546988
2600	1348.755575	1319.877286
2601	1350.563509	1315.124206
2602	1349.365705	1310.618255
2603	1344.818559	1296.516168
2604	1377.928238	1378.752549
2605	1401.682806	1313.951070
2606	1461.314833	1407.053444
2607	1448.653990	1412.231972
2608	1403.970298	1427.012010
2609	1402.175012	1426.839522
2610	1401.106721	1425.647617
2611	1396.906991	1412.786090
2612	1384.936427	1376.345691
2613	1369.987505	1330.151487
2614	1369.799879	1328.375061
2615	1370.149833	1326.226650
2616	1370.918183	1325.139792
2617	1373.086374	1324.239401
2618	1394.085898	1316.841908
2619	1501.105321	1279.850919
2620	1503.935450	1279.895995
2621	1508.619709	1286.890131
2622	1511.829048	1295.696115
2623	1514.898036	1305.947175
2624	1520.269121	1320.076088
2625	1528.952058	1344.811406
2626	1530.499612	1349.420834
2627	1530.984027	1353.581465
2628	1533.145528	1364.916783
2629	1531.794902	1368.545227
2630	1528.988276	1372.864728
2631	1519.478276	1376.578300
2632	1496.797125	1392.142542
2633	1490.197196	1395.888418
2634	1474.024803	1402.422989
2635	1454.311340	1390.862771
2636	1442.483484	1358.096637
2637	1430.888127	1320.433536
2638	1446.920053	1283.967514
2639	1451.701907	1297.044052
2640	1452.016836	1298.019069
2641	1462.174715	1295.090336
2642	1468.755196	1311.256761
2643	1486.196555	1328.373119
2644	1491.984507	1378.622943
2645	1496.973349	1380.335867
2646	1498.693003	1381.225482
2647	1516.513290	1374.971992
2648	1522.785560	1375.675852
2649	1534.723881	1373.230602
2650	1532.066887	1338.139179
2651	1526.728644	1339.606266
2652	1538.835516	1380.209205
2653	1528.320036	1381.159862
2654	1516.281427	1383.917862
2655	1510.864710	1387.222521
2656	1504.535545	1391.628194
2657	1486.346701	1403.924144
2658	1482.580088	1405.607359
2659	1443.883698	1420.520284
2660	1417.082342	1430.204555
2661	1416.065551	1430.675499
2662	1406.195308	1434.546631
2663	1406.415333	1436.588598
2664	1412.098063	1453.789143
2665	1412.867519	1456.767845
2666	1413.260717	1462.416888
2667	1419.692857	1482.158387
2668	1426.800763	1503.244368
2669	1429.053182	1505.292919
2670	1430.198299	1505.573561
2671	1458.055537	1458.627627
2672	1476.320665	1452.425559
2673	1479.387553	1461.572903
2674	1461.191463	1467.751312
2675	1562.848549	1379.963796
2676	1566.357603	1380.499146
2677	1573.158156	1382.905638
2678	1582.935156	1388.210540
2679	1590.240006	1393.202046
2680	1552.695311	1348.215778
2681	1547.251144	1335.674712
2682	1545.945180	1333.367470
2683	1548.773474	1338.598549
2684	1545.613346	1339.630966
2685	1804.548449	1398.272868
2686	1809.739050	1412.988035
2687	1830.112169	1406.569837
2688	1831.324179	1410.748245
2689	1834.281628	1409.742412
2690	1832.967545	1405.793580
2691	1846.762360	1400.369566
2692	1841.306663	1386.514186
2693	1885.858485	1405.993732
2694	1826.688466	1426.376932
2695	1892.509407	1419.723853
2696	1917.103383	1488.780565
2697	1883.343873	1499.194026
2698	1870.731036	1493.305875
2699	1856.420380	1498.358161
2700	1835.360303	1440.324707
2701	1892.929869	1420.885204
2702	1832.697932	1438.107327
2703	1854.670002	1503.309555
2704	1868.219464	1498.927942
2705	1881.843538	1503.330313
2706	1884.469348	1507.600657
2707	1921.315916	1494.986139
2708	1908.423496	1458.360037
2709	1896.077864	1425.316383
2710	1893.387171	1417.242562
2711	1861.208191	1428.304622
2712	1851.215256	1404.295978
2713	1835.664011	1364.376406
2714	1798.170351	1412.945848
2715	1740.147112	1242.252125
2716	1812.436840	1423.402300
2717	1801.765713	1418.543335
2718	1807.786927	1443.889991
2719	1832.887789	1516.130603
2720	1833.621404	1517.179906
2721	1836.604046	1518.364373
2722	1840.921548	1516.935791
2723	1842.930421	1514.330581
2724	1837.056940	1496.424111
2725	1828.283138	1471.402274
2726	1778.562880	1464.124283
2727	1805.413215	1454.983482
2728	1818.943469	1474.823538
2729	1789.101704	1490.655996
2730	1780.372930	1467.252772
2731	1795.756941	1461.872485
2732	1802.365640	1477.633470
2733	1809.688579	1480.217541
2734	1783.311062	1475.138285
2735	1799.511095	1470.156613
2736	1805.573036	1468.019769
2737	1786.333977	1483.238304
2738	1804.649797	1458.815685
2739	1838.535967	1449.070415
2740	1895.964294	1429.278951
2741	1841.262897	1456.583270
2742	1898.953356	1437.551642
2743	1844.183138	1464.635563
2744	1901.740184	1445.368281
2745	1847.159898	1472.830859
2746	1904.732543	1453.796202
2747	1849.989295	1480.635495
2748	1907.418073	1461.376499
2749	1852.886610	1488.616170
2750	1910.183629	1469.199137
2751	1913.307537	1478.029147
2752	1693.413658	1456.430614
2753	1699.099021	1473.276158
2754	1701.988930	1472.615600
2755	1703.156287	1476.201485
2756	1718.268154	1470.599464
2757	1711.208964	1450.516308
2758	1714.498035	1455.038738
2759	1719.695698	1470.330570
2760	1798.226424	1442.967556
2761	1790.116552	1428.037209
2762	1788.539221	1431.570591
2763	1699.815134	1187.657243
2764	1702.517761	1196.535047
2765	1579.600173	1238.182958
2766	1576.257216	1229.629402
2767	1625.159570	1213.501474
2768	1581.377692	1232.498788
2769	1696.023026	1193.423087
2770	1631.150071	1215.537025
2771	1633.685322	1224.839921
2772	1503.915442	1258.376072
2773	1564.860319	1237.664965
2774	1534.264170	1248.239416
2775	1539.233501	1257.318511
2776	1498.844592	1256.581680
2777	1500.705345	1261.833374
2778	1503.786315	1261.351738
2779	1570.065077	1241.980180
2780	1564.960761	1234.346035
2781	1535.144445	1194.164696
2782	1552.087800	1185.894481
2783	1551.271885	1189.017887
2784	1551.696019	1190.600691
2785	1555.493522	1193.376231
2786	1557.059355	1193.320690
2787	1558.529028	1192.768015
2788	1559.748695	1191.776948
2789	1560.576263	1190.455899
2790	1551.408228	1187.384319
2791	1552.628740	1191.956347
2792	1553.986554	1192.931335
2793	1560.952600	1189.543807
2794	1560.794047	1187.372967
2795	1560.153809	1185.938975
2796	1559.081004	1184.785975
2797	1557.690612	1184.039086
2798	1556.133964	1183.772735
2799	1554.572263	1184.022314
2800	1553.175863	1184.750915
2801	1543.146781	1193.228806
2802	1550.080201	1192.326786
2803	1546.458609	1188.770993
2804	1563.912276	1187.384196
2805	1613.038503	1195.822337
2806	1616.382434	1206.683207
2807	1618.038465	1206.342884
2808	1619.125953	1208.688066
2809	1626.233484	1206.168364
2810	1625.360975	1204.123660
2811	1626.903363	1203.469610
2812	1624.121781	1194.654502
2813	1632.264154	1192.007387
2814	1630.082455	1187.001017
2815	1627.498504	1187.466480
2816	1623.834187	1181.149438
2817	1615.167922	1183.807714
2818	1613.535448	1180.231730
2819	1611.884876	1180.577483
2820	1610.806123	1178.642554
2821	1607.614307	1179.947390
2822	1608.413823	1183.335894
2823	1607.495790	1184.176322
2824	1609.371934	1189.399963
2825	1599.782128	1192.388525
2826	1602.194406	1198.427171
2827	1603.637469	1197.880616
2828	1604.481408	1198.583683
2829	1652.055019	1128.833313
2830	1655.018740	1136.407688
2831	1670.362330	1130.612210
2832	1671.349502	1133.270132
2833	1677.941655	1130.656071
2834	1678.917966	1132.803951
2835	1697.765582	1125.796899
2836	1694.394752	1118.441951
2837	1680.269406	1123.179811
2838	1679.319414	1122.268231
2839	1677.465978	1123.134110
2840	1676.358674	1119.857541
2841	1673.874152	1120.221035
2842	1672.096221	1114.584860
2843	1664.303986	1124.135359
2844	1477.912737	1168.528019
2845	1481.926530	1166.895023
2846	1481.594503	1165.870452
2847	1491.386200	1162.566878
2848	1494.444881	1169.823063
2849	1480.227775	1174.768402
2850	1584.574465	1292.188374
2851	1591.128211	1309.619990
2852	1587.183918	1279.614404
2853	1593.500222	1278.115432
2854	1593.345469	1274.114177
2855	1632.289169	1262.496865
2856	1586.814694	1237.674313
2857	1593.775473	1247.348848
2858	1581.678920	1248.649242
2859	1544.270010	1261.016093
2860	1501.304359	1266.352086
2861	1499.707050	1267.439954
2862	1498.509076	1268.946393
2863	1498.055604	1274.269586
2864	1502.101604	1278.165744
2865	1504.081734	1278.478525
2866	1507.779317	1277.318171
2867	1509.168408	1275.996242
2868	1510.343675	1270.663217
2869	1509.665096	1268.936081
2870	1506.990720	1277.706589
2871	1429.334773	1304.514936
2872	1436.999790	1326.898037
2873	1433.336335	1319.371888
2874	1432.566053	1319.615713
2875	1405.917401	1328.448077
2876	1630.588274	1258.972258
2877	1623.659063	1234.454695
2878	1742.298472	1141.055748
2879	1749.795050	1152.039012
2880	1768.822012	1138.633220
2881	1760.976524	1127.840403
2882	1784.831223	1212.370836
2883	1832.378740	1312.781243
2884	1837.998234	1315.734395
2885	1848.856056	1321.321574
2886	1854.621369	1324.593322
2887	1859.535640	1331.100112
2888	1862.452908	1336.750870
2889	1864.176084	1347.108224
2890	1867.301986	1364.324403
2891	1884.655609	1387.915771
2892	1899.240254	1378.137725
2893	1901.673742	1380.909088
2894	1910.874382	1370.696507
2895	1904.736222	1368.247996
2896	1903.113237	1368.631948
2897	1905.318672	1382.051760
2898	1907.303350	1381.826507
2899	1912.440548	1375.937843
2900	1912.369476	1373.853898
2901	1898.662605	1376.375157
2902	1903.354156	1381.716396
2903	1899.678015	1313.995051
2904	1906.289432	1325.113659
2905	1829.562359	1312.375272
2906	1827.757252	1307.970986
2907	1823.496723	1300.268901
2908	1818.324903	1291.965006
2909	1812.598512	1284.743377
2910	1800.656323	1268.413652
2911	1796.658935	1262.020476
2912	1789.314573	1247.378863
2913	1769.795199	1254.976926
2914	1780.160762	1287.435968
2915	1782.192566	1288.418818
2916	1796.155743	1323.064239
2917	1798.713102	1323.863964
2918	1820.993279	1318.087419
2919	1795.503067	1326.572389
2920	1783.486439	1290.160596
2921	1779.970917	1290.828887
2922	1739.793174	1238.438155
2923	1760.787330	1231.280100
2924	1790.422464	1250.433562
2925	1521.406877	1312.480900
2926	1523.430357	1311.816578
2927	1537.020077	1307.555743
2928	1546.574381	1331.773318
2929	1529.836290	1337.365829
2930	1520.857800	1295.747776
2931	1527.830526	1293.430534
2932	1530.390571	1299.876461
2933	1523.041200	1301.835660
2934	1680.871015	1506.582587
2935	1694.754601	1502.321189
2936	1697.412843	1510.872683
2937	1683.374783	1514.660374
2938	1676.311374	1490.866737
2939	1680.313669	1502.761853
2940	1695.038223	1499.064924
2941	1690.946414	1485.979224
2942	2635.967736	2047.916967
2943	511.603160	2265.767286
2944	505.462431	2266.447972
2945	488.532621	2245.045741
2946	444.038172	2187.620862
2947	405.319142	2140.682994
2948	1379.129060	998.808483
2949	533.240156	999.426762
2950	546.047828	1008.093917
2951	594.609098	883.937324
2952	553.333565	954.640717
2953	559.613143	959.165551
2954	613.060454	1076.980431
2955	639.090026	1086.690524
2956	633.304040	1104.491264
2957	629.169347	1105.722287
2958	605.589752	1096.531127
2959	648.357742	1009.605436
2960	665.807563	1016.015823
2961	667.354310	1011.312523
2962	661.421047	983.456817
2963	668.553025	986.077634
2964	666.273326	992.271997
2965	659.051667	989.458969
2966	506.869762	1077.294086
2967	590.885474	1022.687546
2968	593.436135	1024.413454
2969	579.991286	1061.469454
2970	587.078478	1063.747277
2971	1238.478508	1249.520116
2972	1240.855433	1249.879852
2973	1243.693866	1252.819968
2974	1242.105181	1254.562185
2975	1233.373211	1255.641453
2976	1233.025191	1252.614932
2977	1240.200339	1256.777055
2978	1189.232283	1407.665023
2979	1203.870276	1407.923933
2980	1204.522512	1431.721244
2981	1188.891751	1432.054821
2982	592.767562	1636.856301
2983	627.994670	1639.818638
2984	623.641018	1690.785278
2985	588.419414	1687.822881
2986	653.051318	1660.354015
2987	665.590669	1662.265527
2988	664.617932	1668.542905
2989	652.083933	1666.631282
2990	683.927493	1628.438310
2991	683.645948	1632.277032
2992	688.080722	1638.333332
2993	660.368528	1320.401687
2994	789.790816	1075.942203
2995	802.973345	1081.645251
2996	806.478094	1083.972024
2997	807.773388	1089.274603
2998	806.564018	1093.499203
2999	804.730425	1098.796538
3000	799.647358	1110.458678
3001	781.017018	1139.388428
3002	774.859950	1149.093419
3003	758.402549	1175.835820
3004	741.152193	1204.259197
3005	720.797425	1238.068178
3006	693.050239	1283.322628
3007	669.411986	1322.382531
3008	666.796459	1325.622217
3009	665.159104	1325.585131
3010	662.866587	1301.667320
3011	650.409674	1259.369159
3012	641.328642	1235.629813
3013	617.303974	1173.112102
3014	598.518303	1105.490379
3015	614.644294	1114.275179
3016	617.860739	1129.126742
3017	640.254429	1180.902315
3018	643.685605	1196.292848
3019	649.784416	1213.129456
3020	655.857682	1235.524298
3021	675.363453	1269.063401
3022	692.488289	1243.537847
3023	724.219425	1194.249081
3024	756.326657	1142.523050
3025	762.354483	1130.274927
3026	776.270319	1105.727853
3027	778.412119	1103.591018
3028	784.885279	1090.906317
3029	786.621555	1083.808419
3030	786.104796	1020.083750
3031	778.696826	1039.582971
3032	696.269459	1053.924464
3033	714.120115	1069.583587
3034	693.295296	1062.158173
3035	682.834443	1078.694345
3036	703.289310	1086.077721
3037	701.222900	1091.740593
3038	692.011476	1088.415443
3039	691.121919	1090.836135
3040	700.387275	1094.182317
3041	698.588556	1099.107317
3042	678.144515	1091.729270
3043	680.044457	1086.535864
3044	686.506953	1088.865925
3045	687.315360	1086.652191
3046	680.782773	1084.295895
3047	1359.981786	1586.219511
3048	1348.759344	1593.131335
3049	1246.143363	1612.010197
3050	1232.038568	1539.490920
3051	1212.224542	1543.524566
3052	1201.833811	1545.554502
3053	937.462203	1336.276679
3054	754.865118	1395.129068
3055	776.413143	1302.323324
3056	707.156933	1281.978214
3057	735.773473	1232.855901
3058	752.119964	1206.437497
3059	887.492132	1225.802866
3060	904.236142	1196.697312
3061	928.991515	1206.379716
3062	1044.933498	1170.424830
3063	1138.994329	1207.564567
3064	1218.378363	1236.659463
3065	1276.648231	1258.029608
3066	1289.400854	1269.433016
3067	1289.356727	1272.379154
3068	1269.995357	1292.643094
3069	1260.400529	1299.653339
3070	1242.565684	1320.772235
3071	1234.129721	1330.458946
3072	1227.063105	1346.672438
3073	1213.082421	1382.485125
3074	1208.671930	1430.434645
3075	1210.916556	1450.409696
3076	1217.336290	1471.305115
3077	1267.174589	1536.200855
3078	1288.229797	1547.227358
3079	1348.327152	1579.889949
3080	675.097212	1393.651171
3081	672.516384	1345.251309
3082	677.871410	1328.064358
3083	682.154862	1321.039506
3084	1363.630783	1586.296982
3085	1322.723451	1618.618300
3086	1283.604422	1647.767900
3087	1240.919163	1681.209169
3088	1213.243664	1701.517788
3089	1195.062892	1715.406145
3090	1155.316984	1745.723463
3091	1107.143774	1781.590027
3092	1177.028619	1727.888145
3093	1115.784502	1695.373093
3094	1040.915456	1656.454646
3095	952.768921	1611.891017
3096	924.161668	1743.989229
3097	963.652061	1712.494931
3098	1000.560941	1687.822794
3099	1020.944007	1671.635107
3100	1073.604170	1648.767781
3101	1244.157668	1614.692718
3102	1327.099155	1598.862572
3103	1343.269031	1596.238017
3104	1352.592996	1595.096222
3105	1185.886478	1185.453876
3106	1038.278017	1085.893388
3107	1057.756919	1092.926586
3108	1046.669425	1123.219973
3109	1027.195906	1116.186693
3110	1017.317750	1131.223505
3111	975.032558	1122.131511
3112	936.719445	1054.865741
3113	982.966137	976.193222
3114	944.545415	949.735615
3115	985.077735	871.174172
3116	1015.535960	905.705746
3117	1054.800468	950.654391
3118	1071.809495	970.258921
3119	1060.743013	1031.368363
3120	1052.653978	1081.620732
3121	1033.457333	1078.791338
3122	782.121818	805.388823
3123	787.934090	802.563468
3124	791.442922	809.083382
3125	785.635273	812.124953
3126	782.248513	881.662610
3127	803.861307	896.420641
3128	820.110131	909.202236
3129	834.906027	912.557984
3130	862.039673	924.879696
3131	875.120264	947.590809
3132	865.149209	1002.598302
3133	857.025498	1015.889470
3134	853.295546	1022.048189
3135	780.120682	1001.846912
3136	774.526287	974.316774
3137	770.074508	970.723431
3138	752.565720	959.549621
3139	750.507670	959.099958
3140	731.487682	946.288946
3141	725.966958	941.980766
3142	709.180492	926.321017
3143	708.263694	926.717781
3144	699.827358	918.123404
3145	696.390257	908.956258
3146	692.783515	899.609700
3147	700.295616	896.991994
3148	730.678031	900.397187
3149	751.488019	897.356667
3150	777.713470	883.184977
3151	94.183573	676.105817
3152	224.680310	873.444889
3153	536.070040	826.922153
3154	525.804546	826.842198
3155	507.177635	825.182829
3156	452.666412	1061.170724
3157	393.545050	1043.677464
3158	394.584736	1040.277311
3159	394.151513	1038.528303
3160	466.748936	910.960868
3161	479.715943	905.819046
3162	499.677780	891.630832
3163	509.603408	886.326709
3164	552.425888	843.683628
3165	589.082228	798.055466
3166	618.417267	887.039077
3167	574.758790	921.851311
3168	589.180983	930.484002
3169	598.843481	932.634675
3170	513.707426	1308.846553
3171	536.437498	1338.583612
3172	573.326768	1332.946494
3173	560.813016	1311.255225
3174	542.803888	1287.690315
3175	526.958457	1298.007757
3176	739.927749	1006.610680
3177	751.113803	1056.529337
3178	806.512154	1036.758858
3179	821.422281	1038.459224
3180	819.688590	1053.189137
3181	804.921282	1051.413621
3182	948.283882	1087.986850
3183	953.071277	1089.770441
3184	942.581774	1117.499826
3185	937.788923	1115.710812
3186	1024.832135	1124.712278
3187	1036.776068	1129.027639
3188	1030.711517	1145.580428
3189	1018.767478	1141.259534
3190	1147.032981	1130.884196
3191	1157.248057	1134.387947
3192	1145.533552	1168.138947
3193	1135.313151	1164.635327
3194	1141.255273	1201.736832
3195	1113.220751	1187.747759
3196	1130.039019	1147.808774
3197	1162.591778	1070.505516
3198	1185.513637	1097.787933
3199	1587.538027	1135.537308
3200	1661.869503	1116.549715
3201	1704.877546	1105.894591
3202	1310.948883	1400.087375
3203	1323.053171	1396.146320
3204	1325.250928	1402.400279
3205	1313.303446	1406.421186
3206	1380.425984	1423.154490
3207	1387.186955	1421.695803
3208	1389.415106	1431.132806
3209	1383.234021	1433.200336
3210	1390.622634	1416.281265
3211	1373.452534	1421.922114
3212	1364.973469	1424.571121
3213	1349.211538	1375.116288
3214	1340.640231	1377.955855
3215	1349.290594	1429.731032
3216	1332.355989	1380.212471
3217	1356.682095	1427.243866
3218	1353.346268	1438.091865
3219	1374.899523	1431.342496
3220	1375.627684	1429.374600
3221	1381.670163	1419.051282
3222	1357.311961	1374.522012
3223	1370.351677	1381.842659
3224	1453.977417	1413.333175
3225	1447.685241	1397.143981
3226	1293.583475	1377.267821
3227	1263.135153	1303.494204
3228	917.386721	933.476215
3229	1556.640483	1818.911288
3230	1566.256909	1812.433230
3231	1659.705512	1956.990486
3232	1592.980091	1997.581895
3233	1508.745860	1859.085025
3234	2019.939669	1550.144018
3235	2036.059477	1538.880320
3236	2042.079131	1546.073575
3237	2040.352289	1546.853516
3238	2043.176357	1550.642672
3239	2032.341639	1557.944756
3240	2029.907670	1554.896072
3241	2026.090219	1557.456503
3242	2016.227612	2231.034960
3243	2012.098769	2237.795189
3244	2086.651786	2406.772001
3245	2126.434972	2397.872025
3246	1097.887699	2353.825297
3247	1208.420138	2285.559539
3248	1386.167576	2177.134810
3249	684.587147	1505.522703
3250	679.530902	1513.418283
3251	677.007278	1522.951402
3252	677.153628	1529.792772
3253	682.067563	1534.746151
3254	688.194615	1532.906734
3255	683.644187	1544.696299
3256	687.516835	1574.975525
3257	685.643175	1590.640371
3258	680.570055	1603.994175
3259	674.126745	1622.796327
3260	1560.541807	1754.561052
3261	1561.701170	1752.500782
3262	1819.694063	1905.721920
3263	1829.930102	1899.963054
3264	1849.778296	1941.022284
3265	1979.296501	2209.152814
3266	1972.809801	2213.672579
3267	1971.061354	2218.707134
3268	1970.398238	2222.725773
3269	1971.214521	2228.665262
3270	1973.098089	2233.494930
3271	1979.610744	2240.494544
3272	1981.268870	2243.526422
3273	1976.892434	2251.717375
3274	1973.469831	2255.478613
3275	1777.224417	2333.831017
3276	1617.928737	2397.955049
3277	1612.057076	2397.703105
3278	1587.494364	2362.790468
3279	1365.809537	2098.991876
3280	1324.856126	2505.743596
3281	1303.837700	2457.050270
3282	1270.105928	2421.036050
3283	1149.323564	2378.445409
3284	1106.459780	2382.839126
3285	1045.496195	2331.294664
3286	1331.672196	2152.484485
3287	1420.661344	2070.915301
3288	1466.158146	2041.241565
3289	1538.654825	1999.971458
3290	1517.876282	1965.000209
3291	1475.631338	1893.663594
3292	1569.866318	2363.682267
3293	1456.062245	2418.230694
3294	1421.070342	2372.758471
3295	1401.620620	2385.514592
3296	1395.362248	2388.693216
3297	1390.747726	2391.470683
3298	1590.975318	2349.987049
3299	1588.767252	2354.022062
3300	696.920595	1102.393279
3301	664.788510	1172.462646
3302	639.155775	1184.298144
3303	790.107553	1018.683676
3304	635.019314	1029.137336
3305	669.347798	1027.754374
3306	640.057752	1017.143242
3307	605.087414	1031.030962
3308	612.389627	1033.609270
3309	609.913330	1040.612118
3310	603.618885	1038.139832
3311	604.332814	1036.510502
3312	603.325178	1036.160430
3313	639.291984	1054.116588
3314	653.968195	1059.881833
3315	649.670337	1072.492399
3316	653.252276	1073.924479
3317	651.532291	1079.779636
3318	640.703906	1075.623830
3319	637.590701	1083.355802
3320	629.309406	1080.510002
3321	633.090459	1070.744783
3322	636.473417	1072.125649
3323	631.545626	1062.030835
3324	631.765112	1057.788540
3325	637.649452	1060.092117
3326	696.345100	967.895261
3327	715.724474	956.482140
3328	713.710889	953.108482
3329	694.336973	964.527036
3330	690.473100	965.419435
3331	704.228456	957.376816
3332	702.314294	954.150792
3333	688.558816	962.187869
3334	672.616155	936.714853
3335	680.743972	931.626823
3336	679.203638	928.875362
3337	671.070473	933.963508
3338	519.686817	2114.387491
3339	527.686832	2102.884370
3340	538.413060	2087.828495
3341	580.148909	2040.675863
3342	619.766530	2001.977506
3343	643.712701	1974.663662
3344	670.401209	1948.289600
3345	678.667802	1938.982967
3346	593.471396	2127.627762
3347	641.263557	2054.864580
3348	594.767601	2025.825157
3349	575.224251	2047.204303
3350	577.026342	2050.194166
3351	570.351159	2053.143700
3352	557.194455	2068.334772
3353	555.040698	2070.649466
3354	544.642887	2084.062025
3355	561.970217	2102.050236
3356	498.399545	2224.089927
3357	494.727042	2224.906316
3358	485.266704	2230.394959
3359	484.897637	2231.390167
3360	488.613610	2227.610942
3361	491.585988	2226.066303
3362	502.147358	2223.793310
3363	510.296541	2224.999824
3364	505.901228	2224.029040
3365	687.876971	1503.305800
3366	676.830843	1426.194795
3367	689.068924	1632.027897
3368	698.458818	1581.463932
3369	690.345933	1523.719925
3370	1404.485742	1479.027169
3371	1422.785468	1534.146313
3372	1384.253852	1547.231287
3373	1365.940528	1491.735289
3374	1219.954351	1215.770926
3375	1228.997854	1224.530080
3376	1234.927670	1222.711893
3377	1223.860343	1211.843860
3378	1212.092156	1222.023191
3379	1159.375425	1184.960163
3380	1166.394339	1187.561469
3381	1161.407077	1203.475492
3382	1153.898937	1201.256248
3383	1178.399089	1208.520778
3384	1182.770497	1194.322693
3385	1154.959449	1183.534646
3386	1179.968032	1113.858047
3387	1228.826963	1170.388614
3388	1228.986176	1172.587185
3389	1202.754729	1199.237618
3390	1200.298788	1200.188551
3391	1189.259876	1196.169889
3392	1185.114286	1210.424164
3393	2147.759572	2328.692757
3394	2191.156747	2298.112992
3395	2174.976129	2491.466509
3396	2225.618327	2479.740095
3397	2277.351709	2467.774435
3398	2330.729451	2455.430219
3399	2383.362365	2443.262976
3400	2434.471809	2430.867717
3401	2454.006925	2512.194991
3402	2487.280474	2422.185973
3403	2444.726446	2473.817204
3404	1464.647857	1595.513145
3405	1495.145236	1585.123350
3406	1499.108853	1597.451895
3407	1468.680832	1608.333846
3408	1973.474872	1153.226622
3409	2001.324842	1133.959745
3410	2051.565741	1203.175869
3411	2023.324693	1224.164797
3412	2083.943392	1305.096167
3413	2113.514990	1344.457202
3414	2142.046420	1322.297554
3415	2111.980492	1284.333560
3416	2197.280522	1394.524876
3417	2168.219847	1416.434968
3418	2151.988479	1394.278169
3419	2181.269856	1374.698383
3420	1033.334868	2574.366428
3421	1041.312357	2598.572973
3422	1054.719024	2648.604681
3423	1069.299478	2696.764273
3424	1073.664901	2709.855093
3425	1029.141845	2606.099234
3426	771.982141	2448.958976
3427	571.464793	2530.295685
3428	812.280191	2428.378315
3429	839.097344	2421.314917
3430	1443.468954	1427.406776
3431	1481.052335	1413.721152
3432	1483.909609	1421.314404
3433	1467.741307	1427.787898
3434	1470.077255	1435.009552
3435	1481.665077	1430.425203
3436	1484.396773	1438.148700
3437	1456.626895	1448.308330
3438	1453.889833	1440.584951
3439	1466.378432	1436.108949
3440	1464.061507	1429.779875
3441	1446.746600	1436.655010
3442	2215.466369	1491.560801
3443	2197.784552	1505.331044
3444	2165.016693	1461.495388
3445	2183.607535	1448.471186
3446	1632.535187	1221.059539
3447	1574.640438	1240.851075
3448	1587.806523	1240.298853
3449	1589.800840	1245.797298
3450	1537.355454	1253.764405
3451	1448.402728	1288.040314
3452	1450.141203	1292.823160
3453	1399.051034	1305.399014
3454	1400.749103	1310.543241
3455	1528.975692	1338.892809
3456	1452.795322	1410.063758
3457	1852.618865	1407.677168
3458	1855.978147	1415.753400
3459	2256.433827	2288.793444
3460	2396.841100	1521.779903
3461	2431.811470	1569.163258
3462	2511.571508	1542.545023
3463	2457.745692	1467.990737
3464	2352.950588	1460.315185
3465	2449.541422	1389.096019
3466	2345.150715	1248.359922
3467	2208.569928	1266.379780
3468	2248.265259	1319.608294
3469	2279.565066	1296.591624
3470	2238.081714	1243.273426
3471	1885.398992	777.615398
3472	1912.933591	818.938780
3473	1955.909706	787.348004
3474	1925.606929	745.872615
3475	1921.466318	1334.624637
3476	1916.637120	1332.869307
3477	1914.060324	1332.663438
3478	1912.076740	1334.197621
3479	1910.864344	1335.781958
3480	1937.685031	1373.254383
3481	1942.537398	1374.088517
3482	1946.401336	1371.699020
3483	1946.039446	1367.508074
3484	1913.726940	1370.541536
3485	1922.201861	1364.426579
3486	1933.488636	1367.053997
3487	1921.435683	1351.286753
3488	1922.534059	1354.901845
3489	1922.932981	1357.816326
3490	1912.674197	1367.563313
3491	1908.023468	1368.666152
3492	1731.827940	929.509662
3493	1853.877013	841.553741
3494	1778.113089	894.869067
3495	1778.811712	895.780461
3496	1800.270799	924.775551
3497	1780.257057	940.842271
3498	1769.550586	928.058100
3499	1742.824058	944.090239
3500	1732.108718	929.886392
3501	1756.434385	912.368949
3502	1779.136672	896.222809
3503	1791.739322	886.514674
3504	1819.999785	865.646878
3505	1838.919972	890.192330
3506	1826.470837	898.821126
3507	1807.107506	875.067166
3508	1855.400756	840.522981
3509	1878.636653	870.084974
3510	1896.325468	858.860054
3511	1873.056725	827.751276
3512	653.937779	1357.806825
3513	663.677020	1337.558653
3514	244.209344	897.492899
3515	394.511021	812.933685
3516	823.210460	1096.366053
3517	773.263432	1171.236209
3518	963.353474	1137.733774
3519	892.276523	975.822447
3520	836.310411	1076.429100
3521	988.182944	1141.868203
3522	607.112978	2209.253599
3523	618.215890	2251.497352
3524	634.189404	2272.459826
3525	676.259877	1967.405375
3526	675.666111	2006.627022
3527	673.492456	2065.977839
3528	669.625367	2119.663013
3529	665.404218	2163.798980
3530	663.979527	2285.339020
3531	668.501382	2288.226275
3532	688.069677	2291.262843
3533	680.846514	1924.088085
3534	680.558114	1913.860777
3535	523.805065	2052.238085
3536	486.050865	2053.828889
3537	489.369307	2057.701453
3538	619.023957	1413.026880
3539	601.103641	1445.342105
3540	547.197758	1582.703888
3541	543.875550	1649.112537
3542	542.944917	1674.841031
3543	541.202175	1731.831014
3544	533.000501	1888.787389
3545	522.777875	2075.689031
3546	477.912978	2099.585444
3547	520.779718	2102.494300
3548	517.073831	2149.437132
3549	516.417349	2169.468973
3550	514.521540	2210.033249
3551	504.213401	2221.630232
3552	493.342710	2222.695138
3553	513.585841	2223.520509
3554	481.872157	2228.210215
3555	513.070648	2241.158732
3556	478.243849	2231.837806
3557	512.482651	2253.152048
3558	2036.785392	862.031057
3559	1785.192821	807.306585
3560	1729.184721	848.770819
3561	1676.617265	942.060404
3562	1194.422068	887.085249
3563	1637.108080	1385.303895
3564	2282.771969	1840.024413
3565	2366.239584	2041.902823
3566	2114.414742	1373.706434
3567	2116.961803	1035.516138
3568	2124.991914	1156.711767
3569	1901.946937	854.602901
3570	1869.165952	877.934884
3571	1819.359367	914.241719
3572	1779.148001	943.766654
3573	2114.104108	938.259791
3574	2222.681282	1084.979514
3575	2095.485484	913.269469
3576	2133.315726	778.148888
3577	2052.408242	743.993362
3578	1998.405962	779.223428
3579	1655.334347	802.504217
3580	1767.706268	952.229908
3581	1792.310575	704.668134
3582	1705.779848	766.299505
3583	1816.884311	916.058131
3584	685.734308	1896.588818
3585	1229.182210	1545.231516
3586	1385.461097	1646.715335
3587	1269.991413	1737.873167
3588	833.795363	2059.014510
3589	1166.904925	1701.087130
3590	1299.733364	1714.409006
3591	1396.118329	1764.750550
3592	1481.004932	1908.663189
3593	1308.910575	1876.559675
3594	1279.276558	2032.572388
3595	1245.945443	2070.223864
3596	1201.335871	2057.282403
3597	1163.973361	2046.637874
3598	1089.358963	1986.487674
3599	1225.750434	2211.875304
3600	1106.829087	2039.244800
3601	1074.460564	2061.606753
3602	1066.769474	2070.823070
3603	1056.552306	2092.711786
3604	1052.118505	2101.448069
3605	1113.163827	2033.623931
3606	1092.355148	1999.568978
3607	1085.502459	1997.718629
3608	967.340523	2068.965787
3609	1518.954026	2016.542934
3610	1875.750151	2554.327514
3611	1692.696895	2595.773142
3612	1685.325376	2567.809708
3613	1672.315291	2532.717263
3614	1650.521326	2477.162590
3615	1640.652284	2455.714047
3616	1610.081318	2402.099229
3617	1598.861374	2386.769536
3618	1578.237334	2357.258381
3619	1945.223555	2125.855263
3620	1991.331377	2225.108842
3621	1768.856801	2371.786262
3622	677.173818	1602.985246
3623	591.561272	1606.231551
3624	587.373667	1637.714991
3625	584.042677	1697.722972
3626	673.074421	1724.837451
3627	2138.576110	2209.712454
3628	2243.766228	2195.522871
3629	2272.146095	2175.662431
3630	2423.721998	2176.861631
3631	1902.745882	2035.881234
3632	1983.928367	2015.478353
3633	2107.483690	1985.150811
3634	2118.868490	1980.854243
3635	2292.783418	1941.715370
3636	2383.936564	1920.394075
3637	2507.418651	1886.318383
3638	2606.271373	1863.665474
3639	1854.730641	1899.845430
3640	1851.519532	1910.280100
3641	1849.393846	1923.720020
3642	1955.085356	1652.462870
3643	1959.161232	1650.739958
3644	1968.349938	1615.091730
3645	1972.116049	1608.611041
3646	1995.683331	1592.474362
3647	2001.243080	1583.576125
3648	2004.022080	1559.850451
3649	2005.657455	1558.290404
3650	1236.400131	2692.365869
3651	736.395895	2451.323752
3652	664.688313	2412.590796
3653	574.480287	2358.285766
3654	566.301597	2232.868809
3655	695.900326	2045.502713
3656	1396.956164	2096.546773
3657	1396.829425	2110.155058
3658	1415.665084	2103.430125
3659	1529.313068	2026.843716
3660	1521.969063	2016.240139
3661	1402.320503	2109.854851
3662	1428.405229	2141.612199
3663	1405.909076	2119.639964
3664	1415.872095	2123.908949
3665	1397.417979	2088.616507
3666	2820.463195	2338.556960
3667	2588.206090	2388.860729
3668	2602.001853	2402.178528
3669	2502.724955	2410.909352
3670	2456.636625	2416.003915
3671	2467.785674	2422.278465
3672	2502.655410	2405.370015
3673	1084.598337	655.708337
3674	726.073843	977.260301
3675	730.068972	978.755686
3676	736.832953	960.906428
3677	732.867170	959.282839
3678	102.336103	688.394506
3679	783.669875	1069.822019
3680	783.991207	1070.092481
3681	784.384894	1070.244918
3682	785.968554	1068.768964
3683	785.826021	1068.356017
3684	785.561834	1068.006682
3685	785.193099	1067.770512
3686	784.807932	1070.269157
3687	785.217316	1070.155023
3688	785.570634	1069.920063
3689	785.825593	1069.587366
3690	785.961521	1069.190654
3691	784.763057	1067.668771
3692	784.325285	1067.705859
3693	783.928133	1067.891837
3694	783.608312	1068.192641
3695	783.408115	1068.585179
3696	783.353206	1069.018986
3697	783.442517	1069.444164
3698	1826.245983	1270.376106
3699	1489.166298	1400.214462
3700	1381.824662	1377.388225
3701	540.107567	1714.926170
3702	1711.172029	875.937894
3703	2648.226428	1853.191201
3704	1379.655051	1006.423703
3705	1414.442598	785.392393
3706	1494.792233	891.393451
3707	1417.066081	969.014024
3708	1420.923942	886.766130
3709	1421.365594	867.582510
3710	1425.109927	841.999983
3711	1430.408861	829.135717
3712	1436.880119	815.314672
3713	1448.036485	799.480295
3714	1457.848414	787.568207
3715	1479.281768	758.297719
3716	1423.268576	851.468243
3717	1491.358629	943.620131
3718	1518.113458	867.401865
3719	1385.306671	897.436663
3720	1419.983760	899.620737
3721	1753.423858	1185.589890
3722	1470.376938	916.745125
3723	2164.382041	1788.657552
3724	1627.127588	1425.179258
3725	1640.302120	1420.766522
3726	1642.520403	1427.491508
3727	1657.826314	1421.957384
3728	1660.060557	1429.181212
3729	1633.720730	1438.439084
3730	1631.615685	1430.502557
3731	1628.974024	1431.268774
3732	2007.288029	2219.050831
3733	1985.822677	2236.884697
3734	1847.603312	1896.891173
3735	1847.186628	1899.423677
3736	1847.620212	1901.954716
3737	1853.085333	1906.963268
3738	1860.514676	1905.013588
3739	1862.110141	1902.838693
3740	1862.770069	1897.916043
3741	1861.990541	1895.714063
3742	1855.763883	1891.609151
3743	1325.863803	1404.555892
3744	2233.759569	1771.575307
3745	2236.130178	1770.892637
3746	2238.587361	1771.012354
3747	2240.879413	1771.917622
3748	2242.747635	1773.514103
3749	2239.086245	1785.427909
3750	2236.643012	1785.712782
3751	2234.230803	1785.192770
3752	2232.123645	1783.928606
3753	2230.543527	1782.048684
3754	2243.995706	1775.622939
3755	2244.485277	1778.025214
3756	2244.162469	1780.450299
3757	2243.064743	1782.647812
3758	2241.309742	1784.365665
3759	2229.665978	1779.760036
3760	2229.581827	1777.310320
3761	2230.302193	1774.971073
3762	2231.746735	1772.988043
3763	754.633496	1099.090680
3764	727.229613	1089.881180
3765	730.032941	1081.911826
3766	757.261753	1090.686899
3767	785.558901	1067.368888
3768	784.074448	1070.734105
3769	796.717038	1078.700595
3770	787.778666	1075.136577
3771	768.529374	1066.850925
3772	764.446963	1078.286478
3773	722.071961	1090.795689
3774	723.194043	1087.743267
3775	813.421808	1092.054761
3776	817.824542	1094.356802
3777	821.535301	1096.313102
3778	774.503953	1109.415254
3779	664.434872	1323.981015
3780	661.620666	1343.936850
3781	662.701078	1344.690265
3782	663.970629	1345.034733
3783	666.486379	1344.381892
3784	668.003237	1342.286115
3785	668.224015	1340.855918
3786	667.882279	1339.881479
3787	667.260784	1338.829825
3788	666.334451	1338.028742
3789	667.429529	1343.468718
3790	663.974843	1337.480178
3791	661.754760	1338.453944
3792	660.994315	1339.407584
3793	660.575042	1340.559150
3794	660.547554	1341.774443
3795	658.095021	1133.818443
3796	655.836242	1132.984836
3797	657.062706	1130.312884
3798	659.067146	1131.007718
3799	681.193444	1030.207852
3800	681.174136	1038.811027
3801	682.449040	1039.654585
3802	687.088009	1039.494395
3803	688.439750	1038.428284
3804	689.355283	1036.972144
3805	685.452839	1040.061826
3806	656.026686	1121.882027
3807	646.482922	952.437945
3808	666.684392	841.124144
3809	664.930419	843.391367
3810	665.143591	847.108572
3811	668.596839	848.022048
3812	669.932584	848.958602
3813	670.663990	849.896981
3814	670.921285	850.423954
3815	670.930831	851.871410
3816	671.813467	852.878662
3817	676.438758	852.324973
3818	677.862369	851.867455
3819	678.792289	850.582956
3820	680.602145	849.679002
3821	681.516885	847.934461
3822	682.358161	847.006838
3823	683.505980	845.407073
3824	683.362060	844.178807
3825	682.374902	842.785527
3826	681.013349	842.393089
3827	679.816273	840.937737
3828	678.793232	839.617330
3829	677.674186	838.559665
3830	676.014426	838.478664
3831	674.950815	838.262895
3832	673.696945	839.154965
3833	673.159562	840.037266
3834	671.527032	841.730593
3835	669.886273	841.787851
3836	738.270198	990.616484
3837	740.961824	984.174840
3838	744.005489	968.679200
3839	745.802593	963.926199
3840	753.770101	965.852530
3841	758.290690	969.161522
3842	754.447999	984.058558
3843	750.091764	965.165712
3844	751.635726	958.077466
3845	754.826580	953.472173
3846	767.958026	939.757743
3847	787.392451	917.649812
3848	799.290831	906.047301
3849	803.585421	902.533312
3850	819.981832	910.957693
3851	777.825076	1013.055681
3852	758.619399	1044.854218
3853	760.663849	1043.917524
3854	767.161691	1042.896747
3855	761.608572	1041.074124
3856	764.607222	1054.754461
3857	767.009591	1047.792080
3858	764.142692	1046.782861
3859	766.375344	1045.392873
3860	768.655035	1046.203872
3861	771.381999	1038.663259
3862	760.597712	1034.817000
3863	763.380481	1034.141857
3864	811.913442	1052.251503
3865	783.509651	1065.077573
3866	759.890293	1064.278913
3867	740.831229	1056.638184
3868	719.693525	1048.836692
3869	693.456820	1038.942244
3870	806.427166	1077.333863
3871	811.970583	1083.960042
3872	816.144846	1076.821151
3873	822.055162	1076.589477
3874	816.627511	1084.892194
3875	816.526664	1086.680345
3876	816.828225	1087.777669
3877	817.292681	1088.488799
3878	817.960532	1088.957081
3879	818.586461	1089.215488
3880	819.315043	1089.272025
3881	820.004663	1089.257289
3882	820.723531	1088.859215
3883	821.404637	1088.195713
3884	826.654586	1079.586187
3885	826.706432	1078.758640
3886	826.723818	1078.070494
3887	826.324477	1077.152749
3888	825.822600	1076.442418
3889	824.885780	1076.151827
3890	823.947996	1076.066480
3891	823.054268	1076.290800
3892	827.459033	1088.199464
3893	830.829682	1082.248078
3894	836.093290	1087.293924
3895	825.060692	1071.572168
3896	826.828512	1071.706339
3897	828.336129	1072.428460
3898	829.599951	1073.505224
3899	830.099695	1074.115763
3900	836.770866	1057.427807
3901	812.751409	1092.468440
3902	806.383630	1106.581880
3903	814.920449	1097.863279
3904	817.321999	1094.866732
3905	821.747755	1196.607242
3906	800.594385	1291.151450
3907	797.051018	1292.269946
3908	790.945223	1291.357702
3909	786.748772	1291.447404
3910	784.489293	1293.581216
3911	777.519282	1311.035543
3912	772.045333	1329.922196
3913	768.636506	1347.089638
3914	763.723014	1362.420056
3915	758.675850	1391.508869
3916	927.626809	1207.839880
3917	874.015101	1105.419717
3918	860.686953	1100.657081
3919	850.595256	1096.679482
3920	844.412027	1093.899641
3921	839.755881	1092.002358
3922	834.341399	1090.908894
3923	827.753747	1092.480666
3924	849.070267	1117.422952
3925	860.864727	1097.963198
3926	780.646024	1067.224284
3927	683.035288	1032.803105
3928	687.064500	1034.392035
3929	687.499000	1035.702834
3930	687.501191	1037.056155
3931	686.927810	1038.255384
3932	685.932019	1038.709307
3933	684.900254	1038.731365
3934	681.305250	1037.188620
3935	681.015894	1036.412737
3936	680.837618	1035.579013
3937	681.004457	1034.626979
3938	681.311595	1033.732958
3939	681.680726	1033.236966
3940	684.318760	1035.798558
3941	687.971704	1014.033296
3942	688.748544	1011.343232
3943	684.591941	1012.802101
3944	685.557430	1010.180110
3945	673.676119	1022.570062
3946	716.428641	1038.717404
3947	719.499584	1029.505440
3948	759.396118	1038.153989
3949	771.124189	1014.086333
3950	757.018130	1042.503412
3951	754.422300	1048.421628
3952	756.793533	1048.010420
3953	757.209810	1045.716332
3954	747.830906	1099.114057
3955	746.031326	1104.249832
3956	723.946946	1102.447810
3957	724.975882	1099.541590
3958	720.736612	1101.384935
3959	721.717078	1098.463111
3960	664.940871	1039.768224
3961	662.311980	1032.131308
3962	636.759900	1024.995635
3963	724.922922	1050.777145
3964	717.101175	1061.421844
3965	695.024594	1053.485163
3966	690.767058	896.352582
3967	715.227544	897.698963
3968	752.657721	956.596874
3969	784.161417	979.197093
3970	836.966349	1079.343675
3971	838.544254	1082.604624
3972	842.150352	1086.421269
3973	844.867213	1088.920190
3974	847.221830	1089.984743
3975	891.114010	1059.866597
3976	863.400238	1075.450981
3977	855.685961	1092.882252
3978	858.137995	1091.997881
3979	868.624459	1095.928228
3980	885.901610	1103.285505
3981	836.572860	1072.191460
3982	837.750202	1067.468361
3983	891.871759	1090.833510
3984	913.063881	1061.633024
3985	936.321353	1074.791927
3986	825.397673	1093.851093
3987	830.098373	1091.825992
3988	835.651451	1091.646329
3989	840.986440	1093.024368
3990	852.209161	1097.870793
3991	854.639360	1098.467820
3992	859.463354	1100.461360
3993	862.090370	1101.509002
3994	889.782614	1111.960623
3995	865.535763	1102.810943
3996	868.411420	1096.470796
3997	872.020506	1097.924546
3998	866.847019	1095.844176
3999	889.953478	1111.446689
4000	892.274959	1112.212443
4001	892.003573	1113.028039
4002	889.682092	1112.262285
4003	871.781923	1098.523125
4004	874.025471	1099.395926
4005	874.375505	1098.506544
4006	872.131957	1097.633743
4007	871.689751	1101.969512
4008	891.981237	1109.478716
4009	807.152792	1093.270305
4010	805.009390	1100.338071
4011	801.317982	1108.797830
4012	800.935817	1108.683973
4013	800.185752	1110.375067
4014	800.542609	1110.556025
4015	842.081816	1055.927695
4016	843.294461	1056.611748
4017	842.521121	1057.964993
4018	841.308476	1057.280941
4019	839.516522	1055.516591
4020	1128.996222	1197.184065
4021	1152.998133	1206.411556
4022	1346.493325	1279.247469
4023	1356.654046	1261.903216
4024	1306.500691	1269.262444
4025	1305.120030	1271.981946
4026	1301.867743	1274.963226
4027	1350.648786	1276.485447
4028	1364.528400	1316.168683
4029	1358.844694	1314.226577
4030	1355.264732	1315.384481
4031	1353.813431	1316.546915
4032	1353.301926	1326.669097
4033	1354.987916	1328.236084
4034	1357.062894	1329.234581
4035	1361.401929	1329.313999
4036	1367.099703	1321.632625
4037	1363.315416	1328.507781
4038	1367.082869	1332.631696
4039	1362.547109	1332.606389
4040	1346.684096	1302.239205
4041	1369.156344	1320.767890
4042	1367.077466	1321.843866
4043	1364.846489	1316.539062
4044	1365.431010	1312.599676
4045	1354.925784	1373.225096
4046	1374.960690	1379.786464
4047	1478.113638	1322.261212
4048	1446.488135	1343.995291
4049	1447.820892	1348.060192
4050	1451.985915	1346.751185
4051	1443.245262	1332.866050
4052	1356.647753	1318.544230
4053	1355.594399	1319.809107
4054	1355.022843	1321.346583
4055	1354.999033	1322.988856
4056	1355.518830	1324.541886
4057	1356.525231	1325.840493
4058	1362.652783	1326.275577
4059	1363.805906	1325.174967
4060	1364.540789	1323.772672
4061	1364.785548	1322.208886
4062	1364.517001	1320.650499
4063	1363.759840	1319.252286
4064	1362.597678	1318.173313
4065	1357.908130	1326.737271
4066	1359.515482	1327.124531
4067	1361.159360	1326.967455
4068	1361.145140	1317.522065
4069	1359.558671	1317.361766
4070	1358.004579	1317.716601
4071	1368.022422	1317.752586
4072	1368.683899	1319.679757
4073	1398.970061	1309.377579
4074	1398.308590	1307.450407
4075	1401.048096	1306.254971
4076	1401.827972	1308.468037
4077	1448.954539	1292.099677
4078	1448.180019	1289.886496
4079	1450.275952	1289.359279
4080	1450.987769	1291.390761
4081	1495.781458	1275.970898
4082	1495.074878	1273.933756
4083	1500.921355	1270.464644
4084	1500.678641	1271.623485
4085	1500.816064	1272.801957
4086	1501.320215	1273.872778
4087	1502.135511	1274.737296
4088	1503.185102	1275.302858
4089	1507.445789	1273.964111
4090	1508.004610	1272.831814
4091	1508.149093	1271.580777
4092	1507.866274	1270.355484
4093	1507.185832	1269.293966
4094	1506.190672	1268.522024
4095	1504.989480	1268.120540
4096	1504.360658	1275.505214
4097	1505.538991	1275.335897
4098	1506.607958	1274.802843
4099	1503.727653	1268.136335
4100	1502.539072	1268.577648
4101	1501.566770	1269.380420
4102	1506.610954	1261.640978
4103	1510.708516	1268.459037
4104	1512.095328	1271.297018
4105	1588.044586	1244.947271
4106	1587.238527	1242.507353
4107	1590.306281	1246.929105
4108	1565.921269	1235.751018
4109	1568.003065	1235.312872
4110	1554.822931	1186.751386
4111	1554.245967	1187.534636
4112	1553.955518	1188.461538
4113	1553.981530	1189.431617
4114	1554.311070	1190.339765
4115	1554.920864	1191.097736
4116	1559.282559	1190.733047
4117	1559.766756	1189.863030
4118	1559.932955	1188.877764
4119	1559.767599	1187.894014
4120	1559.283741	1187.022432
4121	1558.536847	1186.356125
4122	1557.614102	1185.970888
4123	1555.744874	1191.618191
4124	1556.691159	1191.853171
4125	1557.662788	1191.771463
4126	1558.558426	1191.386317
4127	1556.612673	1185.909023
4128	1555.645060	1186.179226
4129	1638.754931	1218.791701
4130	1640.288186	1222.480728
4131	1642.039470	1227.618285
4132	1642.581078	1229.193040
4133	1667.022716	1210.885100
4134	1674.761551	1208.124587
4135	1673.365644	1219.175120
4136	1672.636502	1217.332581
4137	1670.791945	1211.581351
4138	1670.111858	1209.782139
4139	1672.745245	1210.885281
4140	1666.896251	1219.262946
4141	1670.099741	1220.265204
4142	1665.559835	1221.803947
4143	1666.335252	1224.061485
4144	1675.744726	1220.893786
4145	1674.985349	1218.635906
4146	1723.479885	1203.948144
4147	1724.628271	1201.366786
4148	1729.715872	1201.186387
4149	1747.133715	1195.607536
4150	1726.803464	1198.281029
4151	1728.799038	1203.590877
4152	1728.214642	1204.779163
4153	1733.242161	1223.635462
4154	1746.522354	1219.148581
4155	1745.858881	1196.017374
4156	1742.470809	1205.690389
4157	1729.317479	1210.108013
4158	1744.304809	1212.706436
4159	1731.279703	1216.866194
4160	1589.675565	1241.673393
4161	1590.762435	1244.240444
4162	1640.344266	1226.872332
4163	1639.316532	1224.570249
4164	1642.282954	1223.480985
4165	1642.926537	1225.574936
4166	1671.045888	1216.223877
4167	1670.403053	1213.913598
4168	1672.339254	1213.167973
4169	1672.981649	1215.206485
4170	1750.258870	1188.657879
4171	1750.565490	1187.736189
4172	1749.671127	1186.673667
4173	1754.043590	1184.051427
4174	1754.970817	1185.401665
4175	1756.928391	1186.413827
4176	1760.465552	1187.514394
4177	1763.108086	1188.545258
4178	1764.169962	1188.683505
4179	1765.577496	1188.226474
4180	1766.378675	1187.172238
4181	1766.423157	1185.995445
4182	1766.088128	1184.577138
4183	1764.164781	1182.660176
4184	1762.135580	1180.795384
4185	1760.974802	1180.282083
4186	1759.241476	1179.503644
4187	1757.478953	1179.363669
4188	1755.046027	1180.391623
4189	1754.039241	1182.088077
4190	1753.885250	1183.145180
4191	1775.243879	1150.887316
4192	1776.667242	1152.681806
4193	1777.514222	1152.020395
4194	1776.085514	1150.226018
4195	1799.495992	1182.973231
4196	1802.595293	1187.122576
4197	1803.690689	1186.322766
4198	1800.552199	1182.091058
4199	1783.757788	1144.083689
4200	1785.201080	1146.060789
4201	1786.054823	1145.465792
4202	1784.691835	1143.492530
4203	1765.476846	1179.476325
4204	1769.362831	1181.889525
4205	1772.116213	1179.584619
4206	1788.669463	1169.564910
4207	1789.473595	1168.649275
4208	1789.628011	1166.355308
4209	1788.787308	1165.552325
4210	1780.605303	1170.108125
4211	1766.083855	1178.847751
4212	1765.993800	1191.955918
4213	1776.268253	1202.541734
4214	1776.461045	1201.799954
4215	1768.995559	1189.762200
4216	1767.624592	1191.183534
4217	1755.483995	1178.102712
4218	1752.134218	1171.734580
4219	1752.339583	1176.860673
4220	1754.730453	1175.866892
4221	1747.035813	1170.151424
4222	1732.131067	1225.456163
4223	1748.723667	1220.305307
4224	1743.266002	1204.103819
4225	1751.423374	1200.402656
4226	1750.393004	1195.965242
4227	1284.421179	1261.635447
4228	1288.470218	1264.666226
4229	1288.510857	1275.347939
4230	1284.892005	1280.450265
4231	1228.628494	1492.218579
4232	1241.555270	1510.035484
4233	637.014274	879.552910
4234	630.856472	882.474502
4235	301.365759	967.038539
4236	630.260308	873.102408
4237	613.131185	883.202925
4238	609.881710	879.062538
4239	604.220557	880.697809
4240	598.711237	876.927449
4241	594.940590	880.430331
4242	590.759200	879.732128
4243	590.090142	876.457301
4244	589.344246	872.590630
4245	582.273938	870.107188
4246	573.789211	869.761707
4247	569.683230	869.588825
4248	606.125262	814.940982
4249	610.673035	826.020141
4250	634.737676	877.638089
4251	641.217582	891.033241
4252	643.130622	893.455029
4253	651.362404	893.478718
4254	659.163563	916.640908
4255	689.931671	900.558113
4256	809.449554	894.126996
4257	814.457060	888.933812
4258	807.425473	869.732044
4259	798.193410	851.176316
4260	788.816415	839.606821
4261	788.272735	832.934816
4262	784.524621	826.730624
4263	782.712753	821.782964
4264	783.106498	817.431584
4265	780.590775	815.588404
4266	774.715709	813.972300
4267	771.946768	811.041855
4268	763.415850	806.531722
4269	754.361241	786.774148
4270	747.434002	772.462231
4271	750.806409	770.593083
4272	755.363262	772.592326
4273	762.028839	783.920231
4274	769.963994	784.577133
4275	778.749200	779.208941
4276	773.362761	769.922574
4277	751.432660	733.816985
4278	612.563441	783.354123
4279	607.584627	792.390592
4280	602.242836	802.460947
4281	600.573525	805.685933
4282	555.569017	880.612267
4283	517.536262	910.379065
4284	493.436034	935.377394
4285	474.782838	954.729279
4286	458.675000	994.299644
4287	457.191526	1011.703405
4288	460.769467	1017.944440
4289	452.844944	1031.276157
4290	446.792691	1045.621675
4291	443.997090	1050.945251
4292	444.991586	1058.927744
4293	688.674935	1307.061318
4294	689.564096	1307.624695
4295	690.485415	1306.190611
4296	689.596255	1305.627234
4297	673.300062	1318.877126
4298	673.954492	1319.218111
4299	674.720543	1317.776253
4300	674.065994	1317.429723
4301	665.196054	1337.564990
4302	677.100517	1320.027190
4303	660.909478	1342.942581
4304	643.769742	1011.899989
4305	666.538451	1020.182327
4306	669.551254	1021.260511
4307	936.122183	1114.298758
4308	922.877143	1107.665090
4309	931.999657	1099.571951
4310	944.201660	1079.654359
4311	681.001000	1042.220335
4312	682.110797	1042.595963
4313	656.177909	1113.947162
4314	655.294661	1113.660986
4315	600.798801	1068.329286
4316	591.976979	1094.975267
4317	577.748827	1090.154542
4318	600.177510	1085.542587
4319	608.375267	1089.233236
4320	610.257566	1087.717583
4321	607.103863	1095.805418
4322	623.223675	1101.800426
4323	629.230351	1084.566256
4324	613.472601	1078.996125
4325	621.547667	1081.951710
4326	614.991220	1098.737277
4327	570.245504	964.401548
4328	642.549526	896.795409
4329	624.836957	908.123094
4330	616.961620	915.013961
4331	600.542077	930.030275
4332	622.834607	941.046136
4333	631.153621	924.389320
4334	636.771615	920.486423
4335	737.231398	956.776801
4336	731.552643	948.827893
4337	710.823932	929.142381
4338	1961.511776	1674.500752
4339	1985.775057	1689.581100
4340	1942.608100	1646.150277
4341	2002.269653	1563.953248
4342	2001.665216	1567.970618
4343	1999.447268	1587.901703
4344	1961.855671	1644.664763
4345	1961.403762	1667.664308
4346	1962.320626	1660.989091
4347	1965.869136	1643.275968
4348	1972.533651	1615.169121
4349	1975.017328	1611.755154
4350	1978.657364	1608.649374
4351	1984.592583	1605.084338
4352	1990.684947	1600.861486
4353	1994.661600	1597.992597
4354	2001.861511	1591.782763
4355	2003.945705	1589.198173
4356	2005.360415	1585.812500
4357	2005.697143	1582.283363
4358	2005.610122	1578.191957
4359	2005.430616	1573.775280
4360	2005.394222	1568.041058
4361	2006.287357	1563.767960
4362	2007.619965	1560.544881
4363	2009.789737	1556.954573
4364	2018.879434	1557.121771
4365	2036.672210	1582.279067
4366	2062.475275	1563.637971
4367	2040.014241	1534.225977
4368	2027.850587	1543.164781
4369	2058.079964	1557.885515
4370	2032.563853	1576.692456
4371	2053.882510	1552.383987
4372	2028.472001	1571.127680
4373	2033.937698	1538.692491
4374	1977.808134	1683.111521
4375	1972.851572	1678.630078
4376	1969.661692	1675.996834
4377	1966.138778	1673.043436
4378	1958.663360	1681.633046
4379	1961.138271	1681.829979
4380	1964.525174	1682.412399
4381	1967.092452	1682.929061
4382	1970.821270	1683.997839
4383	1973.723349	1684.917815
4384	1977.378942	1686.315392
4385	1980.537444	1687.473956
4386	1930.795141	1669.047694
4387	1934.669008	1661.350019
4388	1936.383569	1656.726641
4389	1938.640491	1650.699570
4390	1939.847614	1649.120886
4391	1942.864930	1647.664534
4392	1944.919401	1647.454429
4393	1948.062194	1648.125236
4394	1949.647646	1648.995571
4395	1950.507415	1650.696671
4396	1952.218224	1653.688620
4397	1953.520969	1656.855644
4398	1955.407866	1660.331933
4399	1956.865939	1663.007567
4400	1958.508712	1666.572245
4401	1960.470716	1669.808440
4402	1960.294416	1673.084581
4403	1959.190279	1675.481943
4404	1957.034507	1678.722550
4405	1954.114839	1680.997694
4406	1951.435911	1682.774085
4407	1948.732567	1683.402886
4408	1946.343145	1683.453726
4409	1943.371224	1683.272918
4410	1940.570239	1683.082927
4411	1935.978069	1680.396332
4412	1933.273155	1677.181495
4413	1931.136821	1673.544124
4414	1930.772409	1671.749289
4415	1873.847340	1396.215792
4416	1866.061628	1356.802097
4417	1828.929121	1315.289534
4418	1828.600269	1305.113271
4419	1823.715676	1297.740612
4420	1820.053524	1292.272101
4421	1799.578878	1263.522434
4422	1795.253652	1255.294815
4423	1781.806789	1289.641700
4424	1762.596921	1304.992690
4425	1762.413724	1231.306496
4426	1763.748047	1232.686894
4427	1766.582443	1231.927717
4428	1767.613968	1234.911937
4429	1774.502914	1233.179038
4430	1778.912170	1232.286512
4431	1781.242390	1232.464325
4432	1783.546362	1233.419199
4433	1784.900958	1234.244524
4434	1786.235668	1235.391965
4435	1787.215092	1237.184809
4436	1787.996961	1238.992950
4437	1789.119856	1240.993505
4438	1789.940271	1241.597247
4439	1791.063495	1241.351486
4440	1792.155661	1240.651578
4441	1792.393378	1247.047114
4442	1792.084235	1247.347654
4443	1791.955275	1247.821846
4444	1792.076583	1248.495930
4445	1807.402404	1274.293528
4446	1830.552842	1308.405132
4447	1832.255136	1309.988469
4448	1732.605965	1356.547521
4449	1738.581464	1354.617712
4450	1736.180972	1347.369686
4451	1745.085536	1427.758959
4452	1731.091051	1432.593907
4453	1733.935633	1442.112067
4454	1782.052268	1425.801708
4455	1774.427308	1428.376723
4456	1776.131752	1434.081013
4457	1784.012944	1431.483905
4458	1787.701195	1420.340238
4459	1792.666620	1418.947771
4460	1799.758995	1440.095156
4461	1797.562791	1440.935044
4462	1798.520538	1447.237604
4463	1793.459563	1433.085420
4464	1795.963182	1439.904174
4465	1719.158688	1466.459486
4466	1716.598423	1458.238691
4467	1794.458920	1435.815185
4468	1768.353692	1438.256670
4469	1709.689190	1436.909934
4470	1709.046954	1434.627376
4471	1718.965078	1475.199275
4472	1710.927674	1453.129132
4473	1653.368131	1255.808213
4474	1655.724420	1262.735486
4475	1661.013093	1260.947839
4476	1677.216633	1240.541280
4477	1658.751842	1246.930165
4478	1788.719207	1386.257850
4479	1806.168345	1430.158170
4480	1806.080689	1432.572738
4481	1806.810992	1435.225033
4482	1808.357084	1437.510539
4483	1810.542712	1439.188963
4484	1813.155624	1440.087339
4485	1815.915841	1440.117334
4486	1819.253208	1438.870458
4487	1823.052831	1429.943018
4488	1822.156664	1427.538296
4489	1820.709356	1425.622298
4490	1818.780044	1424.176913
4491	1816.521120	1423.326466
4492	1810.194645	1424.342999
4493	1808.312541	1425.869504
4494	1806.932380	1427.862320
4495	1820.777945	1437.639976
4496	1822.376958	1435.376275
4497	1823.160172	1432.725047
4498	1803.749983	1420.309242
4499	1826.048324	1416.401417
4500	1818.228243	1419.357707
4501	1821.546204	1436.547616
4502	1828.197675	1440.499328
4503	1859.836444	1414.356794
4504	1823.188881	1424.776386
4505	1823.654792	1423.047074
4506	1824.387039	1421.267722
4507	1825.276787	1419.601493
4508	1826.367944	1418.352508
4509	1827.275627	1417.528957
4510	1823.770420	1428.480125
4511	1825.207389	1427.146129
4512	1811.742912	1424.720483
4513	1814.026620	1424.222616
4514	1816.352513	1424.450436
4515	1818.495485	1425.381000
4516	1820.245052	1426.924500
4517	1821.426850	1428.929346
4518	1821.929720	1431.198231
4519	1821.706178	1433.510308
4520	1820.772888	1435.643365
4521	1819.226932	1437.384571
4522	1817.214447	1438.564424
4523	1815.139220	1439.057854
4524	1813.008368	1438.947906
4525	1810.993184	1438.242027
4526	1809.266143	1437.003103
4527	1807.957665	1435.328195
4528	1807.177610	1433.353625
4529	1806.988322	1431.244459
4530	1807.409377	1429.166674
4531	1808.401550	1427.287499
4532	1809.882615	1425.763983
4533	1887.435552	1405.211410
4534	1894.551799	1402.353349
4535	1900.929140	1400.459454
4536	1905.284784	1399.312968
4537	1907.886836	1398.947012
4538	1913.205404	1399.321952
4539	1916.672898	1400.168894
4540	1920.761543	1401.052542
4541	1925.975320	1402.283866
4542	1918.015192	1398.909033
4543	1919.693515	1398.612648
4544	1920.785078	1397.885031
4545	1921.506770	1396.111461
4546	1915.949396	1389.035966
4547	1912.624600	1382.578549
4548	1911.309683	1378.840496
4549	1910.064529	1384.918138
4550	1925.431127	1363.376170
4551	1928.263837	1364.048043
4552	1921.882256	1360.966861
4553	1792.870605	1353.151508
4554	1797.080406	1366.761625
4555	1792.869175	1360.622598
4556	1791.959531	1353.564697
4557	1796.527999	1366.939775
4558	1793.226681	1361.840753
4559	1834.691286	1414.165299
4560	1827.542403	1394.882712
4561	1840.892537	1390.677281
4562	1806.899973	1401.212352
4563	1843.989769	1397.999227
4564	1830.281334	1402.456325
4565	1809.441922	1409.078571
4566	1807.143810	1405.633224
4567	1799.791022	1407.930647
4568	1796.673712	1408.712488
4569	1792.885416	1409.880224
4570	1785.522059	1412.183429
4571	1775.464625	1397.716068
4572	1778.750644	1406.869862
4573	1784.648598	1409.589646
4574	1785.971516	1414.203861
4575	1786.509832	1420.398875
4576	1789.078725	1428.525201
4577	1787.851361	1431.163703
4578	1775.732934	1435.193245
4579	1773.498081	1428.690465
4580	1801.905480	1407.269987
4581	1805.330095	1415.649877
4582	1809.278446	1417.479364
4583	1811.441731	1417.605261
4584	1833.319544	1410.522748
4585	1863.445749	1400.253059
4586	1864.891417	1399.578912
4587	1869.899172	1396.405180
4588	1841.649260	1435.032681
4589	1837.746379	1424.533134
4590	1837.164590	1422.576530
4591	1836.548131	1420.498641
4592	1835.051310	1416.004601
4593	1856.857598	1417.875610
4594	1855.189180	1413.862215
4595	1553.271976	1353.694503
4596	1627.151080	1446.116672
4597	1647.553707	1439.580978
4598	1638.312455	1436.827094
4599	1624.672725	1437.727740
4600	1619.461391	1429.835196
4601	1632.889350	1435.311946
4602	1658.498392	1424.133923
4603	1659.560892	1427.566740
4604	1660.907445	1423.494690
4605	1662.024378	1426.721130
4606	1688.278981	1287.877712
4607	1697.283421	1284.779653
4608	1687.468884	1282.986346
4609	1689.091205	1287.594188
4610	1639.823911	1304.650377
4611	1648.681132	1301.671881
4612	1811.023521	1448.713065
4613	1813.290987	1447.954859
4614	1821.354663	1470.767688
4615	1819.128905	1471.475087
4616	1809.984426	1445.623627
4617	1816.644336	1442.936061
4618	1826.215911	1470.009743
4619	1819.454017	1472.427702
4620	1820.505745	1476.864656
4621	1823.263818	1476.040545
4622	1835.900472	1512.444657
4623	1833.455756	1513.417398
4624	1821.677786	1475.647226
4625	1827.583051	1473.436079
4626	1841.282209	1513.528148
4627	1840.735295	1515.220359
4628	1839.583142	1516.115671
4629	1837.327327	1516.917998
4630	1834.624942	1516.337674
4631	1811.514469	1473.789175
4632	1812.331492	1474.736866
4633	1813.208687	1475.245107
4634	1813.781726	1475.282828
4635	1814.728166	1475.024187
4636	1824.900019	1496.882525
4637	1825.300207	1506.136564
4638	1829.663199	1518.905898
4639	1831.626402	1516.667723
4640	1827.046003	1503.231896
4641	1806.271899	1450.350565
4642	1814.131279	1473.112276
4643	1815.967613	1470.943357
4644	1807.967835	1448.118076
4645	1807.386087	1446.666197
4646	1806.307292	1446.234351
4647	1776.031919	1456.524063
4648	1815.456062	1474.548339
4649	1815.890423	1474.100925
4650	1816.208751	1473.478495
4651	1816.262043	1472.967088
4652	1816.267613	1472.223746
4653	1816.146660	1471.566294
4654	1803.090322	1504.141140
4655	1804.828912	1510.194128
4656	1805.245758	1508.421486
4657	1804.514663	1505.480793
4658	1805.135470	1506.255174
4659	1805.459757	1507.168981
4660	1873.602369	1510.621755
4661	1874.797718	1513.264153
4662	1822.268898	1528.042972
4663	1819.901954	1505.031246
4664	1826.584668	1502.914475
4665	1832.883041	1519.425290
4666	1833.658748	1520.190828
4667	1835.496639	1520.356929
4668	1843.778291	1517.984279
4669	1844.896227	1515.481228
4670	1844.474888	1513.776345
4671	1829.331975	1468.667743
4672	1820.200692	1442.932474
4673	1820.634291	1441.192756
4674	1821.898047	1440.766515
4675	1823.640712	1440.729426
4676	1824.585785	1440.908985
4677	1826.010084	1441.743916
4678	1827.036294	1442.720435
4679	1831.100190	1441.435915
4680	1832.501834	1441.206413
4681	1833.919642	1441.736430
4682	1817.073835	1443.265253
4683	1810.194509	1445.192079
4684	1825.157048	1431.062988
4685	1827.836932	1437.872446
4686	1828.495748	1438.673752
4687	1829.200859	1438.886150
4688	1830.077537	1438.867492
4689	1887.355970	1419.317679
4690	1888.623698	1418.575217
4691	1889.075201	1417.927771
4692	1889.345425	1417.306368
4693	1889.365580	1415.991435
4694	1889.188029	1414.935844
4695	1888.102229	1412.917859
4696	1886.812122	1411.603071
4697	1885.956467	1410.850322
4698	1884.520773	1409.982346
4699	1883.498030	1409.671321
4700	1882.190871	1409.566018
4701	1880.533261	1409.579101
4702	1826.032518	1428.725943
4703	1825.352339	1429.433724
4704	1825.117886	1429.976719
4705	1817.622378	1422.049532
4706	1819.753797	1423.191108
4707	1821.856455	1425.242913
4708	1822.886556	1419.868674
4709	1824.362165	1424.873438
4710	1824.769392	1423.150921
4711	1825.353968	1421.469001
4712	1826.381486	1419.993966
4713	1827.849858	1418.376435
4714	1838.663436	1414.851723
4715	1852.628517	1409.889991
4716	1855.001252	1409.051907
4717	1864.521714	1405.327338
4718	1868.809347	1402.995347
4719	1876.928665	1397.764243
4720	1882.335966	1394.265871
4721	1888.724231	1390.874199
4722	1895.563448	1385.803464
4723	1898.394571	1383.635589
4724	1900.022782	1383.245979
4725	1901.657597	1383.166828
4726	1905.347845	1383.925832
4727	1907.181474	1384.896274
4728	1908.484117	1385.794816
4729	1910.461646	1387.244736
4730	1912.400184	1388.872972
4731	1914.083706	1391.083462
4732	1915.686297	1393.511983
4733	1917.775535	1396.190835
4734	1918.046943	1396.379186
4735	1917.889682	1397.031464
4736	1917.512228	1397.388918
4737	1916.550726	1397.442651
4738	1915.855443	1397.440802
4739	1913.982868	1397.153399
4740	1911.068016	1396.893715
4741	1906.834293	1396.983782
4742	1900.683508	1398.717554
4743	1871.814372	1408.749616
4744	1825.160938	1424.712231
4745	1805.205006	1428.115397
4746	1806.597863	1426.216600
4747	1808.288505	1424.488951
4748	1809.989886	1423.265801
4749	1806.768951	1422.696513
4750	1805.407344	1422.043281
4751	1802.895240	1420.604756
4752	1804.343493	1425.077643
4753	1786.752684	1414.220512
4754	1793.414973	1411.643814
4755	1795.774924	1415.481641
4756	1796.795959	1416.968541
4757	1804.560585	1438.794923
4758	1804.618641	1441.522537
4759	1804.235350	1442.861842
4760	1803.448779	1444.098802
4761	1799.972075	1445.332010
4762	1799.269323	1445.230493
4763	1798.840484	1444.429840
4764	1795.471293	1443.930270
4765	1796.553311	1446.774751
4766	1721.718695	1472.156649
4767	1720.980360	1469.881684
4768	1721.597958	1474.272419
4769	1901.317269	1574.792156
4770	1924.250118	1571.314671
4771	1921.312527	1616.231148
4772	1916.415408	1643.951028
4773	1902.945805	1668.159422
4774	1890.651216	1680.734154
4775	1875.576418	1687.560964
4776	1861.657964	1690.674804
4777	1733.956760	1695.756526
4778	1669.944366	1548.985061
4779	1718.990816	1537.185916
4780	1697.429481	1489.052560
4781	1746.789862	1472.643383
4782	1685.627612	1513.969005
4783	1691.132506	1512.797939
4784	1692.338551	1516.693601
4785	1686.982799	1518.338486
4786	1683.249854	1504.274514
4787	1694.520214	1500.606779
4788	1758.639808	1464.043688
4789	1747.048075	1467.690451
4790	1749.607576	1474.369349
4791	1764.386187	1469.190479
4792	1765.442145	1471.564065
4793	1771.501806	1469.571456
4794	1770.371991	1466.994224
4795	1761.282248	1465.324127
4796	1760.969528	1463.195401
4797	1796.113301	1535.643714
4798	1804.511071	1520.888892
4799	1796.183367	1523.861572
4800	1788.099845	1512.680076
4801	1790.838498	1507.929483
4802	1780.421683	1514.762601
4803	1783.476832	1510.559912
4804	1776.962052	1505.240898
4805	1781.283015	1503.723474
4806	1780.157425	1504.107955
4807	1779.263207	1501.292757
4808	1758.858077	1499.164709
4809	1785.168065	1499.314540
4810	1785.638621	1500.818703
4811	1788.364967	1500.011895
4812	1787.981440	1498.827573
4813	1795.230234	1496.421410
4814	1796.478183	1496.006594
4815	1810.588735	1486.327201
4816	1814.917021	1492.691133
4817	1822.433835	1497.600589
4818	1817.600483	1499.417315
4819	1815.387207	1493.424348
4820	1817.072934	1481.918426
4821	1818.972198	1479.942293
4822	1818.327130	1478.530587
4823	1817.724650	1478.365924
4824	1816.319989	1478.956012
4825	1814.987971	1479.943898
4826	1807.976766	1484.718865
4827	1796.210957	1492.246246
4828	1793.817617	1493.622793
4829	1789.340503	1493.834573
4830	1765.335858	1489.431440
4831	1763.357440	1481.409022
4832	1765.585822	1488.361200
4833	1768.127825	1487.436291
4834	1768.478961	1488.355072
4835	1765.396222	1478.952913
4836	1765.952783	1480.477430
4837	1767.794600	1479.822564
4838	1767.191227	1478.360054
4839	1754.357714	1473.918791
4840	1762.887966	1471.163632
4841	1763.523093	1472.359237
4842	1770.444879	1469.915650
4843	1772.759681	1476.405634
4844	1761.301332	1480.288042
4845	1762.010451	1482.447153
4846	1757.066997	1484.116497
4847	1755.970721	1480.351611
4848	1757.985873	1479.548845
4849	1756.843695	1476.139909
4850	1755.282833	1476.677867
4851	1763.638181	1509.667752
4852	1787.567676	1490.444608
4853	1767.696462	1496.314246
4854	1782.346949	1491.398805
4855	1780.320413	1484.381319
4856	1770.331940	1487.722154
4857	1770.064917	1486.735024
4858	1782.552194	1482.198427
4859	1780.198362	1475.382033
4860	1782.184157	1474.707465
4861	1791.943615	1490.002031
4862	1798.134008	1481.589416
4863	1804.007159	1479.628528
4864	1804.960325	1482.198428
4865	1798.996855	1484.438561
4866	1787.943544	1485.239587
4867	1791.183341	1484.183354
4868	1792.043240	1486.893900
4869	1788.944706	1487.802919
4870	1684.276119	1450.257869
4871	1672.348279	1467.001521
4872	1673.116391	1469.669650
4873	1674.106658	1469.459980
4874	1674.966590	1472.170524
4875	1686.955455	1468.337732
4876	1685.030845	1462.593762
4877	1710.641502	1518.550135
4878	1700.728464	1522.166766
4879	1685.026756	1529.700471
4880	1682.631071	1522.679757
4881	1680.210051	1520.496096
4882	1677.877769	1516.452481
4883	1672.603650	1497.573726
4884	1653.008002	1503.825978
4885	1671.524559	1548.601977
4886	1873.163465	1392.225818
4887	1867.882069	1396.614492
4888	1866.704804	1395.325037
4889	1866.830852	1394.462657
4890	1866.018468	1393.481585
4891	1866.405786	1393.085093
4892	1865.588838	1391.638217
4893	1869.189172	1389.176644
4894	1871.598920	1391.083263
4895	1903.710820	1372.085754
4896	1904.795076	1371.768727
4897	1905.924418	1371.811259
4898	1906.981005	1372.204764
4899	1907.857100	1372.912709
4900	1908.460176	1373.859411
4901	1908.734654	1374.946219
4902	1908.640874	1376.068592
4903	1907.450654	1377.940873
4904	1906.425398	1378.517326
4905	1905.263945	1378.725067
4906	1904.094119	1378.539189
4907	1903.060721	1377.978798
4908	1902.266736	1377.108261
4909	1901.810506	1376.025320
4910	1901.737510	1374.856576
4911	1908.202851	1377.098453
4912	1902.066379	1373.723655
4913	1902.746606	1372.766291
4914	2500.518299	1911.673062
4915	2449.177869	1969.469210
4916	2410.006503	1992.142775
4917	2404.958826	1993.425827
4918	2226.815611	1794.102572
4919	2233.801855	1791.430482
4920	2235.771619	1791.765773
4921	2245.876803	1817.835347
4922	2237.283423	1821.129507
4923	2240.688183	1786.824832
4924	2242.878519	1796.783967
4925	2241.550636	1789.158172
4926	2228.318982	1782.306725
4927	2223.485568	1785.875947
4928	2219.614004	1787.145162
4929	2207.066232	1791.083576
4930	2212.662840	1790.964618
4931	2221.828370	1789.427581
4932	2230.900951	1787.543106
4933	2227.081894	1783.985842
4934	2229.742635	1786.386343
4935	2224.194552	1787.530342
4936	2242.384786	1806.012558
4937	2243.255219	1808.218161
4938	2244.736777	1806.467294
4939	2246.832816	1793.116963
4940	2249.836318	1802.587374
4941	2257.440456	1800.051921
4942	2254.518953	1790.413376
4943	2266.613004	1805.137157
4944	2138.147972	1823.220303
4945	2149.770555	1819.534412
4946	2151.354034	1820.565654
4947	2162.214436	1850.956425
4948	2148.305647	1855.267747
4949	2053.501067	1852.286644
4950	2063.592592	1885.233994
4951	2074.705716	1880.982007
4952	2063.790891	1852.067770
4953	2061.675498	1849.411662
4954	2032.659340	1906.768747
4955	2040.768356	1931.488554
4956	2051.148921	1927.745743
4957	2043.819494	1904.728738
4958	2042.562076	1903.690576
4959	2293.824224	1893.556193
4960	2282.489578	1860.457745
4961	2279.915821	1859.380976
4962	2265.539562	1863.336010
4963	2269.238860	1864.782649
4964	2280.528372	1861.531049
4965	2282.350439	1862.718080
4966	2292.256456	1892.507963
4967	2292.093403	1893.642890
4968	2279.676611	1897.195762
4969	2249.700770	1774.819492
4970	2250.046914	1777.518773
4971	2255.237626	1775.411767
4972	2203.625528	1795.011454
4973	2187.328766	1799.695152
4974	2098.745151	1829.743259
4975	2008.442272	1860.156044
4976	1896.628431	1897.988381
4977	1883.842742	1901.294462
4978	1870.523458	1898.627311
4979	1868.776014	1897.682794
4980	1866.794918	1889.782468
4981	1866.836739	1887.978984
4982	1871.942037	1872.318079
4983	1874.279180	1866.045219
4984	1877.929672	1859.417162
4985	1882.800875	1852.352686
4986	1892.627211	1837.894718
4987	1911.399915	1809.591030
4988	1923.044813	1796.148229
4989	1929.236505	1785.040072
4990	1935.329110	1769.275029
4991	1937.394210	1762.026271
4992	1940.009126	1745.431175
4993	1942.890910	1726.046097
4994	1944.897088	1711.754635
4995	1947.171779	1698.771966
4996	1947.476494	1697.007265
4997	1948.308758	1695.153689
4998	1949.319670	1694.156008
4999	1950.710228	1693.155796
5000	1952.104206	1692.316358
5001	1957.706110	1689.928680
5002	1962.973309	1689.655768
5003	1970.495865	1690.571728
5004	1973.884260	1691.475810
5005	1982.291738	1695.778455
5006	2013.043410	1715.707039
5007	2045.125220	1736.578014
5008	2098.087138	1770.887677
5009	2120.836611	1782.450719
5010	2136.510349	1788.706580
5011	2151.065282	1793.150387
5012	2167.968332	1795.603051
5013	2183.689508	1796.294924
5014	2190.261963	1796.044282
5015	1394.962930	2027.945741
5016	1371.302553	2041.396166
5017	1407.898944	2083.323359
5018	1423.715012	2089.968945
5019	1421.740991	2091.941246
5020	1419.413616	2094.897272
5021	1418.577365	2096.307287
5022	1336.732418	1991.937989
5023	1353.550435	2025.978540
5024	1396.838087	2104.796948
5025	1396.740948	2082.701738
5026	1394.268480	2095.899718
5027	1394.968924	2107.171913
5028	1395.965914	2112.292251
5029	1122.260546	2387.521056
5030	1401.576452	2108.317706
5031	1403.528544	2109.829073
5032	1405.861637	2110.650090
5033	1408.338764	2110.702617
5034	1410.702995	2109.975495
5035	1412.715331	2108.545931
5036	1414.175606	2106.556856
5037	1414.927838	2104.216820
5038	1414.896697	2101.754837
5039	1414.087742	2099.431473
5040	1412.586122	2097.477864
5041	1410.540417	2096.090516
5042	1408.157063	2095.420325
5043	1406.584356	2095.398418
5044	1405.045118	2095.691948
5045	1403.592567	2096.288686
5046	1402.295718	2097.164974
5047	1401.196506	2098.281091
5048	1400.347438	2099.591544
5049	1399.784866	2101.045641
5050	1399.523642	2102.587597
5051	1399.583612	2104.144886
5052	1399.958245	2105.662181
5053	1400.629967	2107.067753
5054	1398.784610	2104.794237
5055	1399.348932	2106.429508
5056	1401.402594	2109.192217
5057	1402.804044	2110.210602
5058	1404.386191	2110.925620
5059	1406.078836	2111.305490
5060	1407.812255	2111.340606
5061	1409.522185	2111.026795
5062	1411.134029	2110.376740
5063	1412.578889	2109.419643
5064	1413.798677	2108.190025
5065	1414.741122	2106.744464
5066	1415.375218	2105.133541
5067	1415.551235	2101.352615
5068	1414.925774	2099.358126
5069	1413.839647	2097.578687
5070	1412.343209	2096.118607
5071	1410.539796	2095.058879
5072	1408.527161	2094.469522
5073	1406.434302	2094.381063
5074	1404.379052	2094.802080
5075	1402.489227	2095.707660
5076	1400.881242	2097.039854
5077	1399.644427	2098.724651
5078	1398.856835	2100.660548
5079	1398.563970	2102.724552
5080	1405.686012	2088.384618
5081	1387.977728	1965.491366
5082	1339.099069	1993.828760
5083	1387.958592	2073.116196
5084	1366.693418	2038.920944
5085	1342.263229	1998.758640
5086	1400.236242	2107.913677
5087	1417.154533	2082.005479
5088	1425.385662	2130.422772
5089	1416.095928	2115.351463
5090	1417.519946	2113.668220
5091	1419.258739	2110.697019
5092	1420.461870	2108.436107
5093	1421.127092	2106.780148
5094	1421.248135	2105.435312
5095	1421.120418	2101.705240
5096	1421.469387	2099.262879
5097	1421.836337	2097.663203
5098	1423.140892	2095.644174
5099	1425.604294	2093.800094
5100	1429.881219	2090.231186
5101	1449.211709	2079.125128
5102	1471.138382	2065.628660
5103	1506.479828	2044.979586
5104	1517.635169	2047.232053
5105	1534.203029	2037.976624
5106	1537.608328	2035.912820
5107	1550.266870	2054.489853
5108	1419.908603	2081.502997
5109	1419.349518	2081.115578
5110	1419.633952	2080.410650
5111	1479.820165	2044.178211
5112	1481.609239	2047.323739
5113	1489.249304	2047.987209
5114	1482.176390	2046.585051
5115	1489.075488	2047.109024
5116	1515.825287	2031.324493
5117	1512.284601	2024.783039
5118	1480.517708	2043.786171
5119	1506.659614	2043.128770
5120	1517.058377	2045.763441
5121	1530.682515	2037.646804
5122	1529.613152	2035.900278
5123	1523.083220	2034.381130
5124	1565.712214	2045.258412
5125	1574.891494	2060.426454
5126	1436.265720	2146.092452
5127	1444.411148	2148.137263
5128	1466.665892	2179.355160
5129	1461.145520	2183.544065
5130	1436.489429	2148.306280
5131	1475.041220	2188.167354
5132	1475.863188	2189.597455
5133	1469.814940	2193.858628
5134	1488.715054	2219.241083
5135	1501.977123	2209.706618
5136	1497.888709	2203.559572
5137	1498.791299	2202.752716
5138	1489.597889	2189.432022
5139	1488.685813	2190.044954
5140	1486.312204	2187.072749
5141	1482.983231	2182.684382
5142	1401.296253	2082.404862
5143	1511.317505	2023.067612
5144	1478.479315	2042.992128
5145	1415.583925	2081.079445
5146	1411.233222	2083.446342
5147	1409.824740	2085.356660
5148	1409.074628	2086.542978
5149	1408.813425	2087.835341
5150	1409.037248	2088.801203
5151	1409.768190	2089.473374
5152	1411.265597	2090.728212
5153	1412.166879	2091.363469
5154	1413.616363	2091.876098
5155	1414.623768	2091.971080
5156	1415.425566	2091.953972
5157	1416.255177	2091.736597
5158	1419.015507	2090.274435
5159	1422.246034	2088.291964
5160	1430.785707	2082.995889
5161	1413.934104	2083.960004
5162	1411.496362	2085.753620
5163	1410.510635	2087.677104
5164	1411.362937	2088.773765
5165	1413.606279	2090.400943
5166	1415.720187	2090.222723
5167	1427.426906	2083.477992
5168	1427.907439	2082.940821
5169	1431.137834	2082.455912
5170	1516.320649	2032.234646
5171	1512.997698	2022.111063
5172	1513.824832	2021.777274
5173	1515.083521	2021.367723
5174	1516.139652	2021.239817
5175	1517.264066	2021.304582
5176	1518.521472	2021.837963
5177	1519.399950	2022.407156
5178	1520.149168	2023.184327
5179	1520.709644	2023.887872
5180	1521.115106	2024.594722
5181	1521.234283	2025.418608
5182	1521.284182	2026.504655
5183	1520.938619	2027.854275
5184	1520.557817	2028.805299
5185	1519.493497	2030.053770
5186	1518.187952	2031.024515
5187	1515.568643	2030.825236
5188	1516.935562	2030.224796
5189	1518.100448	2029.428992
5190	1519.006369	2028.777373
5191	1519.560704	2027.939125
5192	1519.886279	2026.906081
5193	1519.715117	2025.650678
5194	1519.406370	2024.714359
5195	1518.992109	2024.096440
5196	1518.285890	2023.329446
5197	1517.503131	2022.985617
5198	1516.578175	2022.744657
5199	1515.674339	2022.741746
5200	1514.770124	2022.971796
5201	1513.891191	2023.384341
5202	1513.237945	2023.847537
5203	1492.789923	1899.809258
5204	1511.947102	1932.219324
5205	1513.628170	1933.309415
5206	1515.632691	1933.266671
5207	1517.104142	1932.802668
5208	1519.162743	1931.283406
5209	1520.006590	1930.228220
5210	1519.891510	1928.844051
5211	1519.434536	1927.727858
5212	1499.226226	1895.428941
5213	1498.083567	1894.759996
5214	1496.251983	1894.887797
5215	1495.131432	1895.255575
5216	1494.176706	1895.625363
5217	1492.901982	1897.039169
5218	1492.665830	1898.253340
5219	1568.930093	2029.387873
5220	1571.028708	2033.508537
5221	1571.436936	2033.843715
5222	1578.995537	2029.683549
5223	1576.302491	2024.771317
5224	1573.134603	2013.640511
5225	1586.259624	2036.040248
5226	1590.966787	2033.083458
5227	1577.220836	2011.157313
5228	1573.704581	2021.060645
5229	1565.626898	2026.208062
5230	1521.317528	1954.338582
5231	1520.875351	1951.408372
5232	1521.208296	1949.215956
5233	1522.162883	1947.836711
5234	1523.275796	1946.609393
5235	1525.069109	1945.439670
5236	1527.408191	1944.785227
5237	1530.054653	1944.501391
5238	1537.051125	1956.110761
5239	1538.603019	1957.663967
5240	1543.595638	1960.569256
5241	1546.210760	1962.327198
5242	1547.300139	1963.507558
5243	1548.851413	1965.282637
5244	1563.159159	1988.722080
5245	1575.407166	2008.361728
5246	1570.685191	2010.875120
5247	1568.658846	2011.900050
5248	1552.059406	2014.661147
5249	1547.293816	2007.103065
5250	1525.158217	2020.842273
5251	1526.065433	1971.348255
5252	1486.385431	1897.405542
5253	1734.961710	1951.321432
5254	1606.928044	2031.744826
5255	1596.833196	2028.815174
5256	1499.745139	1872.865847
5257	1511.809372	1945.572661
5258	1536.491912	1931.890088
5259	1767.288837	1877.497252
5260	1791.425833	1915.775069
5261	1791.219652	1920.155610
5262	1786.408991	1924.534380
5263	1738.418910	1951.691499
5264	1718.941254	1912.232946
5265	1756.034483	1886.666755
5266	1698.450195	1882.946012
5267	1700.907911	1898.401560
5268	1713.475273	1920.491601
5269	1719.096972	1922.052411
5270	2004.908957	2240.183434
5271	2005.709624	2232.828470
5272	2007.552196	2229.200714
5273	2026.495737	2225.541769
5274	2029.282686	2227.340506
5275	2031.683247	2229.075363
5276	2033.788868	2230.017813
5277	2036.344925	2230.013332
5278	2040.357418	2229.595153
5279	2045.880708	2229.056081
5280	2048.608744	2228.338001
5281	2049.860285	2227.091154
5282	2050.339126	2225.217367
5283	2050.756294	2222.707054
5284	2030.357218	2229.586124
5285	2047.678175	2228.585207
5286	2050.021187	2229.877579
5287	2051.407658	2231.955714
5288	2054.368760	2237.666522
5289	2052.916967	2232.267472
5290	2051.626300	2228.911623
5291	2078.593888	2293.230838
5292	2099.925436	2341.740673
5293	2122.697504	2394.374116
5294	2123.495552	2396.192997
5295	2087.982561	2404.475195
5296	2009.818875	2220.122887
5297	2022.313353	2221.997876
5298	1982.600313	2230.458424
5299	1984.621710	2233.221887
5300	1987.324526	2235.338552
5301	1990.496876	2236.652083
5302	1993.912022	2237.061926
5303	1997.312805	2236.545822
5304	2000.448592	2235.136839
5305	2003.080976	2232.939886
5306	2005.026299	2230.119720
5307	2006.128452	2226.879333
5308	2006.312567	2223.469909
5309	2005.562338	2220.130290
5310	2003.931416	2217.120016
5311	2001.547459	2214.658228
5312	1998.585408	2212.924234
5313	1995.256674	2212.052195
5314	1991.819245	2212.103177
5315	1988.519117	2213.077492
5316	1985.611326	2214.897606
5317	1983.301622	2217.431573
5318	1981.762383	2220.487142
5319	1981.111945	2223.845485
5320	1981.398450	2227.255986
5321	1988.088593	2210.940189
5322	1854.958570	1905.276091
5323	1856.522754	1905.148498
5324	1857.964416	1904.540973
5325	1859.145758	1903.511916
5326	1859.945961	1902.163733
5327	1860.277222	1900.642501
5328	1860.110421	1899.087503
5329	1859.459906	1897.670371
5330	1858.398000	1896.522680
5331	1853.925244	1895.675014
5332	1852.680533	1896.239520
5333	1851.640446	1897.121364
5334	1850.883749	1898.252310
5335	1850.467468	1899.547948
5336	1850.426780	1900.902146
5337	1850.754332	1902.220772
5338	1851.437190	1903.398718
5339	1852.419894	1904.342876
5340	1853.620846	1904.988425
5341	1857.023516	1895.764349
5342	1855.482432	1895.469920
5343	1855.943383	1916.115057
5344	1853.539761	1917.003746
5345	1856.977397	1914.445748
5346	1866.322059	1910.525130
5347	1870.351448	1909.135931
5348	1871.295165	1908.500184
5349	1871.832080	1907.595777
5350	1872.068558	1906.897437
5351	1871.910458	1906.002280
5352	1870.856969	1904.998617
5353	1869.723231	1904.495842
5354	1868.189855	1904.312176
5355	1866.499456	1904.037564
5356	1865.494563	1903.809369
5357	1864.494980	1903.830650
5358	1863.260134	1904.356120
5359	1862.332570	1904.997070
5360	1861.422864	1906.225562
5361	1860.751877	1906.861050
5362	1859.614395	1907.689501
5363	1857.914351	1908.468920
5364	1856.835112	1909.018810
5365	1855.875628	1909.416397
5366	1855.414444	1909.858839
5367	1855.202484	1910.201685
5368	1854.939752	1910.922770
5369	1850.986260	1908.843833
5370	1852.623761	1909.396891
5371	1849.431245	1922.964908
5372	1856.980975	1889.747366
5373	1858.545835	1889.902628
5374	1860.214828	1881.636175
5375	1862.516602	1874.204857
5376	1863.803259	1870.084192
5377	1868.347595	1859.221806
5378	1873.324728	1850.602065
5379	1875.934773	1846.597438
5380	1886.238195	1832.695045
5381	1899.437967	1814.920619
5382	1909.824576	1800.400840
5383	1917.946407	1788.519463
5384	1920.495283	1783.900503
5385	1923.033579	1778.533002
5386	1925.057111	1773.603532
5387	1928.465156	1762.615629
5388	1931.315983	1747.557414
5389	1934.304931	1727.931552
5390	1938.395339	1700.001439
5391	1939.273634	1694.530612
5392	1941.607503	1688.601738
5393	1936.493330	1686.264583
5394	1937.653563	1694.043720
5395	1936.165716	1706.305254
5396	1934.752800	1715.553484
5397	1930.902665	1741.454043
5398	1928.135928	1758.202130
5399	1926.530022	1764.914207
5400	1924.069914	1771.694383
5401	1920.199086	1781.039302
5402	1916.146337	1788.369194
5403	1905.389149	1803.318378
5404	1884.340851	1832.496936
5405	1873.671008	1847.022787
5406	1869.384072	1854.402070
5407	1865.963856	1860.542688
5408	1862.816172	1868.180591
5409	1860.804464	1873.914069
5410	1858.272383	1883.840643
5411	1857.363245	1887.858983
5412	2351.634396	1458.523924
5413	2350.512868	1459.351962
5414	2273.335748	1324.344880
5415	2292.544127	1295.556146
5416	2248.301968	1317.056179
5417	2239.545222	1305.378464
5418	2239.597387	1294.489807
5419	2227.877861	1289.109161
5420	2212.055360	1267.819905
5421	2217.531718	1275.119093
5422	2217.142909	1277.711967
5423	2225.592121	1288.253653
5424	2229.374958	1286.071220
5425	2243.234172	1291.977699
5426	2241.945929	1295.532560
5427	2211.729541	1764.666823
5428	2207.603458	1769.812832
5429	2205.780491	1775.126199
5430	2201.637136	1779.207672
5431	2196.889144	1782.015236
5432	2191.845829	1784.263348
5433	2173.672530	1782.935833
5434	2158.920550	1780.542805
5435	2140.676031	1775.866831
5436	2118.965577	1766.638879
5437	2107.422847	1760.250818
5438	2076.007005	1739.753793
5439	2058.843272	1728.571189
5440	2031.001871	1711.198511
5441	2001.332651	1691.873600
5442	1975.277287	1674.252262
5443	1964.606545	1658.084050
5444	1970.243184	1632.944216
5445	1974.046469	1616.395977
5446	1975.778870	1613.364056
5447	1980.078837	1609.855988
5448	1989.412999	1603.667299
5449	1999.025334	1596.979072
5450	2002.894490	1593.330428
5451	2004.287700	1591.448291
5452	2036.303477	1586.064017
5453	2066.321324	1564.182935
5454	2040.407709	1529.591902
5455	2033.841810	1534.434884
5456	2030.744447	1530.368673
5457	2025.230248	1534.118840
5458	2027.010692	1536.865276
5459	2015.024392	1546.599011
5460	2014.981389	1548.097458
5461	2012.355715	1549.362419
5462	2010.089723	1550.691834
5463	2006.072758	1554.432357
5464	2003.647266	1557.063028
5465	2001.869055	1560.456432
5466	2000.990149	1563.386995
5467	1999.866687	1568.397121
5468	1999.699287	1573.852811
5469	1999.681129	1577.524926
5470	2000.058421	1581.937397
5471	1998.539396	1586.201624
5472	1995.416722	1590.499961
5473	1991.312599	1593.410386
5474	1978.896552	1601.289731
5475	1971.166078	1607.194726
5476	1968.674853	1610.253884
5477	1966.942807	1613.302438
5478	1965.630944	1618.505160
5479	1961.209938	1639.198633
5480	1958.971623	1643.838693
5481	1956.789620	1646.098139
5482	1955.638846	1645.800930
5483	1954.710837	1642.903254
5484	1955.779976	1637.101132
5485	1955.934791	1629.044429
5486	1954.947202	1613.291407
5487	1954.033887	1586.449501
5488	1953.418237	1557.510261
5489	1955.412723	1528.837190
5490	1958.622678	1495.706676
5491	1959.985326	1472.776511
5492	1960.088531	1462.291577
5493	1958.282501	1449.040763
5494	1955.725343	1441.208142
5495	1951.357400	1429.958616
5496	1947.002385	1419.568509
5497	1938.952059	1408.935314
5498	1930.978049	1397.113561
5499	1928.729663	1393.489655
5500	1928.217735	1390.039575
5501	1928.680320	1386.141690
5502	1931.423124	1382.084374
5503	1935.207817	1381.249555
5504	1938.375527	1381.831107
5505	1946.322450	1387.602293
5506	1955.859484	1396.473391
5507	1957.975830	1398.918721
5508	1982.937740	1432.742348
5509	2010.705403	1470.505292
5510	2047.537314	1520.826718
5511	2072.953193	1555.400619
5512	2087.156370	1574.222645
5513	2112.600674	1608.635127
5514	2121.534607	1621.351675
5515	2139.341504	1645.931927
5516	2143.061454	1650.861247
5517	2144.010402	1653.237119
5518	2144.470128	1655.240690
5519	2144.305732	1657.318538
5520	2144.113272	1663.107525
5521	2145.867085	1667.119114
5522	2146.785005	1674.576147
5523	2147.878801	1679.489191
5524	2155.779980	1690.419572
5525	2168.392042	1707.361944
5526	2188.910263	1734.718789
5527	2201.295720	1751.571703
5528	2143.886237	1660.477811
5529	2144.664073	1664.615529
5530	2017.679595	1560.552788
5531	2016.557983	1559.112388
5532	2014.037494	1559.288015
5533	2010.125243	1560.408401
5534	2008.944079	1562.202830
5535	2007.105572	1567.538761
5536	2007.017093	1572.682172
5537	2007.084616	1582.897237
5538	2006.141684	1587.343334
5539	2055.019036	1549.747461
5540	2025.776842	1571.639804
5541	2158.983961	1662.020460
5542	2158.876778	1658.739270
5543	2158.232590	1657.366364
5544	2156.060438	1655.310453
5545	2152.024396	1654.630845
5546	2150.743449	1655.001951
5547	2147.495408	1662.963524
5548	2148.617540	1664.681239
5549	2155.583581	1666.086149
5550	2157.124063	1665.093876
5551	2144.556001	1645.443922
5552	2151.294153	1647.951864
5553	2147.971901	1642.359613
5554	2285.869732	1941.002607
5555	2291.645483	1945.039651
5556	2292.365168	1945.185202
5557	2294.451921	1944.735970
5558	2296.085926	1942.610259
5559	2296.033647	1940.653497
5560	2295.597629	1939.764248
5561	2294.929716	1939.035227
5562	2293.261410	1938.288640
5563	2292.415675	1938.251149
5564	2290.517141	1939.001433
5565	2296.198823	1941.631696
5566	2289.223660	1941.297392
5567	2289.250683	1942.317352
5568	2289.576100	1943.286600
5569	2290.166072	1944.122659
5570	2290.976187	1944.748824
5571	2286.771070	1930.068168
5572	2280.561653	1910.909803
5573	2381.797492	1922.408475
5574	2382.561424	1922.874782
5575	2383.442762	1923.077915
5576	2384.339239	1922.986769
5577	2385.160104	1922.608818
5578	2385.815547	1921.995887
5579	2386.237256	1921.204891
5580	2386.226416	1919.435829
5581	2385.786945	1918.635394
5582	2385.105476	1918.023130
5583	2384.263603	1917.663860
5584	2383.353137	1917.600004
5585	2382.465066	1917.835177
5586	2381.705825	1918.344933
5587	2386.378891	1920.320009
5588	2381.159761	1919.072014
5589	2380.878679	1919.937673
5590	2380.898110	1920.852411
5591	2381.215700	1921.705352
5592	2377.789565	1918.766453
5593	2383.643787	1913.156734
5594	2389.989982	1921.896121
5595	2383.313551	1926.813368
5596	2382.216387	1924.002478
5597	2383.403231	1924.237946
5598	2384.609029	1924.106951
5599	2385.716655	1923.634167
5600	2387.046566	1922.296973
5601	2387.528932	1921.088711
5602	2383.649641	1916.201567
5603	2382.423286	1916.371823
5604	2381.300800	1916.900387
5605	2380.398957	1917.745954
5606	2379.670545	1919.203484
5607	2379.537789	1920.254568
5608	2387.603054	1919.794832
5609	2387.255604	1918.543187
5610	2386.526827	1917.466032
5611	2385.488683	1916.678314
5612	2379.688452	1921.305178
5613	2380.110193	1922.277927
5614	2380.769529	1923.106969
5615	2380.072214	1918.224336
5616	2381.627863	1923.737662
5617	2386.635947	1922.854786
5618	2411.520495	1843.872859
5619	2225.156656	1870.284237
5620	2213.806622	1873.958715
5621	2205.279658	1847.922170
5622	2216.629721	1844.247689
5623	2118.105673	1878.350680
5624	2126.455020	1902.311082
5625	2137.570528	1898.674762
5626	2129.485574	1872.811864
5627	2118.588175	1876.144042
5628	2009.220360	1954.534036
5629	2024.747815	2001.925053
5630	2035.894734	1999.519227
5631	2020.712773	1952.026566
5632	2019.464750	1950.927197
5633	1876.053294	1907.178669
5634	1875.899239	1907.980636
5635	1876.000698	1908.727245
5636	1876.323392	1909.064255
5637	1877.049854	1909.276193
5638	1879.681086	1908.277282
5639	1760.956136	2002.482845
5640	1672.476062	2058.623605
5641	1650.751730	2019.396066
5642	1653.584564	2016.817592
5643	1745.970844	1960.016701
5644	1789.251280	1932.943277
5645	1792.277331	1933.910468
5646	1795.258602	1938.550364
5647	1815.956205	1971.526925
5648	1737.102744	1965.469209
5649	1759.758455	2003.246037
5650	1690.297158	1994.243144
5651	1713.468363	2032.613484
5652	1352.959353	1597.478951
5653	1927.853112	1691.634347
5654	1929.183165	1693.319891
5655	1927.752733	1703.755432
5656	1924.789869	1722.848284
5657	1920.793379	1750.665487
5658	1916.234632	1769.148927
5659	1910.954727	1780.381894
5660	1896.969578	1800.707726
5661	1878.428839	1825.839491
5662	1865.901183	1843.782680
5663	1861.608550	1851.145449
5664	1853.711794	1867.564643
5665	1851.340786	1877.521069
5666	1848.992565	1888.547476
5667	1846.171475	1890.676364
5668	1843.693974	1892.365316
5669	1842.069121	1896.676220
5670	1841.513343	1900.964363
5671	1842.099264	1904.873223
5672	1843.302429	1907.631919
5673	1843.296565	1910.621578
5674	1842.563451	1916.627347
5675	1841.353524	1923.597258
5676	1480.644679	1703.672536
5677	1430.822194	1673.779930
5678	1402.101641	1656.133360
5679	1398.585494	1653.507205
5680	1394.464145	1649.335391
5681	1381.620289	1634.384181
5682	1376.136714	1628.277963
5683	1370.712386	1621.188752
5684	1353.489014	1597.739432
5685	1363.438898	1590.338930
5686	1366.286819	1588.714072
5687	1368.730930	1588.717406
5688	1374.993145	1591.712070
5689	1381.605058	1596.058171
5690	1384.945315	1599.714181
5691	1387.900240	1603.106630
5692	1396.536209	1618.103223
5693	1403.188992	1626.874567
5694	1410.144947	1631.806815
5695	1418.637356	1637.566008
5696	1428.992454	1641.394129
5697	1443.498701	1643.519711
5698	1468.059487	1645.913478
5699	1482.802770	1650.629813
5700	1491.989076	1655.325970
5701	1508.652418	1664.566158
5702	1516.780247	1668.530572
5703	1530.261609	1675.015455
5704	1542.383233	1679.931946
5705	1557.003151	1686.392585
5706	1573.316892	1692.534271
5707	1581.402371	1695.517898
5708	1683.040584	1717.656907
5709	1694.652919	1719.761239
5710	1708.549699	1723.414303
5711	1740.627198	1723.202534
5712	1771.837357	1722.443593
5713	1840.000059	1719.112075
5714	1862.804443	1718.909506
5715	1872.436937	1717.950158
5716	1880.713787	1715.610878
5717	1894.770592	1709.199529
5718	1924.231375	1692.582205
5719	1856.613520	1710.960125
5720	1404.144657	1619.776852
5721	1410.755524	1620.062949
5722	1412.204373	1621.546245
5723	1414.243032	1622.850569
5724	1417.591798	1624.398733
5725	1419.563286	1625.061096
5726	1422.719856	1625.370944
5727	1425.628083	1624.066512
5728	1427.924959	1622.181642
5729	1428.932534	1621.028671
5730	1429.322847	1619.018063
5731	1428.828855	1616.166605
5732	1428.355552	1614.285342
5733	1427.725758	1612.840043
5734	1426.665338	1611.514857
5735	1424.895756	1610.038398
5736	1423.352647	1609.150585
5737	1422.090318	1608.639494
5738	1419.858854	1608.576148
5739	1417.963544	1608.727495
5740	1415.260649	1609.378610
5741	1412.669275	1610.243660
5742	1411.129222	1612.007010
5743	1409.966339	1613.651386
5744	1409.087218	1615.561490
5745	1409.511680	1617.660108
5746	1453.918446	1640.097207
5747	1467.982945	1641.821800
5748	1421.612303	1629.609901
5749	1424.483842	1631.600870
5750	1428.764359	1633.456410
5751	1435.987947	1635.892587
5752	1444.114111	1637.017190
5753	1449.886157	1637.592972
5754	1455.332242	1638.181254
5755	1460.245282	1639.102600
5756	1466.301530	1640.215887
5757	1468.268400	1640.662043
5758	1467.596622	1639.755649
5759	1435.877385	1622.932785
5760	1434.020849	1622.645129
5761	1432.054661	1624.739259
5762	1430.249577	1626.613641
5763	1428.967133	1627.667090
5764	1426.870367	1628.904299
5765	1425.411360	1629.201643
5766	1391.944465	1599.398513
5767	1404.863781	1618.890715
5768	1404.901157	1618.135594
5769	1404.553205	1617.116912
5770	1404.306371	1615.824295
5771	1404.327549	1614.309649
5772	1404.740583	1613.113890
5773	1405.422078	1611.967870
5774	1406.745210	1610.314529
5775	1407.864307	1609.375491
5776	1408.232255	1608.824087
5777	1408.218541	1608.180986
5778	1407.825173	1607.540434
5779	1391.694244	1598.699444
5780	1445.894148	1576.028812
5781	1448.457370	1576.351322
5782	1453.967240	1590.715739
5783	1477.352826	1582.130380
5784	1479.466506	1590.466065
5785	1466.066361	1549.918480
5786	1476.792387	1547.060783
5787	1460.329295	1551.738015
5788	1458.814495	1547.161176
5789	1475.794098	1544.636063
5790	1353.360731	1591.474616
5791	1225.395186	1616.119254
5792	599.867526	1138.314049
5793	652.805471	1276.362613
5794	726.399792	1046.807501
5795	750.822174	1049.641169
5796	761.121397	1053.564341
5797	761.695877	1051.915822
5798	757.213116	1050.375389
5799	758.190589	1046.061444
5800	756.697800	1045.533145
5801	757.712968	1042.732611
5802	755.482692	1041.981570
5803	757.268481	1037.450673
5804	762.803245	1015.140519
5805	1436.618443	1573.414514
5806	1441.622704	1575.853654
5807	2196.542679	1645.697790
5808	2179.423521	1651.203145
5809	2183.419384	1644.456995
5810	2188.925627	1644.611739
5811	2179.289043	1641.605194
5812	2193.567361	1630.258856
5813	2163.721868	1653.200811
5814	2160.523502	1654.694221
5815	2227.941002	1635.679316
5816	759.743240	1059.650662
5817	762.048123	1053.882876
5818	748.440906	1097.376031
5819	762.721395	1044.594605
5820	762.213804	1046.119670
5821	766.964794	987.634844
5822	750.815663	983.021324
5823	757.969848	1063.510158
5824	757.518826	1064.679033
5825	1834.346181	1414.283572
5826	1832.857426	1410.671244
5827	1827.825124	1390.827795
5828	1820.028987	1369.528984
5829	1746.587880	1343.831364
5830	1747.972490	1350.840334
5831	1761.629764	1396.485296
5832	1706.659834	1315.229735
5833	1713.262880	1318.910661
5834	1743.138211	1329.001488
5835	1744.061753	1331.183769
5836	1743.650867	1330.221887
5837	1767.267458	1322.658546
5838	1871.587813	1398.604463
5839	1873.353416	1400.901945
5840	1863.380533	1394.674733
5841	1859.167323	1390.199667
5842	1864.668271	1384.064736
5843	1868.691026	1386.375202
5844	1865.141941	1402.807153
5845	1864.393674	1393.277660
5846	1862.444467	1390.645754
5847	1866.017831	1387.419346
5848	1808.228298	1405.327274
5849	1829.077731	1394.400777
5850	1842.613544	1437.874123
5851	1862.382245	1431.202611
5852	1704.346502	1421.338319
5853	1708.870687	1437.149221
5854	1711.867767	1447.046838
5855	1713.702413	1452.082779
5856	1198.136854	1540.475138
5857	690.066255	1633.398756
5858	692.724943	1633.181027
5859	600.744899	1587.281925
5860	607.154026	1581.881037
5861	633.174525	1584.469160
5862	648.063671	1590.717758
5863	645.525928	1722.054611
5864	620.919756	1713.817563
5865	1231.046287	1205.228870
5866	1245.985580	1220.102098
5867	1281.139489	1211.332022
5868	1295.106771	1207.966920
5869	1397.541968	1182.426544
5870	1622.483024	1126.739663
5871	1718.205554	1091.334340
5872	1700.702067	1051.439653
5873	1695.999896	1047.368805
5874	1680.237704	1038.530480
5875	1674.878075	1030.457999
5876	1561.783010	878.468924
5877	806.229767	1072.601307
5878	790.242022	1067.523951
5879	787.849022	1066.415855
5880	785.278882	1065.527862
5881	781.470873	1064.527659
5882	767.925098	1059.597821
5883	758.423493	1055.707517
5884	670.159857	1112.760730
5885	668.538598	1115.979141
5886	668.675746	1112.137966
5887	667.275803	1115.451484
5888	664.777646	1106.674724
5889	679.943945	1112.102254
5890	684.277295	1100.150989
5891	669.116212	1094.717792
5892	663.332784	1102.384823
5893	677.820906	1107.111342
5894	679.042435	1103.457753
5895	671.133834	1100.781450
5896	669.719024	1104.400347
5897	689.612536	1045.502846
5898	670.215787	1095.115822
5899	668.383637	1103.979627
5900	662.076994	1120.443653
5901	668.732038	1123.024725
5902	669.384198	1121.258057
5903	657.962583	1130.626436
5904	680.712969	1068.273285
5905	627.654554	1102.914824
5906	632.201033	1100.931750
5907	636.287267	1088.431079
5908	634.310549	1086.532042
5909	634.850918	1084.789948
5910	649.994001	1089.879601
5911	652.350439	1082.773943
5912	662.730724	1086.484518
5913	700.356676	975.413880
5914	708.437657	965.884052
5915	718.584911	967.697207
5916	610.894194	1073.471389
5917	620.418809	1077.183590
5918	622.013032	1072.701124
5919	612.594858	1068.964457
5920	804.092030	1080.184782
5921	800.182264	1078.426868
5922	788.093554	1073.854135
5923	775.954258	1068.666824
5924	768.644077	1065.711425
5925	764.024832	1064.040790
5926	753.133302	1059.930600
5927	727.123257	1049.376745
5928	693.635955	1036.814071
5929	691.702830	1039.955941
5930	690.978341	1041.091841
5931	688.978471	1043.863518
5932	672.299868	1089.779811
5933	663.611878	1109.434122
5934	650.352671	1135.664627
5935	678.800062	1147.902231
5936	644.790231	1115.899031
5937	645.714232	1113.338930
5938	652.397342	1115.481213
5939	643.739627	1087.528469
5940	635.681928	1109.393524
5941	633.066973	1111.662539
5942	629.253661	1112.165632
5943	607.559003	1104.082307
5944	610.031240	1096.890955
5945	654.929140	1073.306231
5946	657.676898	1074.245863
5947	654.258305	1083.454204
5948	662.379824	1042.058260
5949	666.270257	1044.160435
5950	638.065451	1042.029049
5951	663.537683	1051.185382
5952	630.069996	1014.034401
5953	627.316482	1016.578158
5954	609.395605	1066.420430
5955	601.440096	1088.560668
5956	626.557613	1148.154161
5957	639.338638	1129.077850
5958	647.259068	1130.056615
5959	650.237434	1122.022465
5960	645.581349	1120.380402
5961	654.773737	1094.802609
5962	672.397920	1045.837610
5963	675.240344	1047.202312
5964	676.358143	1044.199894
5965	676.196664	1042.400704
5966	675.842861	1040.361576
5967	675.662879	1037.947110
5968	675.868977	1035.829452
5969	676.251634	1033.214373
5970	676.221172	1031.789550
5971	675.816493	1030.372728
5972	675.490415	1029.880507
5973	686.225099	1045.913608
5974	685.248070	1048.996214
5975	686.785054	1049.590119
5976	692.410133	1038.016154
5977	692.877531	1037.113161
5978	2227.100101	1778.300405
5979	2224.594889	1775.669196
5980	2212.228483	1763.735517
5981	2199.787781	1747.804475
5982	2183.223968	1725.588270
5983	2161.894957	1697.072827
5984	2149.514068	1679.936965
5985	2147.570759	1673.300411
5986	2147.058572	1666.816465
5987	2252.456124	1810.108063
5988	2247.112859	1821.392044
5989	2260.153488	1860.022808
5990	2273.897377	1900.041856
5991	722.603442	1038.346909
5992	722.909332	1038.645433
5993	724.918494	1037.809324
5994	724.920179	1037.387748
5995	724.788691	1036.991204
5996	683.114900	1022.767621
5997	682.786615	1023.673187
5998	591.802333	1029.296127
5999	601.842479	1032.603489
6000	603.470819	1027.715388
6001	723.298269	1038.825703
6002	723.727128	1038.872001
6003	724.147561	1038.774269
6004	724.511690	1038.544622
6005	724.777340	1038.211695
6006	724.530203	1036.658388
6007	724.182849	1036.421763
6008	723.774069	1036.314022
6009	723.352215	1036.345226
6010	722.965161	1036.503257
6011	722.644866	1036.781886
6012	722.438732	1037.146821
6013	722.356502	1037.553479
6014	722.413622	1037.973799
6015	626.342934	1051.836514
6016	622.570064	1058.983565
6017	618.836768	1057.477076
6018	619.161134	1056.388552
6019	618.135210	1055.933485
6020	619.372155	1052.751017
6021	618.414068	1052.216846
6022	619.344357	1049.950579
6023	620.430272	1050.459830
6024	621.531545	1047.435568
6025	626.484525	1049.453996
6026	621.514008	1063.121726
6027	620.457176	1065.973092
6028	625.249426	1067.728718
6029	626.306259	1064.877351
6030	598.580505	1055.885782
6031	604.230950	1058.005761
6032	606.560128	1051.876872
6033	600.909680	1049.756891
6034	590.004404	1050.761109
6035	594.947778	1052.580051
6036	596.743613	1047.771564
6037	591.800237	1045.952621
6038	602.396911	1041.272063
6039	608.674261	1043.445197
6040	606.960151	1048.324038
6041	601.113917	1046.302537
6042	601.567543	1045.006023
6043	599.907950	1044.431391
6044	601.914333	1041.715018
6045	600.971323	1041.385751
6046	612.611482	1012.721577
6047	619.137128	1015.000343
6048	617.588989	1019.387530
6049	611.058117	1017.114424
6050	593.799911	1098.685780
6051	576.574263	1093.502083
6052	619.762065	1021.964600
6053	592.798574	1098.379948
6054	655.121967	1123.593085
6055	657.932561	1124.470358
6056	665.003518	1178.265333
6057	627.656012	1008.445132
6058	656.474343	961.720094
6059	654.288808	966.315028
6060	663.125487	970.618841
6061	662.587142	971.955986
6062	672.956802	976.166018
6063	675.851596	968.721619
6064	740.813844	996.269552
6065	740.501359	994.911772
6066	739.808245	993.512207
6067	738.323429	992.606570
6068	690.640431	973.497237
6069	689.793016	973.886974
6070	689.378744	974.272998
6071	688.797142	975.838476
6072	674.266664	1020.172402
6073	673.782244	1021.780177
6074	678.783819	1023.570180
6075	697.053101	1008.020784
6076	692.345050	1020.961784
6077	693.889809	1027.673412
6078	692.683454	1031.537441
6079	740.891567	997.904133
6080	738.465635	1005.515974
6081	725.637483	1044.172528
6082	679.541499	1021.485103
6083	673.213712	1023.456310
6084	692.968616	1030.616158
6085	673.280861	1025.346262
6086	692.471725	1032.140999
6087	683.923664	1040.083426
6088	680.074954	1032.677811
6089	679.543013	1034.314335
6090	679.584985	1036.027334
6091	672.486945	1027.487581
6092	676.606151	989.006010
6093	670.783158	1004.832900
6094	662.730158	1001.910075
6095	667.370190	1022.061479
6096	666.289586	1022.300900
6097	628.896327	1009.921737
6098	644.052827	966.106793
6099	649.677106	951.992484
6100	657.949117	937.388941
6101	672.021967	954.704056
6102	679.853179	965.014149
6103	686.543438	970.489823
6104	668.150960	1021.556686
6105	657.343927	1014.649283
6106	656.480053	1016.520316
6107	688.003965	961.001667
6108	698.767292	954.354183
6109	696.662937	950.988014
6110	685.107518	956.360077
6111	698.014969	951.436120
6112	699.614234	953.942272
6113	716.396045	943.361205
6114	714.796784	940.855052
6115	681.505476	950.235992
6116	683.432010	953.289805
6117	696.611450	945.076453
6118	694.684920	942.022638
6119	696.383916	941.187612
6120	697.735146	943.349631
6121	704.407145	939.213472
6122	703.056034	937.056997
6123	703.644224	936.800375
6124	704.982984	938.879462
6125	711.504944	934.729877
6126	710.166304	932.656333
6127	674.626476	939.184482
6128	676.229316	941.607357
6129	684.220280	936.372496
6130	682.617442	933.949621
6131	677.854119	944.307091
6132	679.280316	946.473053
6133	688.047419	940.766782
6134	686.621224	938.600820
6135	687.085771	937.814367
6136	689.884345	942.130802
6137	691.556861	941.057838
6138	690.561282	939.520529
6139	693.769215	937.466277
6140	691.960874	934.687265
6141	687.404958	931.478887
6142	689.386504	934.354034
6143	693.514225	931.542425
6144	691.532679	928.667277
6145	701.175671	932.659921
6146	702.740372	935.050333
6147	709.181789	930.885829
6148	707.611626	928.489986
6149	700.606007	933.032625
6150	702.090755	935.435840
6151	695.347124	939.473692
6152	693.888867	937.058819
6153	713.598287	948.340826
6154	715.277723	951.094862
6155	710.139724	954.183200
6156	707.512350	949.868650
6157	710.068163	948.333082
6158	711.015980	949.888053
6159	692.901455	970.431560
6160	725.683279	941.720593
6161	656.498445	923.070920
6162	677.496137	956.833398
6163	687.488181	967.147220
6164	654.443504	912.260170
6165	658.875496	906.668747
6166	647.580218	897.192596
6167	729.288333	948.737623
6168	781.506390	995.111489
6169	768.768991	991.722942
6170	766.212648	990.230076
6171	746.930984	990.697616
6172	741.982861	989.156035
6173	744.089341	983.863948
6174	741.801368	1007.940641
6175	729.820343	1042.441329
6176	609.960036	957.262362
6177	616.080118	959.832684
6178	610.205347	973.736063
6179	605.646144	971.875611
6180	606.929294	955.596633
6181	609.729706	956.745907
6182	607.822177	961.334910
6183	605.021766	960.185637
6184	597.597961	895.399247
6185	605.744948	900.211429
6186	608.392971	895.734167
6187	600.199884	891.017260
6188	594.119713	901.070146
6189	602.266699	905.882325
6190	604.914718	901.405061
6191	596.721633	896.688158
6192	590.833925	906.736931
6193	598.980910	911.549107
6194	601.628926	907.071842
6195	593.435842	902.354942
6196	586.164646	913.986354
6197	589.658113	916.030447
6198	593.454645	909.737066
6199	589.955950	907.698629
6200	590.766245	916.827647
6201	594.265056	918.871627
6202	598.056243	912.578362
6203	594.557550	910.539924
6204	581.874100	921.438451
6205	585.372912	923.482428
6206	589.164092	917.189158
6207	585.665398	915.150723
6208	586.524287	924.300889
6209	590.023096	926.344868
6210	593.814396	920.057144
6211	590.315585	918.013164
6212	568.328975	936.310158
6213	577.168167	941.978327
6214	581.443277	936.806208
6215	571.474181	931.073455
6216	575.689285	920.594519
6217	579.740387	922.953933
6218	581.159674	920.544087
6219	577.113918	918.184558
6220	547.616990	980.937436
6221	552.833942	984.292473
6222	565.552933	964.058185
6223	561.217682	961.416434
6224	535.660833	998.825864
6225	540.610092	1003.168371
6226	551.192589	984.821230
6227	547.403322	982.700281
6228	577.459888	917.605859
6229	581.505645	919.965388
6230	582.930279	917.555428
6231	578.879176	915.196013
6232	579.113592	914.652979
6233	583.159349	917.012509
6234	584.583984	914.602550
6235	580.532881	912.243134
6236	580.864829	911.759027
6237	584.910586	914.118558
6238	586.329995	911.714257
6239	582.284238	909.354726
6240	582.705645	908.802147
6241	586.751403	911.161678
6242	588.170812	908.757379
6243	584.125055	906.397846
6244	584.579250	905.877846
6245	588.625008	908.237378
6246	590.044419	905.833079
6247	585.998661	903.473546
6248	586.258384	902.863412
6249	590.309488	905.222831
6250	591.728781	902.812988
6251	587.683141	900.458998
6252	588.111189	900.216887
6253	592.156948	902.576421
6254	593.576360	900.172123
6255	589.530601	897.812588
6256	589.702763	897.359631
6257	593.748522	899.719166
6258	595.173162	897.309210
6259	591.122176	894.955333
6260	591.575068	894.374348
6261	595.620827	896.733884
6262	597.045469	894.323928
6263	592.994363	891.964506
6264	593.290206	891.292587
6265	597.335965	893.652124
6266	598.755381	891.247826
6267	594.709621	888.888289
6268	595.103696	888.558159
6269	599.149456	890.917697
6270	600.574099	888.507742
6271	596.522993	886.148318
6272	580.128858	934.366080
6273	584.174608	936.725609
6274	585.599240	934.315649
6275	581.548144	931.956234
6276	582.328594	930.686011
6277	586.379691	933.045427
6278	587.799096	930.641126
6279	583.747999	928.281710
6280	575.476301	931.392764
6281	579.522054	933.752292
6282	580.946685	931.342331
6283	576.895705	928.988462
6284	577.613900	927.808315
6285	581.664999	930.167729
6286	583.084404	927.763428
6287	579.038651	925.403899
6288	555.052575	955.241808
6289	567.954923	961.582944
6290	569.641699	957.176143
6291	557.921682	949.850152
6292	560.953712	949.324932
6293	570.585303	954.782014
6294	572.892583	950.128985
6295	561.945193	943.917972
6296	564.933636	943.105262
6297	572.894928	947.987946
6298	577.197670	943.857995
6299	566.248835	938.079642
6300	537.242430	1001.504323
6301	549.903464	988.814630
6302	570.080860	958.203965
6303	559.054549	950.053332
6304	554.971594	954.206325
6305	571.940695	954.636547
6306	560.146496	948.593406
6307	559.866765	947.517800
6308	560.648922	945.077204
6309	563.000153	943.479412
6310	573.663443	950.911209
6311	573.762604	951.796545
6312	573.510472	952.761500
6313	573.079076	953.597171
6314	567.560495	961.896444
6315	567.232483	962.064311
6316	566.668071	961.932171
6317	570.019703	957.595147
6318	555.210641	953.629911
6319	554.961712	954.744557
6320	557.560645	949.974353
6321	558.561897	949.775445
6322	564.273608	942.503706
6323	564.024145	942.093046
6324	563.937325	941.534696
6325	563.930092	941.196508
6326	565.185297	939.117417
6327	565.403425	938.813235
6328	565.617157	938.553520
6329	565.858686	938.343130
6330	566.731290	937.880739
6331	567.141865	937.822038
6332	567.534020	937.902396
6333	577.492520	944.140112
6334	577.707298	944.429489
6335	577.825492	944.704291
6336	577.880246	945.013730
6337	577.779255	945.293220
6338	573.703586	948.286807
6339	574.293542	948.362935
6340	574.962503	948.381908
6341	575.618163	948.279139
6342	576.064500	948.142021
6343	576.440271	947.956493
6344	578.305895	942.408816
6345	579.095314	942.558331
6346	579.695133	942.595422
6347	580.226887	942.450932
6348	582.225669	937.377416
6349	582.646678	937.806594
6350	582.857888	938.179246
6351	582.776847	938.641347
6352	582.599697	939.111050
6353	542.618335	1004.789394
6354	545.420582	1001.273913
6355	546.345765	998.769241
6356	548.935243	995.308232
6357	551.084822	991.534931
6358	551.306710	989.156236
6359	553.513190	985.542570
6360	559.364390	977.042038
6361	567.784344	964.110298
6362	569.706351	962.449581
6363	582.472118	941.648576
6364	588.884065	931.355621
6365	589.668914	930.040932
6366	591.816153	926.156765
6367	606.358227	902.128532
6368	609.502763	896.608986
6369	593.022927	934.317741
6370	630.418261	931.770923
6371	637.550200	936.138908
6372	641.324638	930.062338
6373	634.192698	925.694350
6374	635.569571	923.551658
6375	638.167881	925.254375
6376	640.059559	922.174395
6377	637.435231	920.505514
6378	638.959421	925.753284
6379	642.407719	927.937022
6380	644.541651	924.430323
6381	641.024092	922.259158
6382	576.060713	956.467555
6383	590.233857	937.200607
6384	594.268803	939.305226
6385	602.328983	937.308029
6386	601.714658	934.841835
6387	619.078727	910.470401
6388	611.543501	899.499500
6389	621.201462	912.693571
6390	603.532937	931.081184
6391	623.369780	908.043533
6392	640.726086	896.313014
6393	594.598481	1059.254538
6394	598.394391	1060.687574
6395	599.410952	1057.703946
6396	595.611947	1056.376361
6397	593.697833	1063.156423
6398	596.723355	1064.079008
6399	597.338810	1062.096801
6400	594.313288	1061.174216
6401	433.993086	958.613940
6402	496.101434	850.961915
6403	461.937100	801.052197
6404	375.878571	783.280811
6405	297.226343	970.799055
6406	277.218507	829.216788
6407	464.003185	804.374792
6408	522.772057	835.099402
6409	517.852372	826.141471
6410	494.159237	787.672230
6411	506.737297	808.097591
6412	482.880821	822.751779
6413	474.666574	821.551946
6414	461.497603	802.509267
6415	491.708620	851.632736
6416	423.146440	892.386416
6417	389.480971	912.531204
6418	362.096451	928.509273
6419	328.677101	948.399445
6420	304.007351	962.766527
6421	293.411650	971.740471
6422	260.089922	921.258525
6423	259.172320	919.869328
6424	304.804955	891.857834
6425	338.369889	872.513626
6426	378.651241	848.605136
6427	405.745908	832.317217
6428	460.988633	799.719114
6429	467.435784	795.820578
6430	469.495564	799.348534
6431	532.497137	762.397228
6432	535.446072	767.237361
6433	496.452750	789.625498
6434	520.731943	824.488001
6435	526.410479	825.664450
6436	533.434947	826.002309
6437	536.686074	825.716457
6438	402.855997	909.210933
6439	416.879396	929.438869
6440	404.691530	938.995862
6441	423.111887	952.002275
6442	541.612946	827.008828
6443	495.620917	843.500906
6444	498.459618	848.188082
6445	505.298319	844.092603
6446	502.459621	839.405426
6447	502.755798	839.249332
6448	505.557794	843.720976
6449	510.957907	840.382882
6450	508.155913	835.911237
6451	509.328588	836.224496
6452	510.812335	838.328203
6453	514.316945	835.890382
6454	512.833198	833.786674
6455	511.744823	831.663416
6456	514.557517	835.885236
6457	518.934979	832.996111
6458	516.122404	828.779835
6459	499.834585	817.203022
6460	503.153210	822.822858
6461	510.576677	818.559574
6462	507.120007	812.987062
6463	499.573255	819.488270
6464	502.494055	824.012840
6465	499.148647	826.142195
6466	496.233073	821.611968
6467	485.926269	830.102452
6468	488.791570	835.282707
6469	491.498392	833.804869
6470	488.638438	828.624499
6471	516.855098	824.526552
6472	481.906703	861.720951
6473	483.572303	864.824702
6474	492.802505	859.263662
6475	490.978778	856.268679
6476	483.243602	864.210513
6477	474.242577	869.733381
6478	472.670805	867.265484
6479	822.436630	908.448120
6480	830.937623	896.790665
6481	818.032131	890.293998
6482	813.766690	885.659444
6483	813.059608	883.605679
6484	813.815317	881.426371
6485	803.022139	858.893823
6486	789.252182	830.212709
6487	784.113026	822.235600
6488	785.881676	815.647310
6489	783.288557	814.687687
6490	778.610191	812.757593
6491	776.525236	812.802138
6492	774.315285	811.251940
6493	772.905478	809.351853
6494	772.234420	806.731567
6495	766.492915	795.095496
6496	764.820872	791.936393
6497	764.866506	789.816626
6498	766.192231	787.530844
6499	767.721179	785.995056
6500	771.867631	785.057840
6501	777.612833	781.596059
6502	781.435391	779.517627
6503	790.702772	816.747918
6504	795.277237	823.328264
6505	799.420337	820.732703
6506	802.010515	824.809565
6507	797.867417	827.405125
6508	828.143733	885.429963
6509	830.337119	889.210240
6510	835.478135	886.260577
6511	833.284751	882.480298
6512	850.252036	904.109999
6513	793.028108	988.664216
6514	797.856673	996.625760
6515	804.264493	1003.405419
6516	811.961359	1008.687696
6517	829.813458	1013.908308
6518	839.166824	1013.614185
6519	856.648998	1007.278148
6520	874.284847	986.101804
6521	877.289156	972.010373
6522	875.544985	957.709761
6523	869.245615	944.737783
6524	859.062505	934.483381
6525	846.089119	928.060252
6526	831.719883	926.148582
6527	817.499664	928.959424
6528	804.962319	936.188229
6529	795.444401	947.057650
6530	789.974668	960.403102
6531	789.137453	974.786621
6532	686.435979	1304.652058
6533	1396.370091	1303.320769
6534	1395.757059	1301.658796
6535	1387.950713	1304.509730
6536	1388.563747	1306.171702
6537	1241.093369	1244.988295
6538	1249.200573	1247.965773
6539	1241.096912	1266.464335
6540	1220.966686	1252.944291
6541	1234.751117	1256.804559
6542	1236.854792	1257.391984
6543	1238.557724	1257.244725
6544	1241.447084	1255.552411
6545	1236.239153	1249.090887
6546	1234.332891	1249.985717
6547	1233.412569	1251.469632
6548	1232.922770	1254.081398
6549	1242.277263	1251.347081
6550	1242.988178	1252.080695
6551	1243.695286	1250.379470
6552	1244.246089	1250.878000
6553	1450.953418	1540.412296
6554	1464.668893	1535.793628
6555	1467.221366	1544.391738
6556	1453.592759	1548.819973
6557	1465.481362	1538.532913
6558	1472.716701	1535.999224
6559	1468.224357	1547.287810
6560	1472.087903	1533.095176
6561	1474.906530	1542.136878
6562	1486.764903	1537.957176
6563	1484.111527	1528.889765
6564	1484.965192	1531.805660
6565	1497.147386	1527.763280
6566	1499.877000	1535.891710
6567	1487.857401	1540.285598
6568	1489.644890	1558.157103
6569	1494.562398	1571.580160
6570	1503.096153	1568.491893
6571	1498.173311	1555.068949
6572	1416.739957	1483.125427
6573	1442.554664	1475.081730
6574	1432.753571	1449.333094
6575	1418.055864	1454.544008
6576	1426.672564	1479.924090
6577	1425.561762	1451.904694
6578	1433.682784	1477.866634
6579	1419.319714	1481.212346
6580	1420.331311	1483.758805
6581	1494.955168	1380.495355
6582	1419.584272	1396.544999
6583	1422.584836	1395.554764
6584	1419.972849	1387.678962
6585	1422.580555	1386.824673
6586	1425.663666	1391.462372
6587	1426.584359	1394.260363
6588	1432.336489	1392.390591
6589	1430.901212	1388.283505
6590	1394.037435	1394.837795
6591	1393.568092	1395.901637
6592	1395.830137	1402.664506
6593	1396.408914	1402.469131
6594	1400.748543	1405.588025
6595	1402.250909	1410.081935
6596	1415.028653	1405.871491
6597	1413.406233	1401.014072
6598	1418.237291	1383.284313
6599	1421.168838	1382.317737
6600	1416.944450	1379.085447
6601	1419.723693	1378.249686
6602	1542.222369	1375.511276
6603	1536.675460	1375.718212
6604	1537.274469	1376.221271
6605	1538.002631	1376.510812
6606	1538.784515	1376.560709
6607	1539.539583	1376.356040
6608	1540.193704	1375.931663
6609	1540.683320	1375.316664
6610	1539.649278	1371.966438
6611	1538.847222	1371.722844
6612	1538.013652	1371.757245
6613	1537.239564	1372.073249
6614	1536.615007	1372.630112
6615	1536.218747	1373.359597
6616	1536.091898	1374.183179
6617	1540.945820	1374.584482
6618	1540.966702	1373.807530
6619	1540.736810	1373.058108
6620	1540.284762	1372.424348
6621	1536.248368	1375.000724
6622	1246.841160	1395.331607
6623	1244.854460	1388.945579
6624	1242.833997	1387.995860
6625	1214.473781	1396.560243
6626	1220.921834	1394.220684
6627	1360.230920	1450.457953
6628	1389.078079	1440.408193
6629	1394.034013	1455.877086
6630	1365.604948	1465.718252
6631	1374.856664	1462.437098
6632	1380.610959	1478.476892
6633	1390.371352	1474.974135
6634	1385.130018	1458.912307
6635	1399.658327	1471.842005
6636	1368.912302	1482.625565
6637	1363.157988	1466.585773
6638	1278.299112	1336.178041
6639	1278.750839	1342.813128
6640	1278.783991	1350.133819
6641	1280.669670	1356.799329
6642	1289.609842	1383.536943
6643	1300.521208	1379.832080
6644	1292.256652	1355.431773
6645	1311.011367	1373.429517
6646	1303.109715	1376.071798
6647	1302.651526	1374.900165
6648	1299.174363	1375.861774
6649	1758.168887	1296.961396
6650	1778.705497	1282.885578
6651	1756.575781	1290.960770
6652	1776.757347	1276.787126
6653	1754.332378	1284.308413
6654	1797.157273	1262.819651
6655	1774.585375	1269.972400
6656	1752.020694	1277.463383
6657	1793.407036	1255.977500
6658	1772.172953	1262.414021
6659	1749.811250	1270.899046
6660	1747.465364	1263.954907
6661	1762.164460	1235.676854
6662	1760.334919	1234.900466
6663	1742.168001	1248.249192
6664	1764.374631	1241.270550
6665	1782.518796	1235.898142
6666	1784.582202	1236.103820
6667	1785.675647	1237.223117
6668	1788.108754	1242.989556
6669	1744.611140	1255.490769
6670	1767.347650	1248.783720
6671	1792.692998	1242.026753
6672	1794.078791	1245.574718
6673	1779.896418	1277.779688
6674	1802.055420	1270.325133
6675	1807.084681	1277.206624
6676	1786.195888	1285.039028
6677	1812.229498	1284.240957
6678	1785.934880	1293.380888
6679	1788.910684	1302.031019
6680	1822.649461	1298.905867
6681	1791.441559	1309.376111
6682	1826.861681	1306.348298
6683	1794.326045	1317.756408
6684	1722.855189	1201.986905
6685	1736.050861	1243.276667
6686	1746.360766	1276.130689
6687	1756.828408	1306.346786
6688	1744.429545	1326.855255
6689	1743.084750	1265.689901
6690	1627.590121	1193.526814
6691	1633.765505	1210.522790
6692	1635.280954	1214.128999
6693	1571.131551	1207.685810
6694	1434.464322	1304.045072
6695	1433.769811	1302.323824
6696	1424.236624	1305.705177
6697	1424.694007	1307.592327
6698	1427.761124	1304.454190
6699	1429.937385	1303.681209
6700	1427.934043	1303.784925
6701	1429.447763	1303.292299
6702	1428.427086	1303.330695
6703	1428.819950	1303.194752
6704	1392.696889	1313.149822
6705	1396.333208	1323.666106
6706	1380.176357	1329.429509
6707	1377.587064	1332.402176
6708	1379.437581	1338.425044
6709	1400.668397	1331.843508
6710	1398.281946	1324.262407
6711	1380.611771	1338.061672
6712	1385.334510	1352.625919
6713	1426.433398	1322.453129
6714	1422.788180	1306.751061
6715	1421.692722	1303.030530
6716	1508.880064	1276.268617
6717	1533.275363	1361.974382
6718	1598.458980	1246.777643
6719	1597.908477	1245.036684
6720	1594.577963	1246.105986
6721	1590.235392	1247.618377
6722	1590.687398	1249.505642
6723	1588.546946	1237.648509
6724	1587.990977	1235.902120
6725	1584.660579	1236.976968
6726	1580.323350	1238.489249
6727	1580.775357	1240.376514
6728	1591.317761	1321.280180
6729	1600.089669	1318.314547
6730	1610.771398	1349.019678
6731	1602.016262	1352.018230
6732	1594.956229	1331.907363
6733	1596.314394	1319.593001
6734	1589.773375	1315.311797
6735	1591.827522	1321.108474
6736	1606.550523	1350.468470
6737	1655.528265	1332.885764
6738	1526.242540	1300.979848
6739	1527.637257	1305.193187
6740	1536.328046	1302.184858
6741	1547.389581	1332.382701
6742	1506.790120	1282.347723
6743	1520.593413	1314.212095
6744	1535.344239	1309.726843
6745	1542.461455	1330.507608
6746	1532.793670	1334.096950
6747	1525.598937	1312.691086
6748	1530.746939	1343.458645
6749	1543.866846	1338.736369
6750	1554.200131	1368.139938
6751	1544.222699	1340.126500
6752	1536.218882	1341.489528
6753	1544.884313	1370.174311
6754	1518.441761	1307.857304
6755	1538.821456	1308.515729
6756	1584.931793	1293.145848
6757	1568.545392	1252.989022
6758	1577.263591	1278.882821
6759	1578.983084	1282.024321
6760	1593.843909	1291.990925
6761	1604.100414	1288.921575
6762	1602.805140	1284.855870
6763	1603.704992	1287.682042
6764	1600.995452	1288.527353
6765	1600.226022	1285.798240
6766	1625.779918	1277.788434
6767	1629.356914	1276.741622
6768	1615.846433	1271.416338
6769	1624.316667	1268.346234
6770	1625.843923	1272.506835
6771	1623.683925	1273.290517
6772	1624.382181	1275.189177
6773	1622.296550	1275.949090
6774	1621.575494	1273.984358
6775	1617.351012	1275.516411
6776	1633.994792	1268.001460
6777	1625.145549	1270.602632
6778	1668.383184	1254.434663
6779	1680.405115	1249.630595
6780	1659.484474	1246.676067
6781	1661.756981	1252.934003
6782	1655.176392	1252.319809
6783	1654.429473	1250.144861
6784	1660.461663	1249.367478
6785	1656.342397	1251.069212
6786	1654.603880	1253.563314
6787	1624.081179	1235.943251
6788	1727.475649	1215.538369
6789	1717.959182	1219.207476
6790	1695.003972	1291.256527
6791	1646.988273	1307.564997
6792	1462.994434	1358.391574
6793	1468.923011	1377.345130
6794	1471.587263	1384.914764
6795	1472.362639	1474.984299
6796	1473.885460	1474.668967
6797	1475.210667	1473.864210
6798	1476.185009	1472.656493
6799	1476.683264	1471.192692
6800	1476.655638	1469.645810
6801	1473.728042	1466.280485
6802	1472.316115	1466.027711
6803	1470.897724	1466.224341
6804	1469.616963	1466.856209
6805	1468.595365	1467.854168
6806	1467.943179	1469.121577
6807	1467.727180	1470.529443
6808	1476.100805	1468.204457
6809	1475.081111	1467.033698
6810	1467.960331	1471.933282
6811	1468.623523	1473.189291
6812	1469.655473	1474.182300
6813	1470.946786	1474.798167
6814	1430.130260	1510.910740
6815	1432.079626	1505.267217
6816	1489.635599	1486.718549
6817	1544.966101	1480.680602
6818	1545.510513	1494.934544
6819	1541.851227	1495.378592
6820	1542.347964	1500.870114
6821	1558.159245	1498.980166
6822	1558.194361	1498.369305
6823	1559.092422	1498.350168
6824	1558.904055	1494.027930
6825	1557.204153	1494.064153
6826	1557.005953	1493.547007
6827	1437.971195	1534.271792
6828	1512.787337	1507.046591
6829	1522.663157	1531.795279
6830	1499.101217	1553.690280
6831	1526.954666	1636.288293
6832	1493.588779	1646.827925
6833	1465.337932	1632.144101
6834	1461.628335	1627.969034
6835	1453.584459	1593.330752
6836	1455.099674	1588.395347
6837	1451.486614	1579.969607
6838	1449.968757	1567.222849
6839	1448.474495	1561.602832
6840	1444.993040	1556.590925
6841	1451.884434	1577.809086
6842	1462.708634	1629.976017
6843	1469.321597	1611.548243
6844	1474.781964	1628.609309
6845	1500.900657	1619.289042
6846	1494.952298	1602.665455
6847	1363.503820	1311.509282
6848	1354.362291	1286.606283
6849	1353.905997	1283.265925
6850	1354.348274	1280.932510
6851	1355.374825	1278.159556
6852	1357.366880	1274.766994
6853	1361.693395	1270.997413
6854	1367.937893	1265.628375
6855	1381.163901	1253.837407
6856	1388.100338	1250.067665
6857	1402.289413	1245.067299
6858	1427.127742	1237.355134
6859	1445.957830	1230.791641
6860	1471.431132	1222.256275
6861	1510.279748	1208.677111
6862	1525.501691	1203.704849
6863	1535.966508	1199.865600
6864	1545.743995	1196.900710
6865	1549.008771	1197.263786
6866	1552.582585	1199.079004
6867	1556.656678	1201.532502
6868	1559.376374	1204.175701
6869	1564.472468	1218.704289
6870	1570.745662	1235.265544
6871	1572.570870	1241.361063
6872	1747.430573	1179.150453
6873	1747.075529	1177.294403
6874	1744.659932	1175.116143
6875	1728.363774	1163.543676
6876	1711.936733	1157.381802
6877	1698.650524	1155.057791
6878	1690.208381	1154.427724
6879	1676.471234	1154.537140
6880	1665.454633	1156.075101
6881	1652.166875	1159.708076
6882	1635.170145	1164.973056
6883	1612.192039	1173.654499
6884	1577.361529	1185.810943
6885	1569.009361	1189.405470
6886	1565.023260	1192.840446
6887	1562.789238	1196.426683
6888	1562.726954	1199.528488
6889	1564.318245	1206.693914
6890	1571.773509	1225.520683
6891	1577.240241	1239.874982
6892	1556.861949	1196.857999
6893	1559.940929	1196.282136
6894	1563.248154	1195.374171
6895	1409.721688	1438.653503
6896	1411.753898	1443.918170
6897	1414.458546	1442.845495
6898	1414.909693	1444.189221
6899	1412.746756	1445.083952
6900	1414.929823	1450.400868
6901	1420.555220	1443.591856
6902	1423.887768	1448.390627
6903	1428.940060	1446.557953
6904	1427.310739	1441.878169
6905	1436.914235	1441.800998
6906	1434.896657	1436.469459
6907	1432.726953	1437.297770
6908	1432.173177	1435.906314
6909	1434.448730	1435.025827
6910	1432.337766	1429.829394
6911	1425.034367	1432.686241
6912	1427.149262	1437.816031
6913	1419.462519	1440.753161
6914	1417.483153	1435.709226
6915	1422.142213	1439.764218
6916	1417.733108	1428.870614
6917	1406.386708	1421.952002
6918	1450.528425	1404.576683
6919	1459.039876	1401.438971
6920	1494.964585	1388.465453
6921	1403.402509	1413.174513
6922	1456.379189	1393.786065
6923	1491.607720	1381.520692
6924	1496.048423	1387.627020
6925	1496.794479	1386.246685
6926	1496.913734	1385.317881
6927	1496.447209	1383.503030
6928	1495.911075	1382.688030
6929	1495.148267	1382.027616
6930	1493.190421	1381.254008
6931	1463.528283	1392.219323
6932	1464.493650	1394.855515
6933	1472.772975	1391.866973
6934	1471.807492	1389.225238
6935	1431.755586	1399.008848
6936	1429.691483	1393.251220
6937	1416.220998	1400.088808
6938	1418.217178	1405.670396
6939	1476.755058	1453.736364
6940	1478.936415	1460.229176
6941	1480.423939	1459.010521
6942	1478.245781	1453.671309
6943	1481.074737	1457.426993
6944	1479.800094	1454.331490
6945	1480.796369	1455.658050
6946	1285.041945	1468.496040
6947	1282.388212	1470.199970
6948	1275.314269	1472.780261
6949	1272.572310	1465.084732
6950	1270.549929	1465.799008
6951	1273.297590	1473.511055
6952	1267.343301	1475.679209
6953	1263.783055	1476.254356
6954	1277.515574	1408.255063
6955	1287.655572	1404.744123
6956	1284.428440	1396.116032
6957	1286.801877	1395.311076
6958	1290.448429	1405.549803
6959	1296.238488	1403.202141
6960	1282.675858	1406.469933
6961	1284.130355	1410.221628
6962	1285.268535	1409.925568
6963	1299.600112	1449.976271
6964	1298.148056	1450.600723
6965	1299.194053	1454.006155
6966	1294.345829	1456.128509
6967	1303.791364	1452.155388
6968	1306.444173	1460.185613
6969	1312.557187	1457.936447
6970	1309.748130	1449.099765
6971	1320.273925	1444.371479
6972	1317.920141	1441.082687
6973	1304.468950	1423.748344
6974	1298.944937	1452.857794
6975	1303.544235	1451.350869
6976	1245.028548	1396.102420
6977	1242.330043	1397.463427
6978	1238.823044	1400.034187
6979	1235.097825	1403.907490
6980	1232.641073	1407.825834
6981	1231.696088	1411.662004
6982	1230.683036	1416.819698
6983	1231.167817	1422.244944
6984	1232.947087	1428.934908
6985	1272.411271	1400.881706
6986	1266.708106	1396.272197
6987	1260.469284	1394.380817
6988	1253.367984	1394.177343
6989	1270.939267	1398.816526
6990	1273.469008	1402.079374
6991	1275.123851	1401.433955
6992	1277.225346	1408.438743
6993	1248.048096	1472.452384
6994	1297.481433	1465.230004
6995	1293.545025	1466.473199
6996	1250.775009	1475.932879
6997	1254.818015	1479.435211
6998	1258.759327	1481.680654
6999	1264.000147	1483.421371
7000	1267.942325	1483.952924
7001	1271.759232	1483.877035
7002	1275.686314	1483.199773
7003	1279.514264	1481.886778
7004	1282.286639	1480.479828
7005	1284.691253	1478.881050
7006	1287.452913	1476.470411
7007	1289.738954	1473.825873
7008	1291.293447	1471.485361
7009	1292.357536	1469.471463
7010	1246.471893	1469.263489
7011	1232.199655	1427.492122
7012	1226.416424	1429.407050
7013	1219.680428	1426.522386
7014	1223.938656	1425.322217
7015	1226.649393	1434.560344
7016	1222.970987	1435.864618
7017	1222.031641	1432.445818
7018	1221.458685	1432.663266
7019	1304.828798	1386.712163
7020	1586.271882	1240.814084
7021	1593.353512	1244.612333
7022	1681.796648	1253.195072
7023	1685.947129	1251.703449
7024	1670.660953	1227.031028
7025	1647.519935	1237.096961
7026	1676.898032	1239.643991
7027	1673.076746	1228.715633
7028	1677.217574	1227.523723
7029	1661.315921	1232.471410
7030	1671.120047	1222.972338
7031	1666.515370	1226.492546
7032	1662.816413	1256.222681
7033	1674.142525	1222.003912
7034	1670.926253	1222.410725
7035	1725.332863	1238.235689
7036	1733.598510	1235.602663
7037	1679.068013	1232.797832
7038	1738.366740	1275.191563
7039	1698.975315	1289.641152
7040	1745.322273	1272.819379
7041	1705.749950	1308.665465
7042	1743.407507	1295.173503
7043	1751.876668	1292.053608
7044	1702.324280	1309.032362
7045	1653.336212	1326.387621
7046	1641.393978	1309.314795
7047	1601.743601	1323.149118
7048	1597.891717	1324.346006
7049	1604.052798	1342.928558
7050	1592.880261	1325.839374
7051	1553.207197	1339.358243
7052	1599.410054	1344.658115
7053	1559.125795	1358.855575
7054	1691.037656	1292.605568
7055	1791.165800	1393.161017
7056	1916.140251	1383.929192
7057	1920.374873	1380.361501
7058	1936.003328	1378.420596
7059	1914.201684	1385.567803
7060	1912.699020	1386.831076
7061	1911.222731	1388.077149
7062	2252.846339	1838.031378
7063	2255.908101	1836.906948
7064	2259.995345	1835.721902
7065	2251.654630	1810.391323
7066	2268.128566	1860.097363
7067	2244.980716	1789.007626
7068	2247.602915	1785.568603
7069	2274.850241	1775.266776
7070	2260.202054	1801.662697
7071	2252.894458	1780.153804
7072	2249.970577	1805.130312
7073	2285.820448	1936.167207
7074	364.793300	1040.743131
7075	480.960257	1456.765900
7076	511.356161	1474.102899
7077	866.746241	1100.139371
7078	810.799669	1090.735243
7079	765.980942	1066.478304
7080	1393.985039	1316.877338
7081	693.239045	1029.756202
7082	673.530712	1022.523252
7083	2253.912338	1783.509923
7084	820.279298	1095.602246
7085	1727.920297	1201.252340
7086	2142.491622	2391.751026
7087	1891.021627	2176.428047
7088	1748.752272	1205.567786
7089	1749.193782	1206.712050
7090	1747.050393	1207.523080
7091	1748.946936	1212.452331
7092	1751.053140	1211.653185
7093	1751.568274	1212.990008
7094	1758.979726	1210.175517
7095	1758.112802	1209.145690
7096	1761.634161	1207.745144
7097	1761.114745	1206.458330
7098	1764.577774	1205.081213
7099	1764.092438	1203.887963
7100	1762.352964	1204.579464
7101	1761.793767	1203.182568
7102	1759.988637	1202.799457
7103	1754.632794	1204.699402
7104	1753.765751	1203.664031
7105	1734.435508	1230.703971
7106	1741.978429	1228.036420
7107	1741.199454	1225.862153
7108	1742.914084	1225.259919
7109	1743.647814	1227.318673
7110	1764.387088	1219.994118
7111	1763.482843	1217.461997
7112	1766.359809	1216.441232
7113	1767.127615	1218.593552
7114	1774.776754	1215.890489
7115	1777.688023	1224.020630
7116	1769.226779	1227.012752
7117	1768.317071	1224.475201
7118	1766.448595	1225.136170
7119	1767.295724	1227.497566
7120	1746.456786	1234.912984
7121	1745.671877	1232.711111
7122	1743.851278	1233.359972
7123	1744.323529	1234.692161
7124	1736.812451	1237.347940
7125	1650.988628	1283.202940
7126	1651.909278	1286.755257
7127	1654.536593	1286.067011
7128	1655.968638	1288.770922
7129	1660.170166	1287.416859
7130	1658.017102	1280.740397
7131	1521.926831	1234.724817
7132	1523.195944	1238.314082
7133	1527.028752	1236.973370
7134	1528.052996	1239.863450
7135	1549.849747	1232.221943
7136	1547.556406	1225.742597
7137	1446.506511	1243.486954
7138	1448.503181	1248.841133
7139	1447.194314	1251.919598
7140	1450.268824	1260.168257
7141	1461.497450	1256.035311
7142	1455.575271	1240.143269
7143	1612.327921	1422.593709
7144	1625.200856	1418.081996
7145	1630.095048	1416.358178
7146	1619.320172	1420.192896
7147	1610.969680	1402.516692
7148	1608.245382	1398.148642
7149	1615.391265	1418.274313
7150	1621.262321	1416.213533
7151	1617.399283	1405.336000
7152	1615.297171	1406.074086
7153	1613.851870	1401.994940
7154	1629.807608	1411.400213
7155	1632.074516	1407.602517
7156	1613.123782	1396.436248
7157	1617.949441	1424.886674
7158	1631.817110	1419.621646
7159	1634.566854	1417.150363
7160	1637.580344	1410.741020
7161	1632.789287	1408.519099
7162	1629.965321	1414.536154
7163	1628.945912	1413.126879
7164	1675.971885	1430.478554
7165	1611.101451	1395.647356
7166	1567.488387	1376.592522
7167	1560.814944	1374.127859
7168	1618.597744	1428.206292
7169	1638.439071	1420.173907
7170	1642.446655	1412.478798
7171	1499.001785	1402.489667
7172	1491.911742	1419.624112
7173	1490.781593	1438.112450
7174	1489.508026	1464.424392
7175	1493.252954	1486.314202
7176	1521.192129	1482.346461
7177	1540.279977	1479.116519
7178	1552.755571	1477.796838
7179	1581.529963	1387.269843
7180	1564.830051	1378.584878
7181	1546.412091	1380.130964
7182	1527.664764	1379.271383
7183	1575.347864	1476.644320
7184	1582.398440	1471.962627
7185	1606.035766	1457.104769
7186	1609.725012	1436.476505
7187	1606.439186	1414.033381
7188	1599.038938	1398.788478
7189	1561.922267	1364.852746
7190	1564.739186	1375.575078
7191	1626.668173	1479.433497
7192	1737.649044	1708.667690
7193	1501.987698	1655.229290
7194	1586.433890	1486.663547
7195	1930.531640	1550.343094
7196	1942.441124	1452.783233
7197	1916.936729	1414.079269
7198	1732.369737	1128.876298
7199	1716.955742	1102.720072
7200	665.154975	924.200398
7201	674.810017	918.247727
7202	672.722162	914.903393
7203	663.067235	920.861609
7204	672.485554	914.093102
7205	670.484774	910.819012
7206	661.043815	916.528605
7207	663.039133	919.797264
7208	613.020784	949.326287
7209	617.524959	951.864606
7210	621.354296	945.104619
7211	616.855466	942.566183
7212	675.769257	919.586136
7213	694.475993	909.729325
7214	639.142051	1065.113149
7215	636.664914	1064.073441
7216	631.773626	1061.438020
7217	630.516287	1060.915794
7218	638.657690	1057.469203
7219	638.063710	1057.204575
7220	2062.789014	1365.341643
7221	2050.866771	1374.075560
7222	2059.661298	1386.262629
7223	2071.567030	1376.752574
7224	570.837110	964.804890
7225	604.764196	933.384427
7226	601.083229	932.326088
7227	558.946592	985.764694
7228	591.759791	1020.805188
7229	596.375424	1022.303894
7230	601.575432	1006.612280
7231	622.247462	1013.635926
7232	643.735573	954.770790
7233	644.506556	952.807451
7234	651.881366	931.262109
7235	638.238715	902.301050
7236	625.300377	908.534727
7237	554.281156	993.690750
7238	599.596475	1012.362055
7239	597.262378	951.737700
7240	602.479255	953.839231
7241	598.617394	963.079255
7242	594.862561	961.567679
7243	597.809081	954.793279
7244	596.260674	954.166347
7245	590.323129	961.132285
7246	586.482164	959.594821
7247	591.165209	949.239002
7248	596.442318	951.405801
7249	595.561922	953.504604
7250	594.117934	953.008558
7251	609.371318	958.744800
7252	610.942175	959.421173
7253	591.351984	948.719173
7254	602.687652	953.330034
7255	597.618447	951.131053
7256	598.352928	949.712056
7257	606.252133	952.943199
7258	605.705354	954.385914
7259	613.894885	957.938103
7260	620.111638	948.020968
7261	624.055722	941.624605
7262	602.919092	952.897996
7263	598.178353	951.052520
7264	598.522900	950.407292
7265	605.578646	953.212745
7266	605.037925	954.688610
7267	609.323066	956.488366
7268	609.419424	956.242255
7269	610.040021	956.500767
7270	609.922873	956.775056
7271	614.185324	958.514285
7272	620.555592	948.022568
7273	620.063298	947.761312
7274	614.136306	957.472573
7275	606.273107	954.174096
7276	606.967321	952.622842
7277	597.906386	949.089292
7278	597.181401	950.702217
7279	591.483036	948.344749
7280	631.802738	949.995169
7281	642.763919	954.602980
7282	630.798713	984.832625
7283	619.462016	980.421446
7284	628.768775	948.678939
7285	616.627024	979.655626
7286	615.508400	979.868131
7287	624.199007	983.343048
7288	616.206133	1003.742413
7289	607.315148	999.650572
7290	629.616745	985.584503
7291	621.374038	1005.806166
7292	599.533394	972.899336
7293	609.460379	978.666281
7294	595.534855	1009.509221
7295	585.642981	1005.383337
7296	592.428667	968.303385
7297	578.877924	1003.414771
7298	586.804441	965.911056
7299	573.098192	1001.253190
7300	575.880487	959.544228
7301	584.692773	963.205102
7302	569.142036	998.830742
7303	560.741407	995.161081
7304	571.131706	1001.334077
7305	586.648761	1007.647026
7306	583.576258	1019.532553
7307	548.301464	1007.685179
7308	581.723464	1019.677566
7309	807.557169	1091.420201
7310	807.271154	1086.545327
7311	627.887190	1011.252313
7312	842.845512	1090.921323
7313	818.965912	1094.959176
7314	822.289023	1073.517225
7315	676.284338	1321.375828
7316	785.736153	1071.408555
7317	782.426055	1069.931799
7318	783.967758	1066.742849
7319	786.957591	1067.999040
7320	788.695933	1070.507770
7321	780.970214	1067.378206
7322	837.230745	1089.715658
7323	831.752034	1089.871545
7324	828.106105	1090.448639
7325	820.030946	1092.739975
7326	817.560818	1092.276926
7327	815.028123	1091.138532
7328	813.748974	1090.095376
7329	803.471341	1075.666495
7330	824.130295	1073.084076
7331	826.446950	1073.372917
7332	828.411900	1074.723122
7333	829.810878	1076.368295
7334	830.753885	1078.450296
7335	822.479024	1092.421430
7336	799.403712	1118.578525
7337	812.351903	1088.289314
7338	820.356841	1074.451509
7339	578.178537	925.450026
7340	574.579013	931.201184
7341	571.180707	929.105141
7342	574.785576	923.353868
7343	1291.479273	2066.095746
7344	1295.592053	2063.606305
7345	1293.735913	2060.578703
7346	1289.628477	2063.068031
7347	1293.532765	2036.782922
7348	1295.686690	2035.472336
7349	1294.540081	2033.616542
7350	1296.313756	2032.530388
7351	1292.984384	2027.127044
7352	1288.914114	2029.604482
7353	1294.067065	2036.760423
7354	1295.591637	2035.779424
7355	1297.681535	2038.985072
7356	1296.156962	2039.966071
7357	1304.511254	2034.252313
7358	1307.983888	2032.087150
7359	1305.470942	2028.102925
7360	1301.998306	2030.268088
7361	1300.915322	2036.403469
7362	1303.739706	2034.684771
7363	1298.948038	2026.916543
7364	1296.123652	2028.635243
7365	1288.113495	2037.192574
7366	1289.813517	2036.163455
7367	1290.278741	2036.913398
7368	1291.197473	2036.361319
7369	1293.851514	2040.691961
7370	1293.364929	2041.195988
7371	1294.694799	2043.369568
7372	1292.656935	2044.605572
7373	1286.169946	2023.306749
7374	1293.048078	2019.338370
7375	1290.073015	2014.249161
7376	1283.194881	2018.217541
7377	1282.655337	2026.010828
7378	1284.079041	2028.321068
7379	1284.876250	2027.838141
7380	1286.244724	2030.066362
7381	1287.960547	2029.025814
7382	1285.168252	2024.481809
7383	1276.212650	2027.329776
7384	1280.743469	2024.631733
7385	1282.401029	2027.375155
7386	1281.763925	2028.093164
7387	1282.623110	2029.511371
7388	1284.714193	2028.263137
7389	1286.039313	2030.464550
7390	1280.204286	2033.944760
7391	1312.591559	2019.209622
7392	1315.942539	2024.623602
7393	1319.136253	2022.669619
7394	1315.785274	2017.255638
7395	1295.746650	2010.472893
7396	1298.890344	2008.680820
7397	1302.416369	2014.778831
7398	1299.272677	2016.570902
7399	1299.134577	2007.094849
7400	1302.775295	2005.037029
7401	1308.058026	2014.264605
7402	1304.417311	2016.322424
7403	1320.203062	2043.085762
7404	1323.792722	2040.640780
7405	1324.653577	2041.887012
7406	1323.330470	2042.786055
7407	1324.356893	2044.272800
7408	1325.758878	2043.311061
7409	1326.757745	2044.759568
7410	1325.234237	2045.790458
7411	1326.084164	2047.025830
7412	1322.383793	2049.545279
7413	1321.197267	2047.823452
7414	1322.209375	2047.136267
7415	1321.276663	2045.780639
7416	1320.681040	2046.187155
7417	1319.969124	2045.154059
7418	1321.102400	2044.381090
7419	1307.649610	2051.501552
7420	1311.312186	2049.215858
7421	1314.406270	2054.119493
7422	1310.743578	2056.399642
7423	1303.440804	2053.000210
7424	1311.011368	2048.401394
7425	1307.820139	2043.205867
7426	1302.371777	2046.511416
7427	1303.540831	2048.416650
7428	1301.418507	2049.704374
7429	1316.961019	2017.219450
7430	1320.786595	2014.802713
7431	1318.352510	2011.005384
7432	1314.532397	2013.427551
7433	1318.506912	2018.489885
7434	1321.790434	2016.484068
7435	1324.432708	2020.765048
7436	1322.674828	2021.839766
7437	1322.237398	2021.139148
7438	1320.711638	2022.064703
7439	1292.369294	2021.360700
7440	1294.590345	2019.937752
7441	1296.907215	2023.504626
7442	1294.686165	2024.927574
7443	1276.366083	2000.448054
7444	1278.180218	1996.998216
7445	1286.599906	2001.361082
7446	1284.791115	2004.810804
7447	1283.535251	1986.062640
7448	1287.956912	1988.020466
7449	1289.646709	1984.257134
7450	1285.225048	1982.299307
7451	1281.174580	1990.966238
7452	1283.366388	1986.920409
7453	1287.596659	1989.181832
7454	1285.399624	1993.233319
7455	1242.159232	1972.292034
7456	1237.459279	1965.065417
7457	1245.134933	1960.125984
7458	1248.065291	1964.622666
7459	1242.003790	1968.518168
7460	1243.778728	1971.247990
7461	1244.835441	1971.397371
7462	1247.545445	1972.837075
7463	1251.650915	1965.494572
7464	1248.752519	1963.997876
7465	1251.786808	1979.374622
7466	1254.725915	1982.778452
7467	1259.221681	1978.938569
7468	1256.282575	1975.534737
7469	1238.997306	1985.754404
7470	1245.782927	1981.710320
7471	1247.440856	1984.470372
7472	1240.655118	1988.508911
7473	1238.833057	1985.325281
7474	1245.542778	1981.232900
7475	1243.886387	1978.544919
7476	1237.176665	1982.637302
7477	1217.444135	1982.182274
7478	1222.004673	1979.372643
7479	1220.304565	1976.641226
7480	1215.743907	1979.445314
7481	1218.195668	1982.565577
7482	1222.595234	1979.981244
7483	1224.392487	1983.004553
7484	1219.998268	1985.588771
7485	1220.341402	1986.130551
7486	1224.407876	1983.725273
7487	1226.298840	1986.879698
7488	1222.232367	1989.284975
7489	1223.821178	1990.310437
7490	1227.235376	1988.163135
7491	1229.897303	1992.360486
7492	1226.488334	1994.502129
7493	1218.282227	2000.895009
7494	1221.474044	1998.852290
7495	1218.294494	1993.956039
7496	1215.108021	1995.998644
7497	1243.439861	2017.995802
7498	1247.113844	2015.743120
7499	1245.607463	2013.318172
7500	1241.938825	2015.570739
7501	1241.906736	2025.338858
7502	1244.370237	2023.749871
7503	1245.415195	2025.352692
7504	1246.887023	2024.406090
7505	1242.386977	2017.524641
7506	1239.928820	2019.113514
7507	1239.381398	2018.271037
7508	1241.850010	2016.670848
7509	1241.225385	2015.719088
7510	1237.284945	2018.265881
7511	1238.795797	2027.662718
7512	1241.426798	2025.903758
7513	1237.158338	2019.599751
7514	1234.532563	2021.353053
7515	1272.781384	2032.184130
7516	1276.682119	2030.032003
7517	1279.272832	2034.652414
7518	1275.372218	2036.810085
7519	1283.163641	2048.568773
7520	1287.291182	2045.768410
7521	1281.766024	2037.710787
7522	1277.912533	2040.322267
7523	1278.939082	2041.814552
7524	1279.798146	2041.724108
7525	1282.028093	2044.976683
7526	1281.121355	2045.589518
7527	1289.839099	2031.098936
7528	1290.409298	2030.753973
7529	1290.852549	2031.476651
7530	1290.425018	2031.740918
7531	1265.194112	2037.753972
7532	1268.694414	2035.632576
7533	1265.371773	2030.545245
7534	1262.033743	2032.502328
7535	1268.014562	2042.363930
7536	1271.844363	2040.396349
7537	1274.907008	2045.078788
7538	1271.082417	2047.290304
7539	1287.509863	2036.722912
7540	1289.003310	2035.786948
7541	1286.070498	2031.173839
7542	1284.577050	2032.109803
7543	1235.438952	2033.497235
7544	1238.569830	2031.355983
7545	1235.827358	2027.393308
7546	1232.691252	2029.540219
7547	1231.451225	2029.821837
7548	1232.753818	2021.951232
7549	1227.284922	2025.046493
7550	1229.657129	2029.200108
7551	1230.745727	2028.588932
7552	1228.873922	2018.567497
7553	1234.909843	2014.727990
7554	1237.133380	2018.180372
7555	1231.097579	2022.025423
7556	1228.901378	2018.350596
7557	1233.396335	2015.475808
7558	1231.106995	2011.947180
7559	1226.617263	2014.816310
7560	1268.989877	2007.388918
7561	1273.907510	2008.781497
7562	1277.013307	1997.949396
7563	1272.095671	1996.556815
7564	1267.209179	1996.372713
7565	1269.349420	1992.416724
7566	1272.308380	1993.995327
7567	1270.168138	1997.951315
7568	1264.695343	2005.123329
7569	1269.027896	1999.650707
7570	1270.626127	2000.115775
7571	1267.793522	2009.716266
7572	1265.651858	2009.096405
7573	1266.424764	2006.473038
7574	1318.603850	2065.122929
7575	1323.348845	2062.187377
7576	1320.547538	2057.721213
7577	1315.807886	2060.656651
7578	1318.365921	2072.515968
7579	1325.729640	2068.248820
7580	1323.404385	2064.288321
7581	1318.607969	2067.069668
7582	1317.803131	2066.443452
7583	1315.563449	2067.744772
7584	1320.476799	2071.694398
7585	1327.374529	2067.392826
7586	1330.518484	2072.378596
7587	1324.517869	2076.117459
7588	1323.510581	2074.524923
7589	1326.049029	2072.939902
7590	1325.185690	2071.577247
7591	1321.749894	2073.713888
7592	1322.062323	2077.828281
7593	1323.652928	2076.934620
7594	1324.604219	2077.657547
7595	1329.629771	2074.838032
7596	1331.880187	2078.800129
7597	1324.851831	2082.743964
7598	1334.167996	2084.514127
7599	1335.016716	2085.943652
7600	1336.104720	2085.304766
7601	1338.173788	2088.788187
7602	1340.090950	2087.660151
7603	1337.173163	2082.747204
7604	1332.327347	2092.734524
7605	1336.744352	2089.966826
7606	1333.717152	2085.189332
7607	1329.300263	2087.962575
7608	1334.186602	2098.163704
7609	1340.852196	2094.011301
7610	1338.057076	2089.583830
7611	1331.391479	2093.736234
7612	1338.565931	2102.901244
7613	1345.238663	2098.582296
7614	1342.297683	2094.085833
7615	1335.624948	2098.404782
7616	1342.063180	2107.402472
7617	1348.627424	2103.512924
7618	1345.982451	2099.104433
7619	1339.423431	2102.988325
7620	1346.632785	2105.019776
7621	1349.993028	2102.851475
7622	1353.238526	2107.835079
7623	1351.903909	2108.695541
7624	1349.631372	2105.199822
7625	1347.600402	2106.507775
7626	1341.540558	2108.473011
7627	1345.822010	2105.869058
7628	1348.885533	2110.845452
7629	1344.609428	2113.449291
7630	1359.325432	2106.135504
7631	1364.857497	2102.994590
7632	1363.918997	2101.367305
7633	1358.392276	2104.508106
7634	1345.128336	2114.209181
7635	1348.634555	2112.115414
7636	1350.846498	2115.778820
7637	1347.334935	2117.872701
7638	1350.939560	2115.127892
7639	1348.979871	2112.008206
7640	1353.471348	2109.222284
7641	1355.524983	2112.484175
7642	1354.601385	2113.058539
7643	1355.149385	2113.928738
7644	1353.898519	2114.704215
7645	1353.256454	2113.686267
7646	1351.739547	2119.786528
7647	1356.415956	2117.146416
7648	1354.982672	2114.636704
7649	1349.545411	2117.709044
7650	1350.195306	2118.843301
7651	1350.956275	2118.416618
7652	1361.238925	2137.659865
7653	1364.663486	2143.266403
7654	1370.080440	2139.994827
7655	1367.680969	2136.063642
7656	1365.685173	2137.265458
7657	1364.665549	2135.595534
7658	1323.681576	2115.105136
7659	1324.625803	2116.499342
7660	1325.380815	2116.294644
7661	1326.286440	2117.634209
7662	1330.620176	2114.724073
7663	1329.510383	2113.089354
7664	1328.413822	2113.828261
7665	1327.530288	2112.521503
7666	1308.059268	2090.734426
7667	1310.599367	2089.227015
7668	1310.017278	2088.263254
7669	1314.152143	2085.806626
7670	1314.201790	2084.374565
7671	1312.502172	2081.914912
7672	1311.220258	2081.737055
7673	1306.926925	2084.285810
7674	1306.234024	2083.141379
7675	1304.216721	2084.338118
7676	1304.030108	2084.364288
7677	1306.438113	2082.931801
7678	1306.044274	2082.269080
7679	1310.136851	2079.835540
7680	1310.128055	2078.421365
7681	1308.397310	2076.006749
7682	1307.285124	2076.013851
7683	1304.755594	2077.515490
7684	1303.940597	2076.162897
7685	1300.370698	2078.280223
7686	1300.358469	2078.208379
7687	1303.477091	2076.244896
7688	1303.073153	2075.610123
7689	1306.735245	2073.302248
7690	1306.803058	2071.969636
7691	1305.039273	2069.760947
7692	1303.593801	2069.436826
7693	1300.491095	2071.394422
7694	1299.766239	2070.256220
7695	1296.573846	2072.271197
7696	1311.621749	2125.346305
7697	1313.932288	2129.118532
7698	1318.826445	2126.157600
7699	1316.515908	2122.385372
7700	1319.963360	2125.806086
7701	1323.919052	2123.724900
7702	1327.222787	2129.933036
7703	1324.858758	2131.170453
7704	1323.649712	2128.894457
7705	1322.052588	2129.732795
7706	1312.022567	2121.826802
7707	1317.461280	2118.321780
7708	1314.802013	2114.246391
7709	1309.363299	2117.751414
7710	1291.496934	2089.468408
7711	1296.169682	2086.656405
7712	1293.797610	2082.757921
7713	1289.119515	2085.570039
7714	1293.437478	2096.199283
7715	1299.772463	2092.342328
7716	1297.506570	2088.657892
7717	1291.166238	2092.514961
7718	1305.809897	2109.618422
7719	1303.836306	2106.349281
7720	1306.281249	2104.893818
7721	1304.124752	2101.323524
7722	1301.954451	2102.617821
7723	1299.747951	2098.959850
7724	1298.459550	2099.730588
7725	1296.862811	2097.080159
7726	1306.188224	2091.517600
7727	1314.121541	2104.665440
7728	1292.231493	2216.301676
7729	1097.503460	2337.598756
7730	1100.978956	2337.075205
7731	1104.088777	2335.455708
7732	1106.499968	2332.924869
7733	1107.956180	2329.748855
7734	1096.037488	2316.547649
7735	1092.713166	2317.639263
7736	1089.918445	2319.740124
7737	1087.964193	2322.632820
7738	1087.057465	2325.996770
7739	1087.302927	2329.474758
7740	1108.293712	2326.275048
7741	1107.477857	2322.881356
7742	1105.596730	2319.937515
7743	1102.854979	2317.760851
7744	1099.546458	2316.589133
7745	1088.665557	2332.679274
7746	1090.999150	2335.275103
7747	1094.056889	2336.973553
7748	1394.621961	2111.211628
7749	1323.226404	2149.397875
7750	1327.616395	2151.378560
7751	1205.387633	1990.831621
7752	1209.479528	1988.364782
7753	1212.887697	1993.949467
7754	1208.790459	1996.416419
7755	1187.582702	1999.753504
7756	1191.103918	1997.609449
7757	1193.674279	2001.775470
7758	1190.147719	2003.919639
7759	1473.689711	1478.783088
7760	1472.615242	1478.805991
7761	1471.336011	1478.506017
7762	1470.171785	1478.081569
7763	1468.995385	1477.086092
7764	1468.621219	1476.844476
7765	1468.897210	1476.494711
7766	1468.679840	1476.332950
7767	1463.302887	1480.496508
7768	1463.519666	1480.630549
7769	1464.009836	1480.292857
7770	1464.782596	1481.169369
7771	1465.822164	1482.018007
7772	1467.040410	1482.718628
7773	1468.212937	1483.281561
7774	1469.688155	1483.743751
7775	1471.352860	1484.063240
7776	1472.747475	1484.005779
7777	1475.038264	1483.840471
7778	1476.494927	1483.432259
7779	1477.459912	1483.040075
7780	1478.604784	1482.305720
7781	1479.858606	1481.413742
7782	1481.300526	1480.062942
7783	1482.429446	1478.580152
7784	1483.457654	1476.888743
7785	1483.782931	1475.589478
7786	1483.971231	1474.387423
7787	1483.974061	1473.516564
7788	1484.822006	1473.404200
7789	1484.839753	1472.982288
7790	1479.390346	1472.743470
7791	1479.424164	1473.075538
7792	1480.296446	1473.101317
7793	1480.179559	1474.141001
7794	1479.869638	1475.157068
7795	1479.554281	1475.918113
7796	1478.913877	1476.985596
7797	1477.588879	1478.051033
7798	1476.932994	1478.392257
7799	1476.020047	1478.716774
7800	1474.260390	1474.444662
7801	1684.721714	1451.091441
7802	1685.049954	1450.934697
7803	1685.306576	1450.679641
7804	1684.602365	1449.002968
7805	1684.254782	1449.004823
7806	1683.925598	1449.117216
7807	1683.646531	1449.322832
7808	1685.465442	1450.354563
7809	1685.505996	1449.998726
7810	1685.423720	1449.651051
7811	1685.230012	1449.344575
7812	1684.947199	1449.123193
7813	1683.454764	1449.609785
7814	1683.360282	1449.944585
7815	1683.378411	1450.293626
7816	1683.508208	1450.612556
7817	1683.738508	1450.879428
7818	1684.036413	1451.056117
7819	1684.374839	1451.126561
7820	1774.421179	1472.304717
7821	1778.368791	1470.834069
7822	1775.557582	1463.384024
7823	1771.604621	1464.854786
7824	1732.519673	1341.440823
7825	1964.810749	2391.295421
7826	1988.095117	2397.632858
7827	1981.955570	2417.697450
7828	1975.923693	2435.785230
7829	2016.778632	2385.297055
7830	2002.033849	2353.569235
7831	2267.156274	2292.092961
7832	2242.036443	2296.504024
7833	2241.408662	2286.345285
7834	2265.104947	2281.881299
7835	2382.656347	2282.477431
7836	2092.072301	2418.997420
7837	2132.787257	2410.915136
7838	2159.093497	2471.327095
7839	2118.276162	2478.607284
7840	1991.821216	2255.154508
7841	1979.803604	2283.214588
7842	2039.788438	2419.938297
7843	2062.003421	2415.233520
7844	2205.962126	2378.476038
7845	2180.436044	2385.147786
7846	2195.155055	2323.680058
7847	2062.968229	2404.536126
7848	2059.868313	2402.100669
7849	2063.369675	2400.534159
7850	2066.458016	2406.697057
7851	2063.328819	2408.915669
7852	2089.897495	1557.258919
7853	2095.373603	1553.981043
7854	2101.567670	1562.085768
7855	2095.438700	1566.098555
7856	2289.070518	2275.243008
7857	2316.270060	2279.612162
7858	2291.475553	2283.982903
7859	2315.480308	2269.628819
7860	2303.910663	2278.798898
7861	2315.919737	2270.678837
7862	2337.930995	2266.439425
7863	2317.346481	2271.635765
7864	2151.676812	2394.179055
7865	2179.094835	2387.960612
7866	2173.142481	2362.041318
7867	2158.606824	2364.502546
7868	2155.292330	2348.460746
7869	2141.330713	2352.518241
7870	2075.528272	1471.767051
7871	2084.825921	1482.468074
7872	2087.482930	1486.449371
7873	2085.142168	1490.803145
7874	2083.060199	1494.752077
7875	2081.458021	1495.862143
7876	2077.744507	1493.251085
7877	2074.109863	1487.809685
7878	2072.625901	1481.651444
7879	2073.968993	1474.895097
7880	2078.158439	1467.945124
7881	2089.143481	1456.136243
7882	2095.180689	1453.589671
7883	2098.959258	1452.971347
7884	2101.780742	1455.129931
7885	2103.812563	1458.381304
7886	2102.943590	1462.032670
7887	2102.884313	1465.533710
7888	2100.399327	1469.896090
7889	2096.569975	1474.414617
7890	2092.612763	1479.207639
7891	2089.405571	1481.294711
7892	2099.672236	1474.687000
7893	2101.556157	1477.270401
7894	2103.000539	1478.548648
7895	2106.426968	1477.466365
7896	2108.219865	1476.019467
7897	2109.427926	1475.489065
7898	2108.540452	1471.980418
7899	2108.493314	1469.762859
7900	2106.925918	1467.477780
7901	2105.594843	1467.001353
7902	2103.962899	1468.472562
7903	2103.780576	1470.462050
7904	2103.126279	1471.884745
7905	2102.043825	1473.543944
7906	2100.426793	1473.955474
7907	2099.741366	1475.423202
7908	811.194302	1090.932033
7909	620.220229	947.846702
7910	819.857699	1095.394939
7911	1488.645434	2186.146629
7912	1608.387180	1139.391808
7913	1612.103380	1149.651282
7914	1619.415864	1147.210419
7915	1620.094308	1148.932015
7916	1626.670966	1146.595570
7917	1625.190586	1141.873773
7918	1622.540518	1142.751081
7919	1621.663285	1140.484618
7920	1622.945713	1140.179986
7921	1621.453644	1134.909339
7922	1616.242494	1136.573318
7923	1616.735287	1138.115834
7924	1614.720926	1138.707829
7925	1614.324796	1137.435031
7926	685.223776	1642.033021
7927	1244.663511	2488.698075
7928	1780.820330	1125.926132
7929	1799.486537	1156.389342
7930	1813.771421	1179.008827
7931	1804.071886	1166.536050
7932	1852.860458	1170.434368
7933	1645.658629	1252.661145
7934	654.167478	1007.168285
7935	650.506123	1004.023999
7936	654.765584	1005.624637
7937	658.108324	1008.625979
7938	660.576117	1008.978116
7939	658.503024	1007.574780
7940	660.777983	1008.413595
7941	690.073486	1069.565191
7942	711.422431	1076.990484
7943	713.444426	1071.250914
7944	692.095709	1063.836703
7945	606.771574	1099.024008
7946	603.623828	1106.889854
7947	627.727778	1116.091977
7948	630.727510	1108.306959
7949	727.708082	1042.957938
7950	752.908842	1052.181277
7951	761.529959	1055.413714
7952	785.418421	1064.299087
7953	706.803258	1085.581058
7954	640.179131	1044.330061
7955	692.965125	1065.226949
7956	668.281526	1118.463965
7957	669.322391	1114.115366
7958	614.079500	1109.123373
7959	644.666333	1091.097300
7960	662.747621	1130.795897
7961	741.832375	1105.227039
7962	738.380652	1106.382406
7963	720.500142	1017.514522
7964	658.677343	1009.223938
7965	647.369543	1036.178117
7966	681.184097	1088.807786
7967	685.497351	1007.119677
7968	637.900587	1109.601220
7969	633.280588	1105.645458
7970	632.525877	1105.367628
7971	631.457051	1105.407126
7972	630.496437	1105.754919
7973	629.814985	1106.401804
7974	629.553597	1107.183918
7975	629.568299	1107.871382
7976	628.817864	1113.295365
7977	630.434915	1113.882001
7978	632.243846	1113.937608
7979	634.267939	1113.550432
7980	635.725032	1112.659548
7981	636.965335	1111.385039
7982	637.559603	1110.412769
7983	631.979883	1105.346025
7984	630.946808	1105.556703
7985	632.913391	1105.481366
7986	630.117934	1106.062530
7987	629.630594	1106.782916
7988	629.530058	1107.583777
7989	633.279055	1113.826723
7990	631.362009	1113.967560
7991	629.573523	1113.617547
7992	635.018758	1113.146113
7993	636.364783	1112.063474
7994	637.302741	1110.906363
7995	637.759438	1110.003594
7996	750.249158	1105.657253
7997	657.564780	962.190428
7998	657.950557	961.472216
7999	654.327261	967.112915
8000	674.333035	972.492486
8001	656.103097	1014.148887
8002	658.380069	1015.081950
8003	659.007643	1013.415647
8004	656.719978	1012.482813
8005	765.393344	1007.952265
8006	765.281880	1008.492665
8007	746.833300	997.638477
8008	747.976476	998.074411
8009	755.394278	995.802631
8010	755.225904	996.432993
8011	626.160678	1035.810743
8012	624.283453	1035.063270
8013	622.830391	1038.644166
8014	625.069231	1039.544757
8015	624.805114	1040.199357
8016	623.310890	1039.604545
8017	628.034525	1045.904306
8018	629.487350	1042.312322
8019	630.700975	1042.791110
8020	629.273575	1046.321537
8021	623.815095	1058.430012
8022	702.020274	1065.244133
8023	701.369051	1067.055149
8024	703.443586	1067.776229
8025	704.089582	1065.970870
8026	759.283444	972.068900
8027	770.910792	975.819505
8028	767.346665	986.733684
8029	755.719326	982.983085
8030	760.590306	964.647381
8031	758.823491	967.314218
8032	767.328582	972.873171
8033	769.095516	970.211881
8034	639.820405	1114.091734
8035	689.068939	1069.359258
8036	715.124751	1042.522502
8037	714.059033	1046.710770
8038	724.064015	1041.621453
8039	736.304673	999.250150
8040	744.673775	1001.949953
8041	741.545147	1000.957424
8042	746.339319	995.796477
8043	747.598684	996.163368
8044	747.178403	997.769766
8045	761.751530	971.433765
8046	765.322189	972.838395
8047	770.568605	974.573291
8048	665.936770	970.275861
8049	664.444921	972.043839
8050	809.458305	1037.472426
8051	758.649301	1049.756756
8052	757.580855	1049.313679
8053	753.959993	1049.563011
8054	747.426460	1104.713657
8055	742.864238	1103.208213
8056	759.788828	1088.308869
8057	756.410068	1102.136606
8058	744.604420	1098.045973
8059	749.166643	1099.551419
8060	755.958538	1101.780183
8061	691.857149	1061.684180
8062	691.260335	1063.538407
8063	690.394347	1069.813474
8064	691.905701	1081.967020
8065	749.699906	1060.192568
8066	771.660012	1059.179658
8067	687.482809	1050.956303
8068	677.431842	1076.657778
8069	638.207907	1084.956663
8070	620.657321	1236.371469
8071	723.750864	961.663038
8072	686.464228	1014.819859
8073	648.445120	1047.209483
8074	647.197665	1046.149024
8075	647.544118	1045.342906
8076	643.268807	1090.772203
8077	647.273423	1036.435316
8078	647.958743	1034.468260
8079	658.352507	1050.813696
8080	638.877126	1043.720044
8081	646.984160	1046.669423
8082	647.477207	1035.460304
8083	671.348125	1116.806522
8084	670.385603	1117.315203
8085	681.654299	1139.815283
8086	657.797550	1131.162438
8087	659.310352	1130.375752
8088	689.087428	1089.986631
8089	694.905470	1057.669838
8090	715.741934	1065.139381
8091	706.671246	1057.640171
8092	705.280525	1061.386115
8093	682.093335	1025.518384
8094	686.560667	1015.328084
8095	683.575307	1014.282589
8096	685.896127	1007.760103
8097	683.642595	1022.933831
8098	658.823249	1011.295244
8099	652.756538	1008.967817
8100	663.390624	1013.039059
8101	754.560243	1003.324979
8102	753.419578	1000.503961
8103	747.466823	981.234790
8104	598.324057	933.355747
8105	612.788272	1106.516354
8106	702.228952	1066.249151
8107	740.077973	1105.220168
8108	853.829194	1099.849585
8109	858.393474	1102.203653
8110	858.847222	1091.899530
8111	874.658759	1081.472538
8112	867.279255	1095.047329
8113	851.573110	1118.916970
8114	861.852750	1101.902339
8115	886.552077	1057.872989
8116	890.696269	1060.591027
8117	889.226097	1063.123930
8118	885.035806	1060.501169
8119	893.970316	1043.354483
8120	877.013491	1073.529474
8121	871.416411	1076.156089
8122	885.107585	1058.353116
8123	895.659354	1040.301076
8124	917.658917	1053.908363
8125	898.161614	1038.261960
8126	899.210803	1035.299873
8127	896.257730	1033.510397
8128	894.650333	1036.129427
8129	916.840555	1053.404465
8130	919.037629	1049.596974
8131	900.641068	1037.909487
8132	896.638368	1038.560730
8133	1590.434977	1248.451643
8134	1569.276293	1255.164309
8135	1513.859291	1275.269537
8136	1509.047048	1279.587402
8137	1550.186506	1262.088085
8138	1553.645959	1272.092331
8139	1552.209785	1267.940885
8140	1571.440140	1261.590948
8141	1590.345985	1307.545633
8142	1579.570284	1311.347103
8143	1576.641086	1315.186650
8144	1582.803361	1291.394131
8145	1621.949390	1277.226624
8146	1582.196180	1239.037283
8147	1579.213469	1239.361500
8148	1644.668608	1228.521837
8149	1664.436811	1222.310401
8150	1757.141998	1193.686219
8151	1761.118686	1194.832895
8152	1762.104106	1194.645529
8153	1773.818172	1187.685033
8154	1775.504884	1185.519303
8155	1793.480555	1174.737199
8156	1795.607264	1175.906616
8157	1811.296963	1197.941557
8158	1821.820509	1212.193845
8159	1836.156653	1232.199869
8160	1895.000365	1311.570932
8161	1899.050775	1317.192044
8162	1869.781504	1265.944484
8163	1868.084491	1267.123152
8164	1866.242320	1268.266083
8165	1868.290120	1271.006826
8166	1872.899141	1267.187117
8167	1922.398351	1338.465124
8168	1902.131616	1323.493806
8169	1904.224372	1328.851510
8170	1905.978739	1333.889172
8171	1908.746459	1340.053388
8172	1914.510567	1347.795607
8173	1919.950234	1355.622378
8174	1919.761767	1358.327497
8175	1916.695427	1361.254680
8176	1910.683259	1365.231795
8177	1907.419956	1366.693369
8178	1905.180491	1366.003335
8179	1903.164397	1364.249181
8180	1914.978767	1373.576534
8181	1915.765433	1371.840408
8182	1917.943926	1369.664238
8183	1922.578181	1366.781352
8184	1924.706092	1365.998413
8185	1926.267014	1365.965210
8186	1928.365330	1367.562318
8187	1931.640510	1370.681845
8188	1934.464142	1375.452720
8189	1939.863808	1381.400108
8190	1942.626312	1383.548825
8191	1948.489937	1388.177390
8192	1953.868601	1393.137965
8193	1958.594938	1398.356458
8194	1964.535073	1406.583028
8195	1973.689546	1418.590451
8196	1983.956624	1432.620843
8197	1994.221910	1446.568080
8198	2007.971677	1465.432993
8199	2028.835303	1493.403600
8200	2048.177879	1519.764825
8201	2065.570650	1543.466419
8202	2081.086867	1564.179582
8203	2096.271768	1584.655755
8204	2121.482506	1619.655583
8205	2133.456452	1636.511679
8206	2143.290694	1649.569609
8207	2144.834124	1652.237896
8208	2145.371161	1654.356297
8209	2145.261078	1656.976538
8210	2144.652379	1659.285687
8211	2144.885853	1662.469904
8212	2145.759494	1664.825191
8213	1942.168200	1381.622867
8214	1944.552029	1383.568875
8215	1943.957488	1384.280371
8216	1941.573658	1382.334363
8217	1914.709254	1376.494142
8218	1915.171426	1380.621946
8219	1884.942097	1392.080593
8220	1892.230542	1387.260979
8221	1898.884911	1383.053875
8222	1903.150442	1383.955940
8223	1905.851161	1384.708264
8224	1739.943758	1351.283026
8225	1739.536093	1354.492007
8226	1730.880133	1367.926758
8227	1700.485626	1304.562241
8228	1697.147114	1296.463391
8229	2237.655137	1792.823928
8230	2242.226348	1808.622728
8231	2241.350570	1806.417239
8232	2247.595696	1822.219288
8233	2234.300784	1826.983330
8234	2222.399133	1795.649594
8235	2282.428154	1855.805634
8236	2294.895848	1891.137384
8237	2322.502144	1881.887347
8238	2325.234582	1878.351712
8239	2312.619202	1839.839466
8240	2310.004718	1837.349228
8241	748.258442	982.238443
8242	666.623827	1128.982474
8243	667.039784	1127.925273
8244	610.712776	945.942296
8245	613.974345	947.647463
8246	611.625618	951.613586
8247	608.282189	950.082115
8248	633.920501	916.215491
8249	631.589997	908.777415
8250	637.783805	905.289297
8251	639.860946	909.382647
8252	633.651339	912.882195
8253	694.062584	931.924512
8254	696.144386	934.986101
8255	700.283392	932.201987
8256	698.201710	929.145941
8257	698.584606	929.043464
8258	700.616990	932.045098
8259	706.180099	928.326453
8260	704.147717	925.324819
8261	687.129191	955.107703
8262	687.931972	956.382897
8263	753.306848	1066.799105
8264	750.716704	1073.233035
8265	749.584464	1072.807962
8266	752.062462	1066.381976
8267	748.159768	1052.194036
8268	729.120724	1044.991072
8269	757.621336	1047.704305
8270	758.090104	1047.866231
8271	764.590043	1045.442121
8272	765.705096	1047.315221
8273	766.168128	1045.957506
8274	592.466312	1104.100056
8275	594.607522	1101.186664
8276	575.939100	1095.312770
8277	455.955672	922.456995
8278	595.415944	799.356608
8279	633.968166	880.921485
8280	621.915721	886.564920
8281	610.401116	894.348951
8282	353.800605	1031.421628
8283	322.611213	1008.316538
8284	295.620692	975.243018
8285	667.937882	707.341350
8286	593.712193	708.162575
8287	589.782844	695.239809
8288	651.443830	926.307262
8289	637.225487	901.939998
8290	594.017110	938.290034
8291	724.306694	981.912829
8292	732.565015	960.160111
8293	719.773618	954.498661
8294	732.372229	946.885712
8295	774.341326	974.170968
8296	703.183213	953.766144
8297	704.638490	956.292013
8298	708.601518	954.033041
8299	707.146242	951.507172
8300	883.312444	962.291713
8301	884.215939	965.278652
8302	884.206815	968.357189
8303	880.143598	977.945238
8304	839.038735	1043.917829
8305	819.487052	1067.786474
8306	817.044326	1069.857622
8307	813.557211	1070.608816
8308	809.530472	1070.134656
8309	807.084816	1069.565699
8310	802.310150	1105.171354
8311	803.876061	1100.362290
8312	797.866513	1111.716982
8313	791.152061	1126.875059
8314	774.773759	1148.063597
8315	712.388461	1250.505933
8316	667.520108	1323.948308
8317	662.017082	1289.704840
8318	636.445542	1222.871690
8319	597.958212	1122.813307
8320	594.365240	1105.612489
8321	590.953585	1102.889974
8322	590.450149	1102.107578
8323	449.630174	1060.248405
8324	359.621504	1033.504565
8325	342.384635	1027.311938
8326	315.533934	1001.512594
8327	285.264259	958.924704
8328	722.782324	691.093715
8329	718.356559	685.719352
8330	616.205722	620.472585
8331	518.158153	558.583170
8332	264.232396	398.742620
8333	617.950028	622.004986
8334	104.744639	683.228879
8335	637.906518	1063.109515
8336	648.218695	1070.887194
8337	636.294898	1076.783061
8338	625.098462	1036.659901
8339	665.559797	1130.746857
8340	615.527917	947.015210
8341	750.199342	961.940850
8342	767.389951	973.742672
8343	754.487268	982.892937
8344	759.885136	970.441987
8345	676.259756	957.542060
8346	621.899760	910.332429
8347	789.898083	808.373144
8348	695.341096	966.213921
8349	695.138992	905.716064
8350	747.974531	901.131318
8351	749.899775	919.893081
8352	706.607005	925.028203
8353	658.063037	887.428348
8354	678.314776	876.284963
8355	698.063145	968.452021
8356	615.722334	893.575125
8357	618.108297	896.602471
8358	620.386255	894.828772
8359	618.000293	891.801426
8360	848.248622	1011.373480
8361	864.002995	1001.519021
8362	869.968579	994.358544
8363	820.610731	1012.241281
8364	871.282968	992.544474
8365	843.410858	1038.277851
8366	833.940710	1050.377572
8367	882.589187	972.751338
8368	872.808716	943.535725
8369	871.607321	936.367493
8370	834.248041	876.247565
8371	826.447246	862.597700
8372	821.451102	853.802183
8373	812.208220	837.493039
8374	796.634182	810.486693
8375	780.027117	781.444641
8376	775.176660	772.962170
8377	766.530755	758.564939
8378	770.763900	765.690594
8379	759.169640	746.475368
8380	737.300279	710.462780
8381	730.723007	701.518015
8382	727.163998	696.657604
8383	725.825566	694.844737
8384	724.078714	692.691163
8385	703.278447	677.183649
8386	700.274154	675.506220
8387	642.188729	689.016656
8388	639.951316	878.336426
8389	650.895222	889.888967
8390	641.440539	881.948699
8391	733.564277	705.328820
8392	732.809947	704.318820
8393	732.533076	714.890970
8394	661.677299	887.367723
8395	678.845941	876.112758
8396	699.358728	862.667557
8397	707.548736	855.731224
8398	712.762456	854.932018
8399	722.880152	860.112612
8400	739.891381	860.508955
8401	755.364660	840.493501
8402	758.877240	830.667562
8403	758.497222	812.882262
8404	750.424531	800.280982
8405	741.432303	787.699352
8406	740.225759	774.036175
8407	741.835331	763.507655
8408	736.104750	753.135973
8409	734.931836	741.296901
8410	737.568148	735.766097
8411	736.918867	726.655847
8412	667.096584	653.962326
8413	734.125351	721.074664
8414	451.812247	516.760630
8415	258.049517	410.001512
8416	248.948632	426.619914
8417	244.588361	434.567291
8418	240.604016	441.835481
8419	217.810622	483.446258
8420	199.838025	515.380392
8421	135.564829	730.730272
8422	207.987423	842.225336
8423	225.920521	869.668790
8424	226.240211	870.111222
8425	226.785740	870.859429
8426	227.198808	871.416340
8427	227.821557	872.273827
8428	236.098801	884.654164
8429	236.768829	885.721411
8430	237.449787	886.799517
8431	238.368818	888.255242
8432	243.418617	896.284025
8433	244.762117	898.329698
8434	241.225940	892.797770
8435	233.346931	880.281329
8436	232.084568	878.278292
8437	231.105660	876.773929
8438	230.389297	875.790875
8439	229.585022	874.698770
8440	228.587578	873.327924
8441	224.159550	867.110674
8442	222.185097	864.074572
8443	219.508180	859.955278
8444	216.903016	855.939834
8445	213.396513	850.545939
8446	211.947390	848.313943
8447	262.277245	924.495297
8448	264.764058	928.230399
8449	266.250585	930.461596
8450	270.079819	936.192476
8451	272.815153	940.293882
8452	277.467772	947.260671
8453	280.192053	951.345674
8454	283.733664	956.633437
8455	288.074899	963.296284
8456	299.491472	981.416743
8457	333.456275	1018.733871
8458	358.025800	1032.917505
8459	360.645430	1033.865361
8460	370.660405	1042.736337
8461	338.956525	1029.071515
8462	328.057538	1018.882747
8463	522.667674	1081.986852
8464	508.651723	1077.838352
8465	556.394779	1091.997988
8466	575.120616	1097.554467
8467	445.180000	1058.984724
8468	604.719177	811.465595
8469	604.334023	808.961221
8470	609.566171	806.020589
8471	623.457876	844.122670
8472	622.585958	835.111453
8473	623.263559	831.031311
8474	620.937025	827.281634
8475	616.398845	826.907200
8476	613.564372	824.416368
8477	610.008408	814.697105
8478	612.256598	812.280641
8479	610.542721	808.418026
8480	635.563045	871.463722
8481	633.559161	863.292057
8482	751.100076	852.421026
8483	611.205945	801.914327
8484	612.333149	799.100289
8485	614.041486	797.200108
8486	615.955545	796.166345
8487	618.624691	795.427049
8488	621.120000	795.312689
8489	624.062932	795.621393
8490	626.353437	797.685678
8491	629.771842	799.720303
8492	632.456869	799.723915
8493	635.760736	799.653284
8494	643.240020	798.999749
8495	650.382567	797.105434
8496	653.847130	795.544888
8497	655.501078	791.099993
8498	657.319227	788.581803
8499	660.503258	785.657248
8500	662.307635	785.247058
8501	664.189423	785.706028
8502	666.266145	786.526906
8503	667.861680	788.106860
8504	669.715115	789.991910
8505	674.343356	790.325619
8506	676.670543	788.351211
8507	677.701349	786.781681
8508	680.811468	786.404598
8509	684.120681	786.333870
8510	687.678433	786.130259
8511	690.719200	785.261015
8512	692.762860	784.535107
8513	694.864037	783.497361
8514	696.653840	782.405259
8515	703.282021	779.967319
8516	708.415912	777.683342
8517	714.170480	772.407590
8518	716.456699	768.265356
8519	717.880737	764.823776
8520	718.488161	760.961468
8521	717.133753	756.148244
8522	716.833441	753.858377
8523	717.236574	749.196180
8524	718.140804	744.706312
8525	718.444777	741.410693
8526	719.258957	732.956944
8527	718.650412	727.756161
8528	717.441607	723.749626
8529	718.662013	722.542126
8530	720.369976	723.376444
8531	720.250144	720.772111
8532	718.816492	718.007268
8533	718.219375	716.344960
8534	718.368106	714.544689
8535	717.934172	711.758485
8536	719.394000	709.991211
8537	720.204943	704.138879
8538	722.146101	701.368484
8539	721.779452	695.973948
8540	722.511269	692.175543
8541	673.266692	854.056754
8542	675.293706	853.303462
8543	676.463006	838.696485
8544	664.616531	845.971695
8545	665.412233	841.911221
8546	668.520190	841.683934
8547	694.349144	735.879836
8548	633.935938	771.837300
8549	611.732506	779.261860
8550	611.420079	776.406495
8551	613.621289	775.294488
8552	614.147817	772.903741
8553	613.458840	771.448623
8554	611.736483	768.440364
8555	612.566291	766.475768
8556	610.998802	764.457039
8557	605.902538	764.998630
8558	602.749789	759.879966
8559	597.514956	753.940549
8560	596.361191	745.756251
8561	604.045497	744.183126
8562	604.746919	741.466937
8563	607.002085	740.126366
8564	606.199687	733.115982
8565	602.159399	727.261954
8566	598.603595	723.555195
8567	596.237719	719.717611
8568	641.803058	786.323223
8569	631.496267	789.816047
8570	628.850225	789.384514
8571	627.466692	786.463303
8572	622.170783	788.423538
8573	613.466577	788.071608
8574	607.840431	794.348618
8575	665.494784	786.221692
8576	692.078076	784.777152
8577	633.831433	632.331627
8578	573.688295	593.637400
8579	398.246326	483.057008
8580	719.392403	718.677192
8581	625.730698	1195.012883
8582	603.666936	1137.661482
8583	602.209396	1068.765031
8584	621.811001	1013.484408
8585	506.880601	838.550971
8586	1783.482846	1145.237653
8587	1778.888685	1149.506340
8588	1393.203340	1307.304109
8589	1431.203385	1584.817095
8590	1353.433084	1293.442748
8591	1348.252707	1294.790081
8592	1427.727429	1300.866327
8593	751.348035	997.170367
8594	773.824631	1005.303856
8595	771.239966	1006.740189
8596	773.720596	1002.688095
8597	771.855261	1001.995809
8598	772.628076	1007.625710
8599	770.472372	1007.361170
8600	764.427474	1000.296441
8601	761.367148	999.496577
8602	759.875093	998.502346
8603	757.981513	997.239368
8604	757.158133	997.001822
8605	757.308990	997.303660
8606	757.008167	997.742723
8607	755.673751	996.867148
8608	764.297378	1006.722160
8609	764.481596	1005.331578
8610	761.974348	1005.385160
8611	760.139888	1004.886347
8612	758.942070	1004.396114
8613	757.973032	1004.350265
8614	756.055302	1003.709021
8615	751.364120	1002.677778
8616	2065.076057	3333.157078
8617	2067.915631	3321.626557
8618	2070.203831	3304.544717
8619	2067.600281	3286.496636
8620	2057.026935	3258.285351
8621	2044.985781	3238.230861
8622	2030.852815	3221.138368
8623	2060.476928	3342.661820
8624	1444.296441	1564.553903
8625	1438.223312	1545.093173
8626	1428.677580	1515.267979
8627	1429.612956	1513.988981
8628	1430.110493	1512.491912
8629	1429.215453	1508.639542
8630	1428.045960	1507.466434
8631	1425.742461	1506.533819
8632	1423.799285	1504.190257
8633	1403.929790	1443.924145
8634	1396.684457	1422.164417
8635	1378.449285	1368.325111
8636	1365.188975	1327.835530
8637	1365.689264	1326.216377
8638	1365.967277	1317.935069
8639	1359.901503	1312.872882
8640	1354.601634	1297.078523
8641	1356.367424	1267.272794
8642	1356.770641	1263.609052
8643	1354.697492	1258.683590
8644	1352.241483	1255.868416
8645	1348.163426	1254.485547
8646	1332.336256	1256.653382
8647	1321.414298	1256.858556
8648	1313.245045	1256.988398
8649	1287.698918	1253.578561
8650	1176.668338	1215.385481
8651	1144.410841	1202.995112
8652	1134.689308	1199.308912
8653	1127.055878	1196.482240
8654	1106.856291	1188.998450
8655	1081.670368	1179.679838
8656	1051.869777	1168.651614
8657	1000.106678	1149.495243
8658	895.803438	1110.894640
8659	874.703326	1103.086550
8660	867.948440	1100.585146
8661	847.868850	1092.982706
8662	839.219690	1087.182752
8663	831.913276	1079.645770
8664	829.990476	1076.763811
8665	824.934668	1073.183367
8666	823.007403	1073.346572
8667	818.040640	1078.439067
8668	812.644299	1087.706222
8669	813.407577	1089.636759
8670	821.342955	1092.567730
8671	824.926304	1091.564884
8672	830.558108	1090.063453
8673	836.060113	1089.746217
8674	840.132215	1090.341440
8675	861.015596	1098.015441
8676	866.368831	1099.997676
8677	867.247672	1100.328335
8678	894.396440	1110.375585
8679	1300.777269	1260.193942
8680	1314.382929	1271.473795
8681	1350.751194	1302.607293
8682	1353.238717	1314.174174
8683	1362.764191	1328.741394
8684	1364.130643	1327.863643
8685	1364.809246	1327.333348
8686	1365.840034	1326.013488
8687	1368.045447	1321.340681
8688	1371.514710	1320.007653
8689	1374.345652	1319.087584
8690	1396.977994	1311.766216
8691	1415.159184	1305.377312
8692	1448.198614	1293.519050
8693	1456.989440	1290.436417
8694	1495.568220	1277.007088
8695	1499.618060	1276.565814
8696	1505.169189	1278.311145
8697	1508.413509	1276.711184
8698	1509.668042	1275.098159
8699	1514.608938	1271.798107
8700	1529.010023	1266.959792
8701	1542.986385	1261.514890
8702	1587.730533	1246.523611
8703	1693.827575	1209.876240
8704	1725.550722	1198.723679
8705	1731.825241	1196.515749
8706	1760.740689	1189.887963
8707	1764.184130	1190.103094
8708	1775.580847	1180.292937
8709	1792.407680	1157.493957
8710	1784.176938	1146.187964
8711	1778.723357	1149.276907
8712	2040.867154	1026.927694
8713	2124.633960	1156.225744
8714	2112.031260	1149.310945
8715	2138.441894	1175.061880
8716	2369.896474	1491.214698
8717	2253.586507	1330.937455
8718	2342.395264	1462.652488
8719	1801.323673	1172.351732
8720	1955.610726	1380.000262
8721	2249.696987	1954.045567
8722	2057.027604	2088.688612
8723	2048.931219	2114.574077
8724	2089.174966	2451.960428
8725	742.966858	1121.770433
8726	744.521168	1122.424985
8727	758.631441	1095.965701
8728	776.214121	1105.851079
8729	78.456207	652.531106
8730	2000.767724	1015.417028
8731	2009.355284	1011.313183
8732	2010.969713	1011.278869
8733	2014.365908	1010.779610
8734	2012.652105	1011.171007
8735	1940.055327	906.261855
8736	1878.123779	822.069377
8737	1774.767841	1143.847916
8738	1977.138026	956.733537
8739	2050.403477	1056.143161
8740	2100.124094	1585.244967
8741	2080.878745	1559.170055
8742	1884.042763	1292.996092
8743	2266.037712	1347.101375
8744	2355.096633	1471.972456
8745	2320.631260	1421.955030
8746	1995.344883	1443.293997
8747	2087.550066	1106.142167
8748	1484.872886	2236.167759
8749	1496.858458	2228.213532
8750	1499.264296	2231.944919
8751	1811.216388	1193.400737
8752	1847.943512	1243.241633
8753	1829.403637	1217.950547
8754	2178.006671	1230.422891
8755	1953.103869	2025.263826
8756	1093.314806	2735.764419
8757	2284.072186	1371.826803
8758	2024.244780	2007.437805
8759	2029.600890	2321.434350
8760	2042.605621	2330.203766
8761	1815.365901	741.061603
8762	1815.066366	742.066331
8763	1815.446292	739.811946
8764	1977.249316	1418.747691
8765	2160.198308	1206.291730
8766	2118.411194	1610.020219
8767	2142.034828	1180.049400
8768	1877.931238	875.141675
8769	2216.166648	1281.099361
8770	2003.993352	1323.113373
8771	1984.849275	1297.552127
8772	2249.489349	2375.392754
8773	2261.474001	2421.705416
8774	2373.160266	1496.325705
8775	2435.067001	1563.558879
8776	2417.025705	1537.979369
8777	2448.584661	1554.658432
8778	2430.821588	1527.320347
8779	2423.759169	1532.711583
8780	2442.969321	1506.535408
8781	2418.339773	1524.557009
8782	2441.658731	1558.920850
8783	2414.058496	1518.119830
8784	2438.352704	1500.171897
8785	2448.213795	1513.756371
8786	2437.315646	1522.362706
8787	2456.463633	1549.188869
8788	2424.437911	1569.469547
8789	1799.500774	1244.521987
8790	1807.641683	1244.321017
8791	1797.746704	1239.500959
8792	1802.338603	1237.389885
8793	1773.652948	1439.985282
8794	1774.943213	1447.085000
8795	1774.128873	1455.810258
8796	1848.867670	782.041697
8797	1599.485815	1398.928713
8798	1598.739905	1399.061079
8799	2350.120317	2062.722543
8800	2341.270515	2040.098341
8801	2326.218779	2043.962325
8802	822.796506	1167.598438
8803	829.189099	1171.166944
8804	836.096077	1158.761428
8805	830.305120	1156.317108
8806	895.702486	1155.491161
8807	916.959426	1170.145913
8808	921.947755	1162.057861
8809	900.449998	1149.399456
8810	887.141120	1171.071318
8811	900.505905	1179.055732
8812	907.141695	1167.221825
8813	894.902679	1158.359180
8814	849.892102	1159.892112
8815	861.492931	1165.917414
8816	876.997671	1139.633773
8817	864.776955	1131.630476
8818	833.538865	1186.759700
8819	844.567678	1192.797202
8820	858.682281	1168.539981
8821	848.797471	1162.478016
8822	849.227500	1196.119865
8823	868.875165	1202.538975
8824	876.237738	1184.421887
8825	857.673056	1175.123135
8826	863.551655	1168.153067
8827	878.330100	1174.964662
8828	892.913416	1145.855350
8829	879.862359	1139.289698
8830	902.515941	1179.012793
8831	909.800299	1184.270628
8832	916.713383	1172.147931
8833	908.869097	1167.467799
8834	2331.258371	1409.144640
8835	2323.583415	1399.041282
8836	2318.350198	1402.430318
8837	2326.326602	1413.381413
8838	2313.235769	1384.718429
8839	2322.222499	1395.648070
8840	2314.465603	1402.085740
8841	2304.319069	1390.182388
8842	2297.125394	1375.798109
8843	2303.481558	1377.942685
8844	2307.845256	1380.700852
8845	2307.493194	1384.269101
8846	2303.954824	1386.629350
8847	2299.931237	1386.287728
8848	2295.678548	1381.957581
8849	2292.295559	1378.036036
8850	2339.404521	1380.740637
8851	2348.444647	1380.837101
8852	2348.221283	1397.519776
8853	2339.644531	1398.844440
8854	2353.935877	1396.400094
8855	2362.991053	1397.206182
8856	2362.919660	1380.241361
8857	2353.313681	1380.445310
8858	2353.513167	1383.291908
8859	2244.451802	1407.460802
8860	2248.410156	1413.039574
8861	2245.158816	1415.316101
8862	2241.205925	1409.742761
8863	2239.807768	1410.388111
8864	2243.876660	1415.631750
8865	2240.913982	1417.902148
8866	2236.845089	1412.658509
8867	2156.246599	1401.880531
8868	2182.999548	1439.238270
8869	2173.237386	1445.430272
8870	2146.055259	1408.514291
8871	2235.460353	1412.676834
8872	2239.704263	1418.354918
8873	2237.018895	1420.336560
8874	2206.759841	1466.387704
8875	2254.323655	1481.201020
8876	2227.904135	1500.298323
8877	2257.156890	1540.304100
8878	2283.844562	1520.491222
8879	2362.499435	1333.494410
8880	2362.610254	1358.866685
8881	2378.557332	1360.097754
8882	2378.132870	1333.301185
8883	2289.818003	1349.009000
8884	2291.102258	1368.937589
8885	2308.852048	1367.418091
8886	2308.298546	1347.901062
8887	2151.243318	1484.533874
8888	2147.371863	1479.019841
8889	2151.403702	1476.227510
8890	2155.269692	1481.736114
8891	2139.973394	1484.701300
8892	2143.080247	1482.422254
8893	2147.451859	1488.319450
8894	2144.339544	1490.593065
8895	2138.932931	1485.316879
8896	2135.758002	1487.663931
8897	2139.363375	1492.484770
8898	2142.538185	1490.132175
8899	2200.403217	1515.563954
8900	2223.696792	1498.102604
8901	2256.486056	1542.459256
8902	2284.424291	1524.117333
8903	2302.411101	1547.113255
8904	2256.921169	1583.077272
8905	2237.611813	1558.750650
8906	2221.298977	1535.514019
8907	1573.079538	1213.268440
8908	1583.378985	1209.449401
8909	1588.238082	1224.654162
8910	1578.090402	1228.065074
8911	2088.245679	1368.616425
8912	2059.013450	1391.007488
8913	2075.414553	1352.205588
8914	2046.976163	1373.198746
8915	2123.064958	928.058195
8916	2031.264493	1282.932165
8917	1994.250658	1310.103428
8918	769.916768	1063.448954
8919	2218.449077	2140.619416
8920	2213.923716	2145.086201
8921	2199.480728	2011.081750
8922	2215.653701	2044.609733
8923	2226.925321	2041.280752
8924	2397.975980	1971.832389
8925	2387.651138	1974.924736
8926	2374.623792	1950.991570
8927	2313.232600	2003.350371
8928	2294.184167	2004.858913
8929	2285.901743	1981.008000
8930	2571.677251	1035.011066
8931	2505.364191	993.322228
8932	2502.261608	993.543326
8933	2500.898397	994.326541
8934	2506.825937	993.906871
8935	2503.794597	993.200219
8936	2499.831852	995.480615
8937	2458.515407	1059.674099
8938	2452.152013	1062.487983
8939	2448.636940	1062.423897
8940	2460.828753	1057.040424
8941	2455.544112	1061.545243
8942	2445.282567	1061.363605
8943	2408.174369	1046.354916
8944	2402.905014	1048.807289
8945	2411.114583	1046.547661
8946	2405.329698	1047.136303
8947	2401.174413	1051.179027
8948	2338.916752	1186.223190
8949	2334.157033	1218.975706
8950	2447.351297	1371.072474
8951	2448.766070	1371.713557
8952	2451.813559	1371.421481
8953	2453.083484	1370.529299
8954	2446.237390	1369.992390
8955	2450.314230	1371.835999
8956	2453.970985	1369.256988
8957	2490.669502	1327.707012
8958	2501.377472	984.133294
8959	2455.770616	1055.583657
8960	2449.499079	1057.685661
8961	2458.017761	1053.106684
8962	2452.814704	1057.171612
8963	2446.196880	1057.067970
8964	2401.934868	1036.104530
8965	2494.095112	1329.104111
8966	2447.234401	1378.667916
8967	2325.247695	1213.962357
8968	2324.309286	1208.302797
8969	2326.786632	1216.420005
8970	2324.402799	1211.196017
8971	2324.976740	1205.482164
8972	2440.688219	953.451420
8973	2446.713510	951.587598
8974	2438.452735	955.722930
8975	2443.545886	952.020851
8976	2449.855249	952.203154
8977	2593.673564	1042.304016
8978	2589.978535	1039.049010
8979	2596.053673	1046.601879
8980	2540.835476	1163.408345
8981	2535.349636	1161.955081
8982	2509.838541	1162.923261
8983	2489.855485	1160.779201
8984	2471.669306	1155.607572
8985	2454.749583	1149.127892
8986	2384.237670	1116.991029
8987	2521.223455	1131.605611
8988	2504.436630	1131.390402
8989	2485.290058	1128.091591
8990	2468.049975	1121.385731
8991	2396.045986	1087.239348
8992	2441.326627	1177.138916
8993	2544.757109	1165.748922
8994	2369.622068	1144.744625
8995	2472.059428	1190.885173
8996	2339.034245	1208.888702
8997	2338.456444	1213.665299
8998	2340.254014	1218.984929
8999	2353.247475	1235.503494
9000	2355.951512	1236.161574
9001	2361.259390	1234.773234
9002	2350.905443	1234.011322
9003	2358.721779	1235.908644
9004	2373.774347	1203.303738
9005	2382.371664	1186.310233
9006	2442.165943	1213.921166
9007	2412.736014	1200.330380
9008	2466.056054	1224.778728
9009	2533.378337	1099.267776
9010	2524.070632	1100.180658
9011	2514.317045	1100.243323
9012	2497.493950	1098.320607
9013	2491.444482	1097.023516
9014	2481.191438	1093.963119
9015	2472.042316	1088.738420
9016	2462.296965	1082.383828
9017	2455.868132	1076.818565
9018	2447.666576	1068.867158
9019	2411.924545	1050.945375
9020	2414.094163	1051.620366
9021	2409.584817	1050.823084
9022	2352.476073	1172.962405
9023	2486.609268	1284.049103
9024	2390.990632	1279.944008
9025	2388.573271	1277.421807
9026	2387.992481	1275.759133
9027	2392.630407	1280.602498
9028	2389.598386	1278.853195
9029	2387.901722	1274.002863
9030	2471.066851	1344.484693
9031	2492.794404	1318.715665
9032	2492.979422	1315.589145
9033	2491.615395	1321.624782
9034	2452.959329	1363.671093
9035	2448.457022	1363.955219
9036	2454.901789	1362.465135
9037	2450.729540	1364.189854
9038	2446.377802	1363.001001
9039	2388.397718	1267.891336
9040	2390.817213	1253.380615
9041	2394.255197	1240.240417
9042	2398.716462	1227.688603
9043	2404.240244	1215.557954
9044	2410.780319	1203.938193
9045	2437.990955	1351.603751
9046	2432.164771	1341.167139
9047	2427.370730	1330.226088
9048	2423.648372	1318.879594
9049	2421.037355	1307.232194
9050	2419.561300	1295.388768
9051	2419.227793	1283.454537
9052	2420.050001	1271.545695
9053	2421.980470	1259.946115
9054	2424.710887	1249.499842
9055	2428.274185	1239.490698
9056	2432.673595	1229.818780
9057	2437.889146	1220.551071
9058	2442.972840	1358.797024
9059	2464.438726	1335.318564
9060	2460.057947	1327.469149
9061	2456.455315	1319.242708
9062	2453.659092	1310.710744
9063	2451.692308	1301.950417
9064	2450.583457	1293.044318
9065	2450.334308	1284.075604
9066	2450.951854	1275.121777
9067	2452.407788	1266.360921
9068	2454.455942	1258.541472
9069	2457.130661	1251.013779
9070	2460.441815	1243.738809
9071	2464.363853	1236.772567
9072	2468.865642	1230.160086
9073	2468.989324	1228.931719
9074	2468.576488	1341.292923
9075	2492.139737	1312.562016
9076	2556.997875	1194.957012
9077	2556.986114	1201.463117
9078	664.346722	966.199831
9079	660.873133	954.326734
9080	674.253099	960.247322
9081	660.293367	969.486873
9082	661.634775	973.440648
9083	672.067514	987.355865
9084	674.290924	995.289875
9085	678.166097	998.679194
9086	1410.111310	2081.994910
9087	1408.252940	2083.121678
9088	1424.895555	2086.649134
9089	1423.570795	2087.470549
9090	1424.987621	2089.209654
9091	1426.106989	2088.536831
9092	2000.606458	734.028904
9093	2016.467787	733.941466
9094	2027.453669	733.708049
9095	2044.620180	730.608958
9096	2056.941285	734.568016
9097	2084.933108	741.050602
9098	2105.301658	747.445578
9099	2125.429395	754.339328
9100	2156.783653	760.750666
9101	2206.333833	770.991008
9102	2230.153566	775.199745
9103	2260.000304	781.149727
9104	2276.593462	781.784788
9105	2298.495944	788.397108
9106	2314.451903	792.778451
9107	2328.889775	796.443269
9108	2362.586226	807.142694
9109	2378.734177	820.577247
9110	2393.457449	825.850071
9111	2407.590691	820.957868
9112	2427.666650	813.582433
9113	2441.275142	819.250569
9114	2475.716700	847.444308
9115	2497.247912	867.586823
9116	2511.785660	875.720076
9117	2534.244819	886.663767
9118	2558.062616	902.664677
9119	2566.924023	908.189532
9120	2582.311795	915.556077
9121	2604.064494	928.250851
9122	2219.841614	1792.570241
9123	2269.448637	1864.084893
9124	2280.420066	1860.712485
9125	2291.204887	1892.347279
9126	2280.023289	1896.145675
9127	2293.179796	1891.667478
9128	2175.121055	1646.291745
9129	2409.834010	1553.905905
9130	2411.232476	1573.427144
9131	2354.856341	1591.612760
9132	2363.933464	1994.020049
9133	2406.181710	1554.172024
9134	2411.031620	1568.500692
9135	2409.370782	1571.885956
9136	2410.991264	1561.058329
9137	2406.760249	1574.620275
9138	2358.250238	1590.259473
9139	2411.588987	1564.778341
9140	2232.774984	1414.658477
9141	2275.387137	1573.749742
9142	2277.400923	1573.889993
9143	2274.426201	1574.080754
9144	2276.401835	1573.683815
9145	2278.303864	1574.353346
9146	2302.017950	1607.155598
9147	2301.720627	1606.501895
9148	2302.092059	1607.875053
9149	2189.758670	1638.515186
9150	2189.955105	1636.686248
9151	2190.160455	1640.309225
9152	2190.732620	1635.022444
9153	2174.931661	1647.948597
9154	2175.569795	1649.288354
9155	2183.104600	1646.504759
9156	2182.681569	1648.743401
9157	2182.918751	1647.573617
9158	2165.224093	1656.446800
9159	2178.328659	1644.981175
9160	2176.613754	1650.347711
9161	2177.943346	1651.007204
9162	2193.523379	1644.796887
9163	2196.086144	1643.843904
9164	2301.001381	1609.650877
9165	2192.523965	1643.065467
9166	2301.930497	1608.577329
9167	2301.553115	1609.189900
9168	2197.867209	1643.351247
9169	2194.239018	1643.744502
9170	2191.113689	1641.880780
9171	2135.024163	1488.112148
9172	2131.416247	1490.468405
9173	2134.836606	1495.642598
9174	2138.444521	1493.286343
9175	1089.968917	2733.340013
9176	1084.443833	2730.035932
9177	833.284380	1059.460237
9178	1647.905012	1328.261513
9179	1608.147506	1341.582289
9180	505.221293	2259.187054
9181	506.040557	2259.485658
9182	506.906978	2259.489281
9183	508.339649	2258.715337
9184	508.769653	2258.068261
9185	504.562153	2258.624327
9186	507.729686	2259.199869
9187	508.978240	2257.320544
9188	484.776596	2232.479901
9189	484.917597	2233.569566
9190	485.324440	2234.586976
9191	485.862888	2229.516910
9192	483.348671	2057.003984
9193	483.207427	2058.648812
9194	481.002715	2062.828284
9195	478.371500	2097.523367
9196	1522.262127	1280.331919
9197	2289.496915	1940.315421
9198	2295.698887	1943.522544
9199	2384.873431	1916.414065
9200	2107.383235	1989.479147
9201	1993.779059	2239.105842
9202	2113.083396	1989.707331
9203	2451.143775	2090.987103
9204	2447.882940	2089.281527
9205	2443.253360	2088.342692
9206	746.082199	2462.143021
9207	740.693723	2449.246057
9208	743.805154	2468.437241
9209	790.323209	2433.651598
9210	777.257825	2439.350276
9211	776.850066	2438.288511
9212	788.377137	2430.675905
9213	811.492254	1104.875299
9214	1786.921960	1134.692789
9215	2110.619513	1599.464670
9216	2134.014808	1622.778013
9217	2250.696741	1770.350124
9218	1764.966567	1192.942861
9219	1770.976738	1189.370611
9220	1556.224334	1359.477587
9221	1549.427945	1340.198630
9222	1593.539228	1325.642304
9223	686.984204	1123.194665
9224	639.976403	1086.122456
9225	833.924666	1179.535366
9226	832.325287	1190.035924
9227	671.832222	967.093651
9228	1722.006173	1064.103575
9229	1713.508362	1052.819924
9230	1718.224389	1034.172222
9231	1692.583640	1033.608666
9232	1687.380912	1029.138037
9233	1679.111377	1017.777434
9234	1667.143875	1001.032291
9235	1648.260060	974.694803
9236	1622.444221	940.041002
9237	1567.735273	866.894271
9238	1706.961176	1053.780148
9239	1692.744337	1042.163423
9240	1684.508315	1036.648070
9241	1563.067276	870.964938
9242	1542.785859	843.564618
9243	1516.909313	808.851189
9244	1506.100052	794.527436
9245	1661.385338	1005.375727
9246	1726.867015	1078.143568
9247	1730.290136	1075.391779
9248	1768.984586	1126.921216
9249	1764.741616	1130.100878
9250	1460.948594	722.946675
9251	1082.028476	660.100547
9252	1086.088455	653.352553
9253	554.651176	994.736690
9254	1388.231863	1390.940370
9255	814.722499	2123.396822
9256	870.831352	2137.876771
9257	1066.341625	2399.848210
9258	1734.473448	1959.529501
9259	1630.782558	1793.531152
9260	1643.406820	2017.023420
9261	1436.447888	2146.609937
9262	1573.504617	2344.968473
9263	1590.470803	2346.891778
9264	1769.226396	2005.368315
9265	1762.590824	2003.657150
9266	1670.717674	2060.929586
9267	1439.534659	2143.404757
9268	707.702739	796.368385
9269	632.016026	881.173993
9270	636.252202	876.429830
9271	738.169014	709.567859
9272	1358.522417	745.112770
9273	1539.039096	838.153397
9274	1544.182320	834.799190
9275	1519.233841	801.724386
9276	1279.855986	1340.215972
9277	1212.813958	1424.039858
9278	1308.347597	1265.584546
9279	1426.768194	959.489183
9280	1417.669263	954.652401
9281	1384.663585	835.634703
9282	1381.778037	813.166337
9283	1321.789533	868.578633
9284	1431.719118	863.523751
9285	1380.414530	896.758862
9286	1376.106156	929.746939
9287	1389.525268	996.257381
9288	1379.198144	991.008638
9289	1369.736790	1002.541787
9290	1382.939611	1017.247014
9291	1231.919889	892.869275
9292	1193.989740	850.764770
9293	1164.466548	878.095416
9294	1169.554708	874.420470
9295	1207.151858	917.208672
9296	1202.111628	922.879327
9297	1176.755011	941.934456
9298	1153.685437	918.770647
9299	1138.809053	899.597512
9300	1070.796768	854.130519
9301	1081.760438	861.622896
9302	664.566156	1357.124670
9303	638.742592	1023.671975
9304	605.901006	1087.577802
9305	717.945727	966.318676
9306	818.365292	1094.633669
9307	762.489404	1076.281628
9308	764.599328	1070.651127
9309	760.998994	1080.118437
9310	726.899996	1088.973040
9311	729.056391	1082.515092
9312	756.497679	1094.474905
9313	1369.604808	1305.932532
9314	1366.175393	1296.593242
9315	1468.589658	1262.334728
9316	1491.549444	1262.843810
9317	1422.725352	1277.710962
9318	1425.175134	1285.002299
9319	1427.472773	1290.926894
9320	1428.921136	1294.895042
9321	1383.423639	929.541072
9322	1374.564863	934.971307
9323	1135.117135	1126.878731
9324	1134.896727	1123.317016
9325	1132.689966	1120.657400
9326	1095.554213	1101.487940
9327	1088.973973	1095.638121
9328	1067.327704	1089.544128
9329	894.382712	1042.630168
9330	881.246056	1085.391904
9331	874.249327	1082.335456
9332	868.421891	1079.686664
9333	880.135771	1177.372121
9334	795.505044	820.472459
9335	2536.266565	2412.032722
9336	2548.883857	2410.145202
9337	2423.421726	2446.865326
9338	2421.521301	2434.437467
9339	2437.532781	2444.058496
9340	2002.147136	2428.970517
9341	2019.507926	2425.334070
9342	1945.492251	2441.868756
9343	2026.325819	2425.577179
9344	623.094297	2500.990572
9345	574.048644	2469.188637
9346	583.130766	2487.991240
9347	598.874285	2516.696061
9348	600.656493	2517.761657
9349	602.913714	2517.535808
9350	622.602988	2507.013630
9351	624.769346	2505.791341
9352	623.854973	2502.549517
9353	619.576584	2493.799857
9354	590.437414	2445.885608
9355	582.025684	2436.658742
9356	2402.040106	2438.944710
9357	2413.858592	1851.732321
9358	2378.549944	1585.940393
9359	2373.510147	1577.278604
9360	2351.980011	1594.169712
9361	1935.175798	1682.654160
9362	1716.198746	1467.598525
9363	2238.032506	1787.430364
9364	2233.306029	1786.721043
9365	2042.633147	2216.418343
9366	2035.394563	2200.182716
9367	2023.107247	2185.679639
9368	2016.946629	2183.159563
9369	2207.506693	1924.509360
9370	2195.765156	1892.157261
9371	2194.458782	1891.330888
9372	2193.165213	1891.358389
9373	2179.820172	1896.023758
9374	2118.807269	1953.334272
9375	2106.736197	1921.593772
9376	2105.264937	1920.055429
9377	2103.103972	1919.530109
9378	594.447593	2025.366093
9379	631.805852	2399.883305
9380	633.081143	2396.006641
9381	632.848388	2388.385031
9382	2180.304163	1644.578671
9383	2181.607075	1639.453842
9384	2184.808422	1641.371409
9385	2187.936946	1635.081862
9386	2181.716141	1650.372375
9387	1814.115751	1423.133616
9388	2137.214769	2425.230504
9389	2135.089076	2424.599072
9390	2121.489864	2452.969930
9391	2112.594292	2432.487744
9392	2131.967234	2460.084882
9393	2148.813700	2452.887698
9394	2142.751245	2438.385262
9395	2131.362823	2443.491787
9396	2147.454956	2436.277380
9397	2073.245887	2485.927397
9398	2055.552913	2491.789419
9399	2037.426672	2448.913173
9400	2048.713193	2443.542476
9401	2071.193432	2477.180008
9402	2072.024612	2487.589586
9403	2053.294561	2490.201298
9404	2036.904789	2451.275966
9405	2049.883249	2441.232444
9406	649.827609	2556.183608
9407	1634.563350	1476.741673
9408	1622.869325	1454.999031
9409	2044.160440	2266.824992
9410	2040.460488	2261.324036
9411	2039.295385	2260.350477
9412	2037.566692	2260.032297
9413	2027.262862	2264.599993
9414	2101.846173	2368.927150
9415	2110.299763	2365.369499
9416	2087.541433	2404.351469
9417	2087.099750	2403.950434
9418	2085.215114	2399.570048
9419	2085.412281	2398.783807
9420	2085.940809	2398.240103
9421	2099.087983	2394.360693
9422	2082.487280	2342.250414
9423	2097.284564	2335.496141
9424	2063.527408	2306.435792
9425	2069.528975	2303.496037
9426	2055.621007	2319.876639
9427	2072.069545	2320.103411
9428	2058.408585	2326.228974
9429	2066.026763	2337.187413
9430	2074.888998	2312.123126
9431	2076.865968	2307.272311
9432	2074.695163	2306.281327
9433	2070.302044	2296.602027
9434	2091.945418	2345.188414
9435	2061.788894	2300.127687
9436	2075.529026	2285.658642
9437	2053.933542	2294.609783
9438	2066.772717	2265.445253
9439	2034.616901	2279.979003
9440	2031.585172	2272.206433
9441	2063.741376	2258.443624
9442	1705.143375	1043.003258
9443	2234.738503	1306.440088
9444	2197.699343	1255.900631
9445	1903.147346	856.224667
9446	1593.388189	1695.068341
9447	1382.562834	1591.567263
9448	1313.476115	1555.918143
9449	1231.954917	1490.711046
9450	1525.372608	1483.521965
9451	674.671241	2291.904691
9452	1998.532013	1594.654523
9453	1621.260380	2321.974881
9454	1589.671793	2272.563757
9455	1586.270971	2271.072172
9456	1581.909230	2271.664371
9457	1556.797105	2287.730099
9458	1263.281556	1953.177040
9459	1260.259888	1960.435387
9460	1254.036923	1957.018462
9461	1252.901661	1954.191785
9462	1526.374556	1826.578360
9463	1552.741848	1801.850219
9464	1479.688100	2188.656149
9465	1492.694545	2206.243948
9466	1493.317622	2206.874050
9467	1494.356849	2206.957264
9468	1496.230902	2205.563942
9469	1496.721175	2204.982194
9470	1496.877108	2204.019324
9471	1484.947436	2187.772989
9472	1483.968472	2187.255863
9473	1482.640599	2187.178807
9474	1468.108036	2196.318864
9475	1609.448779	2090.034487
9476	1508.178111	2214.360966
9477	1507.729936	2206.888307
9478	1506.552183	2202.065795
9479	1494.231090	2182.510998
9480	1493.398267	2180.321259
9481	1494.272051	2177.662488
9482	1520.940612	2160.343236
9483	1496.999649	2120.514243
9484	1496.496792	2117.246992
9485	1498.363323	2113.995759
9486	1588.890669	2057.609882
9487	1592.566240	2055.179813
9488	1595.067902	2054.627296
9489	1596.798995	2055.305886
9490	1615.600792	2086.120638
9491	733.644578	1940.735104
9492	687.704957	1935.694555
9493	682.886313	1935.187553
9494	679.427059	1935.727502
9495	1041.736213	2027.024423
9496	1320.533326	1983.392653
9497	1325.398267	1977.054539
9498	1371.472014	1941.572029
9499	1477.964912	2041.189397
9500	1424.747514	2085.726027
9501	1410.397585	2088.644608
9502	1412.253839	2089.925069
9503	1479.029269	2043.202258
9504	1412.313266	2084.188715
9505	1410.765258	2085.575092
9506	1409.939558	2087.228929
9507	1416.395664	2090.801787
9508	1414.322367	2091.128896
9509	1417.189201	2080.873253
9510	1430.132321	2082.449633
9511	2360.705905	2023.079525
9512	2349.754133	1995.153268
9513	2362.554058	1991.265076
9514	2374.609624	2019.295455
9515	2365.448752	1992.850849
9516	2362.355537	2023.199775
9517	2359.707584	2022.152307
9518	2272.042300	2116.695431
9519	1893.348860	1902.445426
9520	2050.295631	2226.188916
9521	2037.198595	2330.424233
9522	2034.829662	2326.908305
9523	2046.703944	2344.121252
9524	2039.962246	2338.917994
9525	2048.819019	2345.257623
9526	2038.996294	2342.527089
9527	2159.010603	1404.606084
9528	2158.466812	1404.434609
9529	2157.751329	1404.488638
9530	2151.263690	1408.741933
9531	2150.882844	1409.443326
9532	2179.283853	1448.352300
9533	2151.002715	1410.050882
9534	2160.297674	1422.892929
9535	1992.117700	1571.673482
9536	1994.419529	1565.240593
9537	1994.320401	1564.100139
9538	1993.473725	1563.014410
9539	1981.462693	1556.497711
9540	1980.139362	1556.636788
9541	1979.074700	1557.119788
9542	1976.161954	1563.493573
9543	1976.086059	1564.953896
9544	1977.073292	1565.859149
9545	2001.468061	1575.296083
9546	2459.007785	1557.687347
9547	2462.276399	1556.225831
9548	2465.074309	1552.744342
9549	2465.137444	1550.679758
9550	2463.882317	1548.992575
9551	2461.286100	1548.371026
9552	2438.181365	2090.996208
9553	2351.945231	2067.065404
9554	2359.468434	2086.401060
9555	2255.016066	2071.443863
9556	1649.416001	2450.906952
9557	1647.258696	2452.306294
9558	495.542323	835.576476
9559	491.846090	844.557862
9560	498.712038	829.734647
9561	502.725639	826.087866
9562	55.459249	616.443574
9563	1615.963635	863.992767
9564	1653.575570	917.880213
9565	1795.129051	1240.643766
9566	1795.844940	1240.356756
9567	1795.305069	1240.872971
9568	1798.300966	1231.618763
9569	1737.762857	1093.042388
9570	2031.879141	1031.062210
9571	1921.733507	881.420704
9572	1756.161890	1118.231037
9573	1495.675516	2234.428656
9574	1487.289559	2239.654867
9575	2130.434541	920.491669
9576	2163.889358	881.283613
9577	2433.845466	1495.686280
9578	2429.338538	1488.444117
9579	797.997700	1679.506411
9580	782.710500	1857.423921
9581	2504.542486	2389.483976
9582	2474.306717	2395.717034
9583	2459.769178	2405.887340
9584	2446.029383	2409.307430
9585	809.318250	1068.963317
9586	2142.816154	2321.044046
9587	2135.716905	2322.659334
9588	2136.618922	2326.600280
9589	2143.723514	2324.984878
9590	2141.806863	2314.071497
9591	2134.414925	2315.754022
9592	2135.794009	2321.759175
9593	2143.191289	2320.076537
9594	2136.549901	2314.810082
9595	2140.051658	2314.014550
9596	2139.102989	2309.891565
9597	2135.601231	2310.687097
9598	2133.100459	2316.053762
9599	2135.702782	2315.460395
9600	2134.636004	2310.813014
9601	2132.033679	2311.406381
9602	2132.572663	2310.097054
9603	2138.719272	2308.696157
9604	2137.776537	2304.600778
9605	2131.629808	2305.996131
9606	2130.909620	2304.569386
9607	2133.597115	2303.957569
9608	2132.536860	2299.365513
9609	2129.854709	2299.977217
9610	2120.246022	2291.723371
9611	2126.919570	2290.205877
9612	2127.909434	2294.505471
9613	2121.236007	2296.028508
9614	2106.280040	2315.936653
9615	2116.630893	2313.581046
9616	2115.511400	2308.718476
9617	2105.160423	2311.068539
9618	2087.499107	2225.447177
9619	2097.267399	2224.107870
9620	2097.849390	2228.338494
9621	2088.086447	2229.677688
9622	2088.944320	2231.040492
9623	2097.387123	2229.734933
9624	2098.012503	2233.742777
9625	2089.569821	2235.053880
9626	2091.272496	2235.405900
9627	2099.009342	2234.348312
9628	2099.635237	2238.883054
9629	2091.898394	2239.940643
9630	2092.395855	2240.701010
9631	2100.510199	2239.541100
9632	2101.168046	2244.069616
9633	2093.053706	2245.229526
9634	2092.590858	2247.352558
9635	2100.024349	2245.358532
9636	2101.034499	2249.103054
9637	2093.601011	2251.097080
9638	2102.587786	2249.974071
9639	2094.158094	2251.895003
9640	2095.182873	2256.326969
9641	2103.607334	2254.411695
9642	2094.284273	2262.097721
9643	2100.280231	2261.154820
9644	2099.502939	2256.290514
9645	2093.512324	2257.233301
9646	2095.649455	2262.673232
9647	2104.760059	2261.087235
9648	2105.550708	2265.574100
9649	2096.440109	2267.160097
9650	2096.107190	2268.603702
9651	2105.130652	2266.692320
9652	2106.080712	2271.131422
9653	2097.057255	2273.042804
9654	2097.864932	2274.057252
9655	2107.624250	2272.047017
9656	2108.494169	2276.238236
9657	2098.734856	2278.248470
9658	2098.804276	2279.500482
9659	2108.556629	2277.163158
9660	2109.594489	2281.456184
9661	2099.842140	2283.793509
9662	2100.646786	2284.414226
9663	2108.927259	2282.518653
9664	2109.780981	2286.199946
9665	2101.500512	2288.095519
9666	2106.291526	2288.076775
9667	2107.390077	2293.211565
9668	2109.998696	2292.662430
9669	2108.900145	2287.527640
9670	2101.630033	2294.182725
9671	2106.391245	2293.266096
9672	2105.556970	2288.990923
9673	2100.795875	2289.913096
9674	2103.638912	2295.354645
9675	2111.261924	2293.473061
9676	2112.150584	2297.037136
9677	2104.527575	2298.918720
9678	2043.175364	2293.657358
9679	2044.967779	2297.723562
9680	2047.696574	2296.539562
9681	2045.904161	2292.473358
9682	2047.413915	2302.103092
9683	2053.183918	2299.589783
9684	2051.464652	2295.693961
9685	2045.694647	2298.207270
9686	2057.372852	2310.227410
9687	2063.089753	2307.731875
9688	2061.308510	2303.687619
9689	2055.586260	2306.183267
9690	739.702696	2457.908877
9691	666.719064	2496.428697
9692	596.851997	2532.630454
9693	588.588440	2535.309023
9694	577.517467	2536.993893
9695	1034.713741	2602.086391
9696	1013.832178	2523.350207
9697	1008.270269	2508.077432
9698	999.076697	2490.525031
9699	977.978835	2462.699835
9700	965.151335	2450.266990
9701	950.141722	2439.322935
9702	930.752224	2428.123144
9703	919.533635	2423.160432
9704	898.604362	2416.979996
9705	876.222502	2413.393192
9706	856.202403	2412.967369
9707	848.823729	2413.269464
9708	830.307794	2416.161642
9709	790.225453	2439.078259
9710	783.910640	2426.373056
9711	765.091571	2436.088613
9712	770.002693	2445.673390
9713	792.241783	2433.843491
9714	802.426010	2426.952969
9715	812.559147	2421.172871
9716	800.565115	2423.709214
9717	789.448372	2428.256848
9718	768.002377	2440.413662
9719	757.703294	2448.432644
9720	1704.141848	2585.806141
9721	509.141905	2101.706377
9722	489.697391	2060.035102
9723	493.711822	2059.949104
9724	519.145478	2055.410721
9725	519.323412	2056.976604
9726	517.620596	2098.069204
9727	516.654611	2099.659591
9728	514.785970	2099.555407
9729	2048.775634	2229.144226
9730	2051.115467	2227.774385
9731	662.290215	1334.232624
9732	664.862745	1348.987015
9733	662.309791	1347.150230
9734	664.832036	1335.298671
9735	2043.542651	2338.802962
9736	2041.740000	2338.275595
9737	2040.950698	2331.592317
9738	2038.806441	2331.848720
9739	1944.830275	1373.518384
9740	987.480942	2473.922547
9741	552.914995	2452.984922
9742	1876.281152	1919.137488
9743	2213.368818	2188.903444
9744	1619.865711	1210.275240
9745	1598.995296	1255.385432
9746	1652.243563	1198.725794
9747	1636.061346	1205.820418
9748	1642.873178	1203.478966
9749	1642.286443	1201.794243
9750	1635.474609	1204.135695
9751	1655.578293	1199.109599
9752	1670.247882	1194.066126
9753	1669.661152	1192.381402
9754	1654.996906	1197.424761
9755	1633.268483	1201.498185
9756	1666.228548	1190.163799
9757	1665.641817	1188.479075
9758	1632.681746	1199.813462
9759	1639.427217	1191.843762
9760	1648.309616	1188.787104
9761	1647.723000	1187.107924
9762	1638.840599	1190.164582
9763	1632.095127	1198.134282
9764	1665.166638	1186.758697
9765	1664.579907	1185.073973
9766	1631.513736	1196.449445
9767	1610.746281	1209.232591
9768	1610.159658	1207.553412
9769	1609.578263	1205.868575
9770	1608.991523	1204.183852
9771	1593.363705	1215.210282
9772	1592.782425	1213.530990
9773	1592.195682	1211.846267
9774	1591.609056	1210.167088
9775	1608.404900	1202.504673
9776	1611.333021	1210.917314
9777	1593.950448	1216.895005
9778	1591.022312	1208.482366
9779	1578.436321	1216.937031
9780	1579.062989	1219.491699
9781	1579.987420	1222.467103
9782	1687.508052	1435.019476
9783	1688.465860	1439.563815
9784	1689.684940	1442.815811
9785	1690.612288	1445.929813
9786	1699.318276	1443.891902
9787	1700.544167	1447.715039
9788	1712.405792	1438.909824
9789	1713.781355	1442.729774
9790	1759.924498	1406.821353
9791	1761.432893	1410.350062
9792	1747.332059	1415.214977
9793	1814.382162	1343.930311
9794	1816.221678	1349.448698
9795	1818.082547	1355.970535
9796	1820.069460	1361.629992
9797	1964.305390	1533.567700
9798	2001.219355	1533.681051
9799	2001.227729	1531.811730
9800	1964.313758	1531.698377
9801	1965.936023	1537.315673
9802	2002.454169	1537.426353
9803	2002.457197	1535.557146
9804	1965.938927	1535.440921
9805	1958.851508	1526.074023
9806	1995.824305	1526.186111
9807	1995.827333	1524.316904
9808	1958.854529	1524.204814
9809	1961.626560	1529.819838
9810	1998.765171	1529.933952
9811	1998.773544	1528.064631
9812	1961.629581	1527.950629
9813	1964.955226	1548.529218
9814	2001.607091	1548.642587
9815	2001.615464	1546.773266
9816	1964.963593	1546.659896
9817	1981.336359	1552.318397
9818	1999.419002	1552.377493
9819	1999.422029	1550.508286
9820	1981.344729	1550.449075
9821	1968.748489	1541.060693
9822	2005.678461	1541.173713
9823	2005.686835	1539.304392
9824	1968.756856	1539.191371
9825	1971.994294	1544.813134
9826	2008.346580	1544.921809
9827	2008.354954	1543.052488
9828	1971.997317	1542.943926
9829	1875.376176	1553.263825
9830	1875.384490	1551.644089
9831	1875.387459	1550.024467
9832	1875.390428	1548.404844
9833	1875.398625	1546.779564
9834	1875.401594	1545.159942
9835	1875.409909	1543.540206
9836	1875.412879	1541.920584
9837	1875.421194	1540.300848
9838	1875.424163	1538.681226
9839	1875.432360	1537.055946
9840	1875.435330	1535.436324
9841	1875.443645	1533.816588
9842	1875.446615	1532.196966
9843	1875.454931	1530.577230
9844	1875.457783	1528.952064
9845	1875.466098	1527.332328
9846	1875.469068	1525.712706
9847	1844.890805	1553.169396
9848	1844.893769	1551.549773
9849	1844.902079	1549.930036
9850	1844.905044	1548.310413
9851	1844.913354	1546.690676
9852	1844.916201	1545.065508
9853	1844.924511	1543.445771
9854	1844.927476	1541.826148
9855	1844.935786	1540.206411
9856	1844.938751	1538.586787
9857	1844.947062	1536.967050
9858	1844.949909	1535.341883
9859	1844.952874	1533.722260
9860	1844.961185	1532.102523
9861	1844.964150	1530.482899
9862	1844.972461	1528.863162
9863	1844.975308	1527.237995
9864	1844.983619	1525.618258
9865	1875.477384	1524.092970
9866	1875.373207	1554.883447
9867	1844.882495	1554.789134
9868	1844.986585	1523.998635
9869	2571.897167	1038.572696
9870	2578.864783	1042.562527
9871	2584.399761	1042.295422
9872	2586.222365	1043.504704
9873	2587.862923	1044.956338
9874	2590.472834	1048.489480
9875	2591.387320	1050.505596
9876	2592.010026	1052.633277
9877	2582.427538	1041.344444
9878	2589.277964	1046.617968
9879	2592.323856	1054.822971
9880	2595.243315	1158.211264
9881	2594.070124	1160.892834
9882	2592.545587	1163.398826
9883	2590.695140	1165.667689
9884	2586.110503	1169.386662
9885	2583.460080	1170.751799
9886	2580.641294	1171.743357
9887	2577.717823	1172.337800
9888	2596.033910	1155.393603
9889	2588.550269	1167.671026
9890	2574.737541	1172.523019
9891	2560.779857	1170.539473
9892	2559.145554	1174.173705
9893	2556.552197	1180.751199
9894	2557.416513	1214.948231
9895	2555.179202	1237.807775
9896	2568.493689	1243.509887
9897	2576.386862	1243.486692
9898	2576.670933	1250.324847
9899	2528.950492	1286.118123
9900	2442.204107	1064.989675
9901	2406.706257	1051.771580
9902	2405.228342	1052.945490
9903	2392.873692	1081.150208
9904	2393.079578	1082.787562
9905	2394.654596	1085.937748
9906	2393.025968	1079.505255
9907	2393.631287	1084.339927
9908	2382.721529	1116.363189
9909	2381.105181	1116.053618
9910	2377.633370	1116.515545
9911	2379.453126	1116.077586
9912	2375.966772	1117.366231
9913	2366.741122	1138.272156
9914	2366.828887	1140.139417
9915	2368.327608	1143.474250
9916	2367.119373	1136.439374
9917	2367.380197	1141.924738
9918	2354.701401	1172.987271
9919	2360.851476	1175.496796
9920	2349.921417	1174.303389
9921	2347.327395	1177.065080
9922	2342.372255	1187.009522
9923	2539.874411	1129.945472
9924	2537.555458	1130.549287
9925	626.864174	2509.967444
9926	1470.941230	2099.255727
9927	1463.285074	2086.806314
9928	1457.067083	2077.598657
9929	1478.194366	2096.322213
9930	1470.016292	2082.469573
9931	1463.558429	2072.545985
9932	1484.119053	2091.780824
9933	1476.406692	2078.450711
9934	1470.211465	2068.554796
9935	1490.930853	2088.213341
9936	1482.754806	2074.454942
9937	1477.234018	2064.838603
9938	1497.596063	2084.793199
9939	1488.744291	2070.694234
9940	1483.182283	2061.150876
9941	1503.541126	2080.955795
9942	1495.456511	2066.468849
9943	1490.046069	2057.011000
9944	1509.536054	2076.196615
9945	1501.715068	2062.536016
9946	1495.781947	2053.394370
9947	1516.699124	2072.549557
9948	1508.126515	2058.500091
9949	1502.064688	2048.839817
9950	1522.927619	2068.711669
9951	1514.606746	2054.429425
9952	1543.973448	2056.537589
9953	1536.767014	2044.860604
9954	1541.136466	2058.167741
9955	1536.951103	2050.985547
9956	1534.111653	2046.481338
9957	1539.517839	2049.472087
9958	1533.956243	2052.735544
9959	1531.016611	2054.567561
9960	1528.110731	2056.226918
9961	1525.682976	2057.737418
9962	1538.077988	2059.442096
9963	1529.310398	2045.025161
9964	1535.185967	2061.500503
9965	1526.409245	2046.906277
9966	1532.357263	2063.518735
9967	1523.703150	2048.655665
9968	1529.767047	2064.683270
9969	1521.271467	2050.232807
9970	1538.098560	2039.341188
9971	1545.775577	2050.264911
9972	1547.385785	2051.794684
9973	1549.669827	2051.318901
9974	1562.647529	2044.486238
9975	1541.256149	2297.473968
9976	1182.101807	1627.088116
9977	1567.039458	2364.779755
9978	1537.914720	2384.503122
9979	1496.018399	2410.916394
9980	1448.507748	2442.863093
9981	675.825167	1996.068431
9982	677.525847	1996.320454
9983	685.811258	1998.139898
9984	687.928729	1999.875038
9985	688.477003	2002.004292
9986	688.285733	2013.057216
9987	675.891313	1991.663012
9988	679.089191	1992.154774
9989	740.844977	1995.819573
9990	930.339063	1915.639913
9991	1179.576750	1731.261499
9992	1212.094146	1776.187490
9993	1328.794254	1763.541141
9994	1330.347248	1765.393819
9995	1332.121728	1767.851888
9996	1336.222780	1771.824432
9997	1367.665335	1789.972905
9998	1420.507664	1897.013553
9999	1423.633646	1892.132508
10000	1418.735659	1900.185126
10001	1415.844857	1905.310748
10002	1390.238241	1933.833599
10003	1303.931804	2227.300209
10004	1286.159881	2198.427301
10005	702.095747	2088.600321
10006	745.897397	2070.984297
10007	723.598230	2081.295615
10008	694.434148	2092.685756
10009	670.767801	2103.830730
10010	683.368948	2480.319756
10011	687.130876	2461.707979
10012	690.973989	2460.122553
10013	732.326072	2442.070407
10014	664.375709	2484.143221
10015	667.319099	2488.739337
10016	661.038912	2479.156174
10017	644.268255	2459.414434
10018	1524.810268	2271.312543
10019	1519.579092	2261.229678
10020	1519.618187	2259.803395
10021	1523.435031	2257.231603
10022	1524.509421	2257.208686
10023	1526.661558	2260.579418
10024	1582.068584	2343.077504
10025	1581.960800	2344.793667
10026	1578.347149	2346.861926
10027	1575.531878	2345.995707
10028	1542.042415	2296.980199
10029	1547.941961	2293.271331
10030	1225.021244	1842.125962
10031	1414.288965	1908.083911
10032	636.486080	2477.829477
10033	656.924323	2474.307812
10034	639.205253	2477.699129
10035	633.813476	2476.888331
10036	628.653253	2467.164711
10037	610.140680	2446.495202
10038	609.351967	2444.875845
10039	609.555097	2442.625113
10040	611.667869	2447.638372
10041	641.350607	2457.269372
10042	1728.785172	2012.575009
10043	1720.893165	2019.160413
10044	1719.799350	2021.535418
10045	1719.875482	2023.602626
10046	1720.635697	2025.649713
10047	1721.752305	2027.356417
10048	1985.567724	2172.401802
10049	2082.153610	2307.975113
10050	1989.176863	2333.404355
10051	1984.079211	2333.085806
10052	2012.220752	2310.855657
10053	2013.102804	2310.088114
10054	2056.224377	2409.028058
10055	2012.199268	2311.604882
10056	2014.628515	2309.412252
10057	2023.064070	2306.010222
10058	1764.502738	2268.343287
10059	1767.587921	2271.838373
10060	1772.905585	2272.440557
10061	1815.778908	2251.426762
10062	1818.420600	2247.659909
10063	1818.843845	2240.667910
10064	1815.788597	2222.762493
10065	1762.395723	2263.823449
10066	1763.432594	2258.526672
10067	1841.534887	2201.553541
10068	1845.100271	2200.479239
10069	1848.266109	2200.983093
10070	1851.311833	2202.626528
10071	1856.877035	2208.071082
10072	1860.217418	2209.991111
10073	1864.815091	2210.181605
10074	1889.335928	2203.242162
10075	1896.139418	2199.536467
10076	1897.369208	2196.515201
10077	1896.417609	2192.259159
10078	1893.482805	2189.043708
10079	1876.526442	2172.266292
10080	1767.506408	2348.819417
10081	1788.618586	2345.052751
10082	1788.362253	2343.061489
10083	1788.117473	2346.882667
10084	1787.148291	2348.328758
10085	1772.637854	2353.984749
10086	1771.128987	2353.944798
10087	1769.536929	2353.263232
10088	1765.309829	2343.358592
10089	1794.027998	2289.728068
10090	1811.096524	2321.306438
10091	1812.463432	2324.472072
10092	1874.648926	2294.022983
10093	1853.346587	2271.292571
10094	1864.847295	2292.540085
10095	1865.538294	2293.096651
10096	1866.655402	2293.322447
10097	1871.456100	2293.003884
10098	1873.542926	2293.314409
10099	1875.588336	2295.195460
10100	1877.347869	2298.718801
10101	1882.718301	2249.573862
10102	1884.375827	2256.593636
10103	1884.799420	2262.924199
10104	1883.924689	2282.616061
10105	1884.621929	2288.236398
10106	1887.220353	2294.992089
10107	1699.038844	1892.251529
10108	1716.087472	1921.611798
10109	1717.741730	1913.412165
10110	1717.174169	1915.387703
10111	2040.735791	1588.526654
10112	2069.428420	1573.235166
10113	2066.585974	1569.335469
10114	2070.086733	1574.768616
10115	2069.920464	1576.003454
10116	2068.318686	1578.389191
10117	2025.847823	1625.016996
10118	2019.912136	1629.314146
10119	2018.234324	1629.632699
10120	2016.754530	1629.203820
10121	2015.443511	1628.161246
10122	2011.941512	1623.676578
10123	2011.697388	1622.256341
10124	2011.918321	1620.826212
10125	2012.636266	1619.379966
10126	2045.230111	1595.414012
10127	2061.680632	2301.322471
10128	2061.506946	2300.699422
10129	2062.189918	2301.633325
10130	2084.858093	2308.161605
10131	2135.434769	2368.966766
10132	2139.892667	2384.207741
10133	2140.510152	2385.331618
10134	2141.692130	2386.094060
10135	2142.770974	2386.281870
10136	2144.466111	2386.029494
10137	2123.270298	2371.532896
10138	2137.159620	2368.602829
10139	2138.411906	2368.648289
10140	2139.518620	2369.140558
10141	2140.399120	2370.813480
10142	2145.459384	2389.735548
10143	2148.035818	2397.728571
10144	2017.281402	1556.162949
10145	2015.228095	1555.674162
10146	2012.364431	1555.807169
10147	2166.008004	1414.274505
10148	2157.911884	1419.593607
10149	2400.482972	1503.893208
10150	2404.147953	1501.452649
10151	2399.734181	1503.637334
10152	2401.242974	1503.921444
10153	2404.078667	1502.219518
10154	2399.037716	1503.075298
10155	2377.065958	1474.745060
10156	2376.503343	1473.686557
10157	2376.335591	1472.586392
10158	2376.990272	1471.180353
10159	2378.966944	1469.823896
10160	2380.830175	1469.673410
10161	2382.169517	1470.288352
10162	2403.903385	1500.764545
10163	2405.780280	1504.784636
10164	1877.508181	2173.166095
10165	1994.972715	1572.893978
10166	2599.199777	1660.181666
10167	1948.399954	2014.809092
10168	2217.791134	2142.874150
10169	2218.180650	2138.306730
10170	2214.117601	2136.096916
10171	2212.540516	2139.136597
10172	2340.249708	2039.371271
10173	2338.743927	2039.225784
10174	2359.888643	2089.315072
10175	2358.211308	2091.413965
10176	2354.945122	2092.980890
10177	2344.968348	2096.592822
10178	2386.501224	2248.002653
10179	2476.811291	2343.705486
10180	2467.268785	2340.059033
10181	2458.499987	2339.102775
10182	2429.519180	2338.720179
10183	2400.166073	2341.201955
10184	2466.343935	2205.396319
10185	2430.201768	2202.215079
10186	2428.887913	2201.033883
10187	2428.797887	2200.320314
10188	2429.029442	2187.558748
10189	2428.187011	2188.430786
10190	2427.868224	2190.290045
10191	2428.268749	2192.278229
10192	2429.594074	2193.747592
10193	2466.875072	2197.925178
10194	2430.670494	2187.024712
10195	2465.820894	2190.842679
10196	2466.730137	2191.605403
10197	2467.223897	2192.948227
10198	2404.566972	2183.907598
10199	2384.567061	2187.682560
10200	2398.915768	2187.738192
10201	2400.194056	2187.245137
10202	2402.722760	2184.695542
10203	2412.148937	2182.859090
10204	2484.057317	2166.983133
10205	2480.613458	2185.109683
10206	2481.640572	2184.372387
10207	2482.185302	2183.079607
10208	2485.670943	2153.071868
10209	2484.922901	2151.590238
10210	2483.398845	2150.835024
10211	2450.194650	2143.986136
10212	2447.393120	2143.762780
10213	2445.755123	2144.440953
10214	2444.639991	2145.817953
10215	2440.982953	2162.717766
10216	2435.033470	2182.212065
10217	2412.166120	2338.950255
10218	2419.040976	2261.593138
10219	2418.589882	2260.748581
10220	2417.877539	2260.192440
10221	2406.392814	2256.248955
10222	2405.286640	2254.774939
10223	2405.245764	2252.851217
10224	2412.813002	2224.182081
10225	2420.683771	2189.660641
10226	2423.200225	2183.262132
10227	2428.115093	2181.521539
10228	2432.200321	2181.506854
10229	2440.635269	2183.607221
10230	2446.030627	2184.346747
10231	2478.613503	2185.362923
10232	2416.668177	2213.340213
10233	2465.569978	2216.289178
10234	2488.109826	2230.386250
10235	2037.170131	2241.399213
10236	2052.796298	2234.638361
10237	2053.491796	2234.401704
10238	2432.104946	2214.271275
10239	2434.155670	2202.563697
10240	1850.935922	1949.428229
10241	1025.856140	751.480201
10242	984.696490	864.088276
10243	1097.905198	1009.908855
10244	1092.654131	1032.761706
10245	1087.550814	1052.261305
10246	1086.846367	1063.108724
10247	1088.204229	1079.619514
10248	1085.631857	1090.151822
10249	988.948333	1134.131061
10250	998.501067	1137.920600
10251	1023.509625	1146.937788
10252	1040.617872	1155.413727
10253	1066.655608	1165.546064
10254	1095.917338	1172.126414
10255	1112.613723	1176.345948
10256	761.148913	1399.115825
10257	747.476846	1397.267173
10258	717.172010	1395.424780
10259	680.235121	1395.571332
10260	669.126160	1395.786754
10261	908.910318	1063.984735
10262	907.037629	1065.200604
10263	902.310181	1067.226236
10264	894.093336	1070.396891
10265	911.349350	1063.993652
10266	909.969808	1061.504979
10267	908.717553	1058.214883
10268	905.553764	1056.074927
10269	901.270209	1055.345529
10270	898.567364	1056.507027
10271	894.730207	1061.652999
10272	890.442072	1070.724480
10273	885.874126	1073.456674
10274	861.735204	1168.996129
10275	878.451801	1189.172364
10276	878.010921	1182.054446
10277	935.335984	1179.404402
10278	931.254237	1176.352234
10279	928.897976	1170.201511
10280	926.379139	1163.200089
10281	921.401649	1158.525274
10282	1138.629980	1200.766750
10283	1514.910342	758.431936
10284	1512.585284	760.511458
10285	1510.906183	764.041494
10286	1511.421108	768.129373
10287	1514.595617	775.549511
10288	1519.942543	784.271180
10289	1525.408508	793.811193
10290	1048.991874	1083.945253
10291	1039.243918	1077.525222
10292	1033.898845	1069.158661
10293	1022.573486	1049.227651
10294	1009.671568	1022.840841
10295	1006.913200	1021.402161
10296	1001.477084	1022.050685
10297	999.498270	1023.557220
10298	997.246861	1032.085958
10299	991.132445	1061.585477
10300	986.808262	1090.763911
10301	981.657426	1115.040216
10302	984.217045	1127.459752
10303	1555.569464	1372.919558
10304	1546.372735	1373.514855
10305	1294.395109	1250.080107
10306	1303.534967	1248.315518
10307	1314.014135	1248.663328
10308	1334.315348	1245.379508
10309	1360.294392	1235.984448
10310	1369.922366	1233.283249
10311	1375.383025	1237.304517
10312	1378.981845	1246.562549
10313	662.826437	1337.798710
10314	40.340610	592.578500
10315	1689.384977	2556.314050
10316	2390.845770	2433.309018
10317	1722.961441	1146.425843
10318	1727.172007	1148.760021
10319	1711.736081	1143.181609
10320	1699.589462	1112.990138
10321	1722.331860	1143.732576
10322	1733.850841	1135.644722
10323	1734.298710	1133.067184
10324	1733.544502	1131.302826
10325	1730.041179	1128.526515
10326	1821.249795	1372.864146
10327	1836.563516	1366.686768
10328	1842.341291	1363.507733
10329	1847.077297	1360.129012
10330	1849.052113	1355.167302
10331	1850.014402	1349.872165
10332	1848.257070	1341.429057
10333	1844.670439	1334.733175
10334	1841.504131	1330.951322
10335	1834.920810	1314.119307
10336	1610.565812	792.325367
10337	1609.186877	795.133497
10338	1602.400703	799.698488
10339	1600.736902	802.440580
10340	1601.237395	805.852093
10341	1618.364568	830.052778
10342	2451.491953	1377.435009
10343	2074.542575	1379.113099
10344	2069.021442	1368.453800
10345	2081.643303	1360.176481
10346	2142.765011	2499.095977
10347	2110.218877	2432.183322
10348	2108.614712	2430.930691
10349	2105.501178	2419.310653
10350	2123.003059	2428.838567
10351	2119.320307	2415.095271
10352	2127.847557	2451.692081
10353	2145.213251	2444.267535
10354	2283.044942	1338.315221
10355	2271.449855	1329.221375
10356	2261.797697	1315.671353
10357	2259.285308	1315.475126
10358	2255.930409	1316.150937
10359	2245.971360	1321.137901
10360	2063.525302	1360.983154
10361	1775.000216	1290.468779
10362	1771.736855	1294.692524
10363	1760.661221	1304.002252
10364	669.537491	2545.877384
10365	2296.106495	2007.241829
10366	2299.748295	2007.746802
10367	2321.016561	1794.596729
10368	2325.039098	1794.644384
10369	2297.208783	1836.400908
10370	2300.454377	1836.881037
10371	2302.987989	1809.389258
10372	2300.866826	1809.478698
10373	2235.869194	1823.028698
10374	2234.144199	1821.628845
10375	2216.257301	1842.325460
10376	2214.411859	1842.303677
10377	2213.400924	1874.244659
10378	2212.419041	1873.588870
10379	2019.505687	1948.829779
10380	2016.780164	1948.915502
10381	1933.153489	1975.360157
10382	1930.593083	1975.414657
10383	1940.962649	1933.218545
10384	1951.116291	1963.790673
10385	1953.448385	1963.813141
10386	1956.596653	1929.818629
10387	1959.101522	1931.928427
10388	1976.202696	1914.292919
10389	1974.797244	1912.581250
10390	2039.338682	1932.156808
10391	2037.628367	1930.945250
10392	2041.361323	1900.288435
10393	2042.873077	1901.215805
10394	2044.315306	1903.148555
10395	2124.821821	1903.970910
10396	2127.521132	1904.412684
10397	2128.048079	1870.346550
10398	2124.520150	1870.421572
10399	2147.552932	1855.832845
10400	2146.323392	1854.344821
10401	2384.390646	1974.999547
10402	2382.324042	1973.124404
10403	2272.353982	2052.112209
10404	2270.694823	2050.034302
10405	2276.405731	2021.082794
10406	2274.030393	2021.288580
10407	2212.963542	2137.402672
10408	2188.611176	2091.918677
10409	2191.515992	2091.967835
10410	2190.411360	2059.384045
10411	2188.086846	2059.716339
10412	2211.720270	2044.221918
10413	2209.683746	2042.002288
10414	2318.658349	2142.904054
10415	2296.915109	2118.756889
10416	2296.547996	2120.606092
10417	2296.845134	2123.012454
10418	1239.482047	1332.158466
10419	1278.008677	1251.855055
10420	1267.753582	1248.723697
10421	1307.093100	1261.179640
10422	1309.363506	1257.548176
10423	1307.778766	1258.974146
10424	2039.319114	1025.052630
10425	2020.120096	1032.648821
10426	2034.754458	1058.899529
10427	2046.157826	1050.393026
10428	2248.561128	1333.789655
10429	2097.097442	2005.216785
10430	2102.068993	2008.400057
10431	2107.611046	2019.297344
10432	2112.576828	2033.523642
10433	2121.092580	2030.863268
10434	2116.064592	2016.477447
10435	1898.188373	1508.423574
10436	1899.334040	1511.998831
10437	1904.727234	1527.696953
10438	1903.146407	1522.772080
10439	1910.377968	1508.497003
10440	1890.910733	1510.730443
10441	1897.125653	1530.110549
10442	1913.866368	1519.376981
10443	1267.595917	1529.879929
10444	1244.233535	1507.476853
10445	1311.811156	1433.492251
10446	1311.554642	1430.241921
10447	1311.582731	1424.789103
10448	1315.385159	1423.532137
10449	1427.625124	1419.247316
10450	1414.759548	1427.364354
10451	1403.941953	1429.946712
10452	1400.553925	1429.569685
10453	1402.642224	1430.190738
10454	1403.368326	1433.142632
10455	1405.288545	1431.398915
10456	1403.928989	1432.348622
10457	1407.924348	1413.050369
10458	1410.007771	1418.208563
10459	1409.401439	1418.365699
10460	1408.828744	1418.344631
10461	1408.030731	1418.039948
10462	1407.264818	1417.484989
10463	1406.818962	1416.640335
10464	1406.513630	1415.864789
10465	1406.496845	1415.077544
10466	1406.763524	1414.040210
10467	1407.286625	1413.491047
10468	1423.054020	1482.530442
10469	1421.784811	1478.436457
10470	1424.151703	1477.576204
10471	1424.120534	1479.124341
10472	1423.823162	1479.474564
10473	1420.434993	1480.595092
10474	1421.357986	1482.999231
10475	1424.272156	1478.710668
10476	1424.288364	1478.216684
10477	1408.568590	1443.015449
10478	1407.066293	1439.026270
10479	1407.538473	1433.580635
10480	1422.058811	1447.642019
10481	1421.768262	1443.044623
10482	1428.476852	1441.387402
10483	1429.714566	1444.505877
10484	1419.712712	1433.925638
10485	1418.419484	1434.474580
10486	1420.736019	1440.282290
10487	1423.393975	1439.277171
10488	1421.049414	1433.409047
10489	1419.876246	1434.321499
10490	1421.207602	1433.805022
10491	1422.793186	1433.172196
10492	1420.702534	1427.925412
10493	1419.322704	1432.941130
10494	1419.062384	1432.270008
10495	1432.287440	1423.956730
10496	1457.749786	1476.898738
10497	1428.028795	1504.654727
10498	1423.602036	1509.236228
10499	1422.944000	1509.727257
10500	1422.476962	1510.397248
10501	1422.247731	1511.184191
10502	1422.281145	1511.998814
10503	1422.575548	1512.763500
10504	1423.091865	1513.401431
10505	1426.781071	1513.106457
10506	1427.214263	1512.353990
10507	1427.361773	1511.496685
10508	1427.215038	1510.634560
10509	1426.787114	1509.878268
10510	1426.122537	1509.310056
10511	1425.308140	1508.989084
10512	1431.148135	1507.982674
10513	1431.175952	1510.039831
10514	1436.142892	1508.469657
10515	1439.332333	1506.055489
10516	1435.769607	1561.696230
10517	1434.064750	1619.687911
10518	1423.291952	1603.294779
10519	1407.736747	1605.650964
10520	1428.844764	1517.089211
10521	1401.321480	1431.455768
10522	1401.894134	1432.979937
10523	1401.987427	1432.589693
10524	1402.183588	1432.258268
10525	1402.387222	1432.026519
10526	1402.790089	1431.607489
10527	1401.945476	1431.625497
10528	1377.456331	1422.835106
10529	1377.640762	1422.204419
10530	1378.246436	1421.514830
10531	1385.253605	1416.051865
10532	1384.589561	1416.010560
10533	1384.070951	1414.512970
10534	1340.387240	1409.476495
10535	1334.070101	1390.370392
10536	1330.976135	1380.962945
10537	1387.779800	1424.417586
10538	1386.959997	1424.595915
10539	1387.267762	1425.987070
10540	1389.077719	1425.593501
10541	1389.468716	1427.376683
10542	1388.632876	1427.555354
10543	1385.800420	1431.914288
10544	1385.954420	1432.615410
10545	1382.048091	1427.745682
10546	1381.457205	1427.874759
10547	1390.100197	1424.135155
10548	1387.072559	1425.109339
10549	1388.770214	1419.448990
10550	1377.500489	1423.150315
10551	1374.075854	1424.066411
10552	1386.861546	1415.213337
10553	1387.897911	1418.419301
10554	1496.738033	1384.350991
10555	1494.442105	1381.515750
10556	1496.589839	1386.933264
10557	1463.219656	1357.416138
10558	1466.413117	1355.689672
10559	1476.926556	1352.132155
10560	1477.360359	1353.415241
10561	1484.757455	1353.446170
10562	1484.121645	1353.725952
10563	1484.442507	1354.728574
10564	1484.957375	1354.545660
10565	1482.425484	1358.204836
10566	1482.547669	1358.668137
10567	1478.611186	1360.160842
10568	1476.116559	1361.051530
10569	1475.847560	1360.474882
10570	1471.659639	1370.997084
10571	1471.470942	1370.424271
10572	1477.845606	1368.153007
10573	1478.143106	1368.812244
10574	1486.924357	1365.785290
10575	1487.200598	1368.458355
10576	1487.499841	1369.450345
10577	1488.052365	1369.277721
10578	1485.513013	1374.845048
10579	1484.813048	1373.118370
10580	1478.526546	1375.260182
10581	1478.882910	1376.422896
10582	1468.014691	1377.636268
10583	1469.622850	1377.058436
10584	1470.480030	1379.386330
10585	1468.235788	1378.474622
10586	1466.269588	1379.065633
10587	1466.350690	1379.357868
10588	1462.591007	1380.613861
10589	1462.134019	1379.497664
10590	1460.493152	1404.885642
10591	1472.202447	1388.434765
10592	1462.515208	1410.427855
10593	1463.280978	1412.230781
10594	1482.785142	1399.169064
10595	1454.815576	1407.241901
10596	1449.261244	1409.107446
10597	1443.947467	1410.967866
10598	1481.978111	1383.134733
10599	1489.150711	1378.655605
10600	1494.026140	1379.061975
10601	1497.527754	1387.528935
10602	1496.505822	1389.264578
10603	1495.827692	1389.817040
10604	1494.252300	1393.688782
10605	1500.297905	1389.278052
10606	1507.825738	1383.399200
10607	1512.276013	1379.665869
10608	1515.390112	1377.979934
10609	1511.875508	1384.211427
10610	1481.835704	1403.803977
10611	1491.168915	1401.081404
10612	1495.720895	1398.105764
10613	1499.687572	1395.270169
10614	1518.557704	1383.070661
10615	1448.158040	1417.567176
10616	1475.129871	1384.012830
10617	1469.389310	1385.421971
10618	1436.404774	1340.632742
10619	1453.043372	1349.191287
10620	1456.189231	1348.242341
10621	1454.157423	1342.744706
10622	1451.183688	1343.739902
10623	1488.937158	1342.286308
10624	1489.237430	1341.569958
10625	1488.718098	1340.288695
10626	1484.825406	1330.787329
10627	1484.479172	1329.347075
10628	1495.564510	1324.767936
10629	1506.632927	1353.024348
10630	1496.135989	1338.283631
10631	1495.833263	1337.630051
10632	1498.404217	1368.929535
10633	1498.803136	1369.830656
10634	1495.297084	1369.938655
10635	1496.198058	1372.565126
10636	1498.338658	1371.876115
10637	1497.851341	1370.089439
10638	1450.888358	1397.125620
10639	1450.075644	1397.636582
10640	1449.477291	1398.669891
10641	1449.420742	1399.780395
10642	1449.941261	1401.117096
10643	1450.582275	1402.085161
10644	1451.459618	1402.598922
10645	1452.151954	1402.462141
10646	1452.767678	1402.243796
10647	1451.711814	1399.376581
10648	1451.921894	1399.948938
10649	1456.526414	1397.682109
10650	1456.774150	1398.264757
10651	1458.192426	1397.058669
10652	1458.419251	1397.663948
10653	1492.445557	1385.701525
10654	1493.322697	1387.962436
10655	1494.325848	1387.353129
10656	1494.875002	1386.520546
10657	1494.930346	1385.604196
10658	1494.814510	1384.685948
10659	1494.271996	1383.571574
10660	1493.663621	1382.880136
10661	1492.925239	1382.613002
10662	1492.358598	1382.625079
10663	1491.389113	1382.806589
10664	1492.314955	1385.094195
10665	1443.509738	1399.967411
10666	1444.442866	1399.836589
10667	1445.415040	1400.032178
10668	1446.361140	1400.760787
10669	1446.962817	1401.890538
10670	1447.050510	1402.742828
10671	1446.924377	1403.599677
10672	1446.437840	1404.358825
10673	1445.874245	1404.764640
10674	1445.441246	1404.773870
10675	1463.439572	1358.199052
10676	1466.610733	1356.179098
10677	1452.681185	1361.806179
10678	1453.740942	1354.318014
10679	1455.909974	1356.468191
10680	1456.682038	1358.315355
10681	1456.600064	1360.491326
10682	1456.916293	1361.527326
10683	1461.517883	1360.125818
10684	1463.248523	1359.523189
10685	1463.094302	1360.818808
10686	1462.492728	1356.682857
10687	1466.407091	1355.406930
10688	1483.867549	1349.582596
10689	1482.081099	1344.806319
10690	1451.319038	1410.555586
10691	1454.287407	1409.560500
10692	1506.558033	1375.860813
10693	1448.352714	1389.819478
10694	431.470867	1988.721514
10695	448.813640	1998.178574
10696	479.571228	1988.018266
10697	489.458559	1972.741824
10698	499.701817	1973.831418
10699	513.395706	1966.987547
10700	523.246152	1965.467571
10701	522.015347	1969.426488
10702	484.359793	1996.108059
10703	482.127623	1999.755639
10704	462.030484	2015.250828
10705	455.731487	2021.281851
10706	427.797690	2001.740521
10707	425.106177	1999.174632
10708	1314.626642	1321.520285
10709	1317.704182	1323.135242
10710	1317.711979	1324.754656
10711	1317.714548	1326.379728
10712	1317.722463	1328.004686
10713	1317.730379	1329.629644
10714	1305.760248	1321.559630
10715	1288.997838	1323.253865
10716	1289.005757	1324.878824
10717	1289.013677	1326.503783
10718	1289.021478	1328.123198
10719	1289.024052	1329.748271
10720	1305.757677	1319.934558
10721	1314.618845	1319.900871
10722	1317.738176	1331.249058
10723	1289.031971	1331.373230
10724	483.156289	1444.427570
10725	449.801706	1438.785242
10726	515.855424	1449.934264
10727	424.015347	1434.417522
10728	485.252175	1432.657142
10729	451.961947	1427.024513
10730	518.042575	1438.178538
10731	426.234604	1422.666611
10732	487.299714	1421.126256
10733	454.073961	1415.508871
10734	520.181498	1426.667897
10735	428.405634	1411.160786
10736	489.438507	1409.110861
10737	456.282453	1403.503062
10738	522.416903	1414.667090
10739	430.667797	1399.164908
10740	491.491408	1397.579864
10741	458.394483	1391.987423
10742	524.555842	1403.156453
10743	432.838963	1387.664631
10744	493.715998	1385.074534
10745	460.688772	1379.491678
10746	526.882391	1390.665597
10747	435.197613	1375.178589
10748	495.640244	1374.278448
10749	462.672149	1368.710952
10750	528.887328	1379.889985
10751	437.229317	1364.407910
10752	497.821961	1362.018092
10753	464.918219	1356.460295
10754	531.165658	1367.644217
10755	439.534403	1352.167070
10756	500.003567	1349.752193
10757	467.169644	1344.209525
10758	533.443997	1355.398451
10759	441.844963	1339.931662
10760	469.238825	1332.938865
10761	502.013737	1338.471717
10762	443.973162	1328.670820
10763	471.595889	1320.125629
10764	447.602863	1450.740931
10765	526.630675	1329.924449
10766	513.485436	1462.642378
10767	535.540086	1344.132792
10768	446.422508	1315.672557
10769	421.815582	1446.079272
10770	803.713421	1040.190979
10771	803.723179	1041.899115
10772	803.732937	1043.607251
10773	801.876377	1045.327535
10774	801.886017	1047.030127
10775	800.911771	1048.742651
10776	800.921530	1050.450787
10777	799.369808	1052.170104
10778	799.379448	1053.872697
10779	797.592388	1055.591497
10780	785.354946	1040.305952
10781	785.380745	1042.013746
10782	785.390506	1043.721883
10783	783.614018	1045.434913
10784	783.623780	1047.143050
10785	782.435700	1048.860146
10786	782.445462	1050.568283
10787	780.572749	1052.283370
10788	780.582512	1053.991507
10789	779.212553	1055.706944
10790	785.345186	1038.597815
10791	803.703782	1038.488386
10792	797.602148	1057.299633
10793	779.222316	1057.415081
10794	1064.986357	2679.617800
10795	2079.109374	2415.451819
10796	1719.605827	1132.498026
10797	2338.877971	2073.970998
10798	2346.865908	2093.784856
10799	2358.521374	2089.144455
10800	2350.544151	2069.330365
10801	2326.996416	2044.822128
10802	2333.904175	2062.623420
10803	2336.266854	2064.087374
10804	2340.467641	2064.475096
10805	2347.892242	2061.804818
10806	2340.308550	2041.133769
10807	2248.830775	2104.487638
10808	2257.407839	2124.838036
10809	2270.613885	2119.182846
10810	2263.155016	2099.108177
10811	2239.757410	2074.879768
10812	2246.243980	2094.242982
10813	2260.309444	2090.776981
10814	2252.414673	2071.077638
10815	2297.882571	2120.244943
10816	2306.898020	2147.136315
10817	2317.097747	2143.197902
10818	2307.288911	2116.717183
10819	2265.535036	2026.166943
10820	2273.522765	2050.240419
10821	2284.624897	2047.491928
10822	2275.830062	2023.435605
10823	2201.921495	2013.198497
10824	2211.593757	2043.553494
10825	2223.099786	2039.931113
10826	2019.419912	2382.012808
10827	2006.758913	2426.814607
10828	2038.043331	2419.099109
10829	2355.344579	2322.137664
10830	2360.789569	2349.115996
10831	2377.698085	2317.652540
10832	2436.951232	2059.014261
10833	2446.232616	2089.128004
10834	2450.610122	2089.528651
10835	2465.826861	2039.049708
10836	2455.216386	2039.768679
10837	2451.898516	2056.528154
10838	1890.440378	982.515166
10839	1860.139276	1004.236008
10840	2142.910187	1323.432850
10841	2141.196171	1399.560290
10842	2086.027724	1415.480773
10843	2115.833025	1390.614997
10844	2103.620870	1369.354525
10845	2093.661780	1366.787461
10846	2073.748538	1348.552643
10847	2044.493427	1294.653361
10848	2057.773898	1361.127607
10849	2020.710065	1312.236393
10850	2005.113682	1245.511856
10851	2024.465225	1233.286583
10852	2083.865681	1307.981949
10853	2114.819201	1349.204934
10854	2166.032066	1355.759540
10855	2187.220605	1346.684693
10856	2213.432786	2009.570455
10857	2179.728475	2065.501485
10858	2189.125108	2090.687540
10859	2200.906947	2087.464142
10860	2191.505510	2062.050782
10861	2287.679326	1983.122219
10862	2295.904255	2006.281056
10863	2309.869840	2001.380764
10864	2301.650289	1978.221809
10865	2091.981795	2035.231853
10866	2095.018052	2042.715931
10867	2126.884451	2031.633051
10868	2113.518370	1992.809615
10869	2077.184420	1997.509333
10870	2086.498591	2020.816894
10871	2103.066249	1991.173881
10872	2020.125747	1320.723734
10873	1528.140091	2020.739860
10874	1525.925219	2021.951854
10875	1240.811811	1413.785947
10876	1243.736390	1412.242627
10877	1245.143119	1415.008058
10878	1244.200500	1413.691459
10879	1242.997594	1411.204551
10880	1241.516885	1410.736958
10881	1240.525264	1411.384872
10882	1240.249777	1412.760740
10883	1242.056059	1414.951901
10884	1242.695039	1416.324897
10885	1241.297672	1412.494335
10886	1241.607817	1412.742857
10887	1242.008743	1412.734303
10888	1242.308006	1412.472778
10889	1242.369101	1412.077672
10890	1242.158631	1411.738278
10891	1241.781595	1411.613206
10892	1241.410236	1411.754246
10893	1241.219780	1412.102194
10894	1278.228146	1462.212996
10895	1278.343930	1462.626514
10896	1278.701948	1462.862923
10897	1279.128890	1462.820535
10898	1279.432433	1462.509001
10899	1279.460745	1462.081315
10900	1279.207394	1461.737290
10901	1278.788067	1461.635306
10902	1278.401619	1461.821039
10903	1264.248497	1466.987289
10904	1264.364281	1467.400807
10905	1264.722299	1467.637215
10906	1265.149241	1467.594827
10907	1265.452783	1467.283293
10908	1265.481095	1466.855607
10909	1265.227743	1466.511582
10910	1264.808417	1466.409598
10911	1264.421969	1466.595332
10912	1266.139944	1476.930664
10913	1269.147604	1477.276936
10914	1273.625386	1476.843064
10915	1277.150174	1475.608641
10916	1279.807809	1474.087662
10917	1282.073106	1472.225623
10918	1283.666626	1470.461115
10919	1278.318447	1481.235616
10920	1276.296069	1481.949891
10921	1262.641666	1470.133168
10922	1282.508501	1463.053493
10923	1282.234997	1462.266176
10924	1262.391199	1469.423011
10925	1285.446548	1459.635172
10926	1286.585578	1462.888863
10927	1282.895897	1464.165624
10928	1281.756985	1460.917478
10929	1261.912711	1468.052137
10930	1263.051630	1471.300283
10931	1259.362071	1472.582597
10932	1258.223033	1469.328908
10933	1283.880693	1416.067432
10934	1293.769940	1444.676152
10935	1292.883365	1444.983484
10936	1282.829582	1416.433739
10937	1282.708783	1411.272512
10938	1284.337346	1415.913481
10939	1282.304026	1416.616893
10940	1280.670235	1411.981581
10941	1913.001951	1111.161700
10942	1998.058354	1212.000673
10943	2006.733735	1228.638501
10944	2006.266642	1242.891621
10945	2017.174938	1260.918495
10946	2045.408644	1293.679922
10947	2061.919195	1301.027358
10948	2111.751641	1364.406258
10949	2221.241811	1521.749099
10950	2263.053896	1580.750611
10951	1535.564658	1371.526557
10952	2367.110903	2182.318541
10953	1923.298582	1014.396156
10954	2372.254421	2361.939585
10955	2344.907509	2143.555304
10956	2356.642886	2177.405048
10957	2367.177275	2176.382508
10958	2356.183673	2139.438758
10959	2422.867969	2035.713615
10960	2425.810178	2036.516352
10961	2421.246506	2036.164035
10962	2418.857730	2041.023478
10963	2419.467330	2037.749264
10964	2418.791815	2039.682657
10965	2419.328233	2042.278055
10966	2421.141238	2044.047659
10967	2424.011767	2044.496951
10968	2425.618887	2043.874898
10969	2427.613132	2039.323342
10970	2427.258897	2042.031947
10971	2422.289192	2044.466984
10972	2419.127852	2038.383215
10973	2424.545617	2035.894288
10974	2426.871783	2042.689094
10975	2245.155588	1807.301444
10976	2276.664569	1899.400678
10977	1862.256636	1912.231246
10978	1855.409066	1915.383210
10979	1406.762833	1621.673384
10980	2104.807082	2486.703277
10981	1826.517467	2268.020384
10982	1845.393479	2311.401953
10983	2640.563861	2042.744531
10984	2640.203903	2048.209766
10985	2486.244891	1889.740767
10986	2486.917359	1894.463078
10987	2114.344569	1988.659968
10988	1917.811912	1854.314110
10989	1937.903418	1826.664619
10990	1991.897051	771.169700
10991	1522.235616	799.275478
10992	1535.162652	1360.691757
10993	1510.237069	1284.986503
10994	2291.409892	1938.483286
10995	2287.413453	1932.112225
10996	2295.751885	1951.552581
10997	791.680973	2586.270353
10998	790.645453	2578.865630
10999	2076.074421	2409.786961
11000	2069.949938	2414.737148
11001	2077.457346	2409.940560
11002	2075.356175	2409.707958
11003	2072.855231	2410.038507
11004	2071.480484	2417.555432
11005	2075.949523	2417.737637
11006	2070.578722	2411.617770
11007	2073.694337	2418.057409
11008	2173.926841	1233.227298
11009	1898.868611	1377.008614
11010	1870.861851	1911.005308
11011	1870.676630	1902.556476
11012	1872.836401	1906.792347
11013	2640.492537	2381.266904
11014	1935.022675	2029.758607
11015	1951.758001	2025.597527
11016	2257.659182	2200.801611
11017	2066.912509	2210.194411
11018	2249.538733	2189.853745
11019	2067.610463	2222.387224
11020	2054.286206	2491.317205
11021	2073.125761	2487.066970
11022	2036.765989	2450.030976
11023	2046.170941	2445.449097
11024	2012.127691	2311.256981
11025	1987.986237	2272.452259
11026	1995.323176	2270.193978
11027	1996.192834	2270.602541
11028	1997.041160	2271.516282
11029	1997.866315	2273.351224
11030	2001.973060	2323.081815
11031	2014.713433	2317.169894
11032	790.792501	2606.218290
11033	1774.986556	1421.736813
11034	1286.502073	1453.960757
11035	1287.244956	1456.945573
11036	1287.449465	1460.013978
11037	1287.118937	1463.071612
11038	1286.262051	1466.023998
11039	1284.898299	1468.781977
11040	1283.074136	1471.266906
11041	1280.846589	1473.394372
11042	1278.278743	1475.113110
11043	1275.449362	1476.354882
11044	1272.448729	1477.090029
11045	1269.362021	1477.300094
11046	1266.285222	1476.971936
11047	1263.314908	1476.120135
11048	1260.537082	1474.765041
11049	1258.038339	1472.954725
11050	1255.894582	1470.737486
11051	1254.171497	1468.184027
11052	1252.924316	1465.376366
11053	1237.881679	1421.585862
11054	1237.671812	1418.517568
11055	1238.002450	1415.465474
11056	1238.864559	1412.507424
11057	1240.228312	1409.749438
11058	1242.052481	1407.264502
11059	1244.280040	1405.137030
11060	1246.848021	1403.423831
11061	1249.677304	1402.176511
11062	1252.677959	1401.441363
11063	1255.764690	1401.231298
11064	1258.841511	1401.559458
11065	1261.811964	1402.416807
11066	1264.589687	1403.766361
11067	1267.088560	1405.582226
11068	1269.232205	1407.793926
11069	1270.955291	1410.347389
11070	1272.202588	1413.160596
11071	1238.624576	1424.570678
11072	1291.249322	1451.868286
11073	1292.133532	1455.210610
11074	1292.506452	1458.652585
11075	1292.360843	1462.105623
11076	1291.695288	1465.503194
11077	1290.534741	1468.761569
11078	1288.893819	1471.813879
11079	1286.813752	1474.587139
11080	1284.341347	1477.019340
11081	1281.528998	1479.059444
11082	1278.445251	1480.661619
11083	1275.158889	1481.791118
11084	1271.733469	1482.418851
11085	1268.259629	1482.531793
11086	1264.801634	1482.134118
11087	1261.445015	1481.224002
11088	1258.259856	1479.827681
11089	1255.321587	1477.971278
11090	1252.695421	1475.703321
11091	1250.441224	1473.072451
11092	1248.603062	1470.138737
11093	1247.225004	1466.962253
11094	1232.432546	1422.866901
11095	1232.059727	1419.430466
11096	1232.205202	1415.971880
11097	1232.870866	1412.579846
11098	1234.031408	1409.321461
11099	1235.672331	1406.269142
11100	1237.752406	1403.495873
11101	1240.224706	1401.058119
11102	1243.031729	1399.018121
11103	1246.115501	1397.415940
11104	1249.407236	1396.286325
11105	1252.827340	1395.658705
11106	1256.306555	1395.545651
11107	1259.764696	1395.948873
11108	1263.121340	1396.858996
11109	1266.301174	1398.255438
11110	1269.239340	1400.106304
11111	1271.870862	1402.374154
11112	1274.125062	1405.005031
11113	1275.963340	1407.944293
11114	1277.341391	1411.120781
11115	1233.316776	1426.209225
11116	1294.338023	1444.480999
11117	1295.966579	1449.121968
11118	1293.933267	1449.825378
11119	1292.299482	1445.190067
11120	2241.889230	1787.475967
11121	2241.781013	1792.952552
11122	2084.892852	1597.299454
11123	1840.071593	2218.717687
11124	1839.154777	2220.112734
11125	1837.850777	2221.155510
11126	1836.291214	2221.748921
11127	1834.619227	2221.834454
11128	1833.000401	2221.403035
11129	1831.601381	2220.495486
11130	1830.547113	2219.203434
11131	1829.952446	2217.646456
11132	1830.305279	2214.377628
11133	1831.216868	2212.988237
11134	1832.520751	2211.939917
11135	1834.085661	2211.346392
11136	1837.371249	2211.697937
11137	1838.770270	2212.605487
11138	1839.824536	2213.897539
11139	1840.419202	2215.454518
11140	1840.502617	2217.111129
11141	1829.868912	2215.984301
11142	1734.132192	1098.355505
11143	1677.850254	1048.731314
11144	1669.752274	1052.464522
11145	2278.898876	1915.204763
11146	2109.426942	1987.760662
11147	2108.663705	1987.327637
11148	2108.274205	1985.860577
11149	2108.281278	1984.684588
11150	2109.185928	1983.217733
11151	2109.803073	1982.816358
11152	2110.835461	1982.578090
11153	2111.831179	1982.878604
11154	2112.550750	1983.772910
11155	2112.802176	1984.782555
11156	2112.553070	1985.642001
11157	2110.404697	1987.468092
11158	1699.239871	1046.062984
11159	995.449670	1918.385922
11160	971.443698	1884.893028
11161	949.827192	1901.395730
11162	1024.644164	2562.821295
11163	940.108424	2432.770721
11164	909.054885	2419.535267
11165	888.586779	2414.914663
11166	866.164361	2412.682112
11167	839.023520	2414.616220
11168	821.035197	2418.423405
11169	606.860710	2527.790150
11170	632.394063	2514.480415
11171	407.740453	2133.387185
11172	436.673322	2097.240923
11173	444.235455	2099.996413
11174	453.315685	2102.719378
11175	463.877661	2103.463733
11176	466.567243	2107.188910
11177	478.430524	2108.016329
11178	481.947937	2104.701738
11179	508.281393	2105.973527
11180	510.181740	2108.306775
11181	503.938296	2217.775672
11182	501.283073	2220.644702
11183	491.587765	2219.659906
11184	487.402107	2222.234481
11185	480.759605	2226.703184
11186	477.755038	2228.492567
11187	407.667194	2138.702438
11188	537.159708	2521.568227
11189	559.638943	2528.446906
11190	789.173204	2436.887690
11191	784.833052	2428.993491
11192	788.676313	2426.914457
11193	792.885442	2434.933486
11194	780.556535	2439.562544
11195	778.862774	2435.632983
11196	779.499867	2438.414830
11197	779.154718	2436.780426
11198	1032.134089	2616.740110
11199	1045.419192	2612.823012
11200	1814.093993	999.852027
11201	2194.659003	2479.350395
11202	1023.281127	755.628500
11203	1043.879136	767.457887
11204	1026.905538	749.777205
11205	1379.006817	1375.911929
11206	1380.276385	1379.018631
11207	1381.008010	1381.476769
11208	1382.965438	1387.497356
11209	1385.568773	1395.467631
11210	1386.770759	1387.127800
11211	1390.340331	1397.523479
11212	1391.345804	1400.785567
11213	1392.542958	1404.509474
11214	1393.559108	1406.767419
11215	1394.669929	1410.204749
11216	1396.043253	1413.913807
11217	1396.889667	1418.244214
11218	1398.305978	1420.959532
11219	1399.231998	1424.007001
11220	1390.081995	1408.483322
11221	1390.939917	1411.848394
11222	1392.310287	1415.418852
11223	1393.379906	1418.679572
11224	1395.336499	1424.661351
11225	1396.267012	1427.919491
11226	1394.309645	1421.399719
11227	1377.855913	1385.393252
11228	1379.328842	1389.760220
11229	1380.267884	1392.164017
11230	1381.887365	1396.882836
11231	1383.225731	1400.958708
11232	1384.593779	1405.172609
11233	1385.808299	1408.707565
11234	1387.097935	1413.006336
11235	1384.773938	1413.621634
11236	1383.598111	1410.396457
11237	1382.387044	1406.772684
11238	1381.379086	1403.394172
11239	1380.323372	1400.033318
11240	1378.231407	1393.472043
11241	1390.632206	1409.958052
11242	1383.178354	1376.915641
11243	1391.004665	1394.819262
11244	1393.717509	1393.879525
11245	1391.454057	1390.311469
11246	1386.095736	1396.604521
11247	1379.896654	1391.057086
11248	1373.704525	1372.292194
11249	1377.780735	1371.584069
11250	1393.079676	1430.433459
11251	1389.678859	1434.222129
11252	1409.818603	1425.389763
11253	1399.670699	1437.558835
11254	1395.516932	1438.390634
11255	1400.374498	1426.672692
11256	1406.182252	1438.950829
11257	1407.885400	1437.561170
11258	1408.195933	1438.580650
11259	1408.650338	1440.578794
11260	1406.521982	1441.339672
11261	1409.851699	1450.520234
11262	1411.417564	1455.484241
11263	1411.680051	1457.009477
11264	1412.295744	1463.812994
11265	1413.642751	1468.043983
11266	1414.740299	1471.109980
11267	1415.482908	1474.083708
11268	1417.317705	1479.119631
11269	1418.083929	1481.194323
11270	1419.583947	1485.327759
11271	1420.458658	1488.226565
11272	1421.979940	1492.354001
11273	1422.908868	1494.785746
11274	1424.127904	1499.285695
11275	1423.612571	1497.189014
11276	1397.983645	1445.221242
11277	1397.184291	1456.641888
11278	1397.629899	1458.728962
11279	1401.478075	1456.106612
11280	1402.659594	1459.348307
11281	1404.910939	1466.111402
11282	1404.602509	1467.698730
11283	1406.529964	1477.330724
11284	1420.288925	1506.100995
11285	1410.032070	1493.091300
11286	1410.078928	1485.757832
11287	1414.683868	1500.568627
11288	1416.590430	1505.458810
11289	1419.688736	1516.829623
11290	1418.257334	1515.412508
11291	1417.726161	1514.830359
11292	1416.300259	1509.658149
11293	1423.785678	1513.835903
11294	1424.586784	1514.035136
11295	1425.403598	1513.967801
11296	1426.161637	1513.652128
11297	1424.435859	1508.963310
11298	1425.303582	1510.531107
11299	1432.187466	1511.077645
11300	1421.688333	1504.512591
11301	1420.785599	1519.612762
11302	1427.925795	1539.705228
11303	1428.448889	1541.413488
11304	1444.240423	1567.444820
11305	1439.218625	1563.430848
11306	1439.130443	1566.067313
11307	1435.067907	1567.412988
11308	1439.057510	1555.874411
11309	1436.980166	1548.491947
11310	1433.390622	1537.658527
11311	1431.373717	1531.605933
11312	1428.283750	1522.381437
11313	1427.388696	1519.782575
11314	1426.893013	1518.356601
11315	1432.984059	1523.606831
11316	1421.459614	1503.818609
11317	1403.511333	1449.130136
11318	1409.316439	1467.304254
11319	1415.466057	1486.336278
11320	1418.231530	1494.136698
11321	1417.474159	1491.473889
11322	1416.194743	1488.406224
11323	1418.915179	1496.351813
11324	1415.107703	1484.829725
11325	1413.363018	1480.257787
11326	1412.877748	1478.066174
11327	1411.781854	1475.077793
11328	1410.248747	1470.395960
11329	1409.197915	1467.012816
11330	1408.042890	1463.759464
11331	1407.117490	1460.490123
11332	1406.534434	1458.478083
11333	1405.473474	1455.372481
11334	1404.114183	1451.568834
11335	1403.232992	1448.115515
11336	1402.140312	1445.027228
11337	1400.842211	1441.083614
11338	1436.757494	1518.734206
11339	1436.325654	1521.305894
11340	1436.934512	1523.023419
11341	1449.129210	1505.519379
11342	1466.816423	1499.556999
11343	1490.005675	1489.528276
11344	1408.366116	1477.413595
11345	1402.828546	1434.163604
11346	1402.804708	1436.055468
11347	1401.767809	1430.065173
11348	1378.721981	1416.729153
11349	1373.451712	1418.372370
11350	1373.788792	1418.881007
11351	1374.234702	1419.226474
11352	1374.766878	1419.353788
11353	1378.176686	1418.243882
11354	1378.622083	1417.812850
11355	1378.752559	1417.410720
11356	1422.023259	1455.757300
11357	1428.713600	1475.820539
11358	1426.582152	1476.686864
11359	1426.769905	1477.215325
11360	1427.283032	1477.703569
11361	1431.202337	1476.410872
11362	1431.407770	1476.012691
11363	1431.544537	1475.654799
11364	1431.426278	1475.124857
11365	1429.321465	1475.735475
11366	1422.665353	1455.521750
11367	1424.851917	1454.731901
11368	1424.025459	1453.845443
11369	1423.693084	1453.808157
11370	1422.132222	1454.346167
11371	1420.583234	1454.939388
11372	1420.189640	1455.291663
11373	1419.896076	1455.569700
11374	1419.774754	1455.899530
11375	1419.847622	1456.558009
11376	1371.849972	1377.617555
11377	1435.418152	1505.079561
11378	1433.208680	1505.797795
11379	1426.011595	1503.605077
11380	1423.592976	1523.108207
11381	1182.251300	1893.340630
11382	1183.722837	1890.125498
11383	1186.409348	1889.962747
11384	1189.504308	1890.645442
11385	1194.173697	1892.681152
11386	1198.124663	1894.632367
11387	1201.073643	1896.743640
11388	1201.766845	1898.903078
11389	1201.021313	1900.804818
11390	1199.859721	1902.005485
11391	1194.912938	1902.005727
11392	1190.563451	1899.924361
11393	1186.572125	1897.585754
11394	1184.311129	1895.886877
11395	1180.507918	1890.837546
11396	1176.690884	1889.648899
11397	1166.907637	1886.552081
11398	1411.168946	1453.104548
11399	1412.486335	1462.217086
11400	1433.248169	1536.746393
11401	1420.566581	1500.060487
11402	1374.644384	1375.988309
11403	1376.270292	1381.760826
11404	1387.696432	1401.445763
11405	1388.909887	1404.930823
11406	1386.659593	1398.217622
11407	1384.263927	1391.208010
11408	1426.597117	1536.333556
11409	1170.763952	1888.327820
11410	1168.828951	1887.620359
11411	1266.788322	1523.862550
11412	1219.712826	1384.179544
11413	2125.943352	2402.663493
11414	2124.412098	2398.303317
11415	2027.026345	2433.615676
11416	2053.189302	2493.797621
11417	2092.543578	2485.866087
11418	2067.588715	2422.385999
11419	2045.324019	2428.522802
11420	1859.573025	2704.598292
11421	1869.538774	2782.302463
11422	1908.137883	2815.019295
11423	1943.970656	2815.287450
11424	1957.995623	2888.778495
11425	1929.331384	2907.969834
11426	1900.571986	2947.280275
11427	1824.371495	2977.285801
11428	1806.655277	2998.817739
11429	1803.543096	3023.138782
11430	1848.863379	3078.934941
11431	2031.782760	3378.953476
11432	2026.567557	3426.536578
11433	2063.876555	3496.430793
11434	2109.369723	3487.202773
11435	2159.960071	3400.477188
11436	2188.667136	3261.577023
11437	2323.360404	3060.587064
11438	2424.105818	3004.766252
11439	2497.166234	2949.030402
11440	2516.395148	2925.404589
11441	2535.397176	2866.691819
11442	2557.097961	2837.334143
11443	2609.211136	2797.524506
11444	2631.595107	2775.895265
11445	2647.975002	2740.455639
11446	2674.395374	2688.812762
11447	2672.996962	2671.809641
11448	2666.507432	2659.568003
11449	2710.381624	2623.028999
11450	2758.796248	2580.204188
11451	2630.695213	2415.734665
11452	2601.393407	2405.003446
11453	2607.087438	2355.342574
11454	2626.268326	2158.328596
11455	2569.547297	2152.305781
13050	1
0	3701	34	2
1	34	35	2
2	35	36	2
3	36	37	2
4	37	38	2
5	38	39	2
6	39	40	2
7	40	41	2
8	41	3584	2
9	3584	42	2
10	42	43	2
11	43	44	2
12	44	45	2
13	45	46	2
14	46	47	2
15	47	48	2
16	48	49	2
17	49	50	2
18	50	3588	2
19	3588	51	2
20	51	52	2
21	52	53	2
22	53	9256	2
23	9256	54	2
24	54	9255	2
25	9255	55	2
26	55	56	2
27	56	22	2
28	22	21	2
29	72	3153	2
30	3153	6408	2
31	6408	6402	2
32	6402	4235	2
33	4235	6405	2
34	6405	70	2
35	78	79	2
36	79	80	2
37	80	81	2
38	81	82	2
39	82	83	2
40	83	84	2
41	84	85	2
42	85	86	2
43	86	87	2
44	87	88	2
45	88	78	2
46	89	90	2
47	90	91	2
48	91	92	2
49	92	93	2
50	93	94	2
51	94	95	2
52	95	96	2
53	96	97	2
54	97	89	2
55	98	99	2
56	99	100	2
57	100	101	2
58	101	98	2
59	3535	3545	2
60	3545	3547	2
61	175	9301	2
62	9301	602	2
63	602	601	2
64	601	159	2
65	153	132	2
66	132	9272	2
67	9272	164	2
68	167	151	2
69	171	153	2
70	153	127	2
71	155	134	2
72	128	145	2
73	145	125	2
74	125	177	2
75	156	135	2
76	183	162	2
77	148	1960	2
78	1960	140	2
79	140	171	2
80	171	137	2
81	137	176	2
82	176	182	2
83	146	173	2
84	173	154	2
85	154	128	2
86	128	163	2
87	163	143	2
88	143	148	2
89	148	149	2
90	149	184	2
91	184	160	2
92	160	10242	2
93	10242	126	2
94	184	175	2
95	175	9300	2
96	9300	133	2
97	133	129	2
98	129	172	2
99	163	1966	2
100	1966	168	2
101	168	127	2
102	127	157	2
103	157	1944	2
104	1944	158	2
105	129	601	2
106	601	138	2
107	138	137	2
108	137	132	2
109	132	157	2
110	157	125	2
111	125	144	2
112	144	165	2
113	165	9322	2
114	9322	142	2
115	178	161	2
116	161	133	2
117	133	602	2
118	602	166	2
119	166	140	2
120	140	168	2
121	168	145	2
122	145	174	2
123	174	150	2
124	150	180	2
125	149	166	2
126	166	138	2
127	154	174	2
128	174	144	2
129	160	161	2
130	161	152	2
131	143	131	2
132	141	9289	2
133	188	190	2
134	190	1939	2
135	1939	1934	2
136	1934	189	2
137	187	9237	2
138	9237	10341	2
139	10341	3579	2
140	186	191	2
141	191	1940	2
142	1940	1936	2
143	1936	192	2
144	147	1948	2
145	1948	188	2
146	188	1954	2
147	1954	186	2
148	186	1312	2
149	202	10944	2
150	10944	1031	2
151	1031	1030	2
152	1030	199	2
153	515	2286	1
154	2286	516	1
155	516	518	1
156	518	521	1
157	521	524	1
158	524	528	1
159	528	532	1
160	532	540	1
161	540	9365	1
162	9365	5296	1
163	5296	3732	1
164	524	495	2
165	495	492	2
166	492	440	2
167	440	9202	2
168	439	458	2
169	458	465	2
170	541	533	1
171	533	193	1
172	193	9368	1
173	9368	514	1
174	514	513	1
175	513	503	1
176	503	8723	1
177	8723	472	1
178	472	455	1
179	455	441	1
180	441	10430	1
181	10430	233	1
182	392	8926	2
183	8926	402	2
184	402	405	2
185	405	8929	2
186	8929	419	2
187	419	426	2
188	426	8921	2
189	8921	431	2
190	431	440	2
191	440	450	2
192	514	229	1
193	229	509	1
194	509	502	1
195	502	495	1
196	495	485	1
197	485	482	1
198	482	479	1
199	479	475	1
200	475	470	1
201	470	9553	1
202	9553	248	1
203	248	456	1
204	241	304	2
205	304	311	2
206	311	221	2
207	221	324	2
208	324	246	2
209	246	331	2
210	331	216	2
211	216	234	2
212	234	251	2
213	251	235	2
214	235	369	2
215	369	370	2
216	370	227	2
217	227	393	2
218	393	217	2
219	217	4915	2
220	4915	409	2
221	409	417	2
222	417	418	2
223	418	249	2
224	249	247	2
225	247	232	2
226	232	1207	2
227	1207	203	2
228	300	1221	1
229	214	1387	2
230	1387	239	2
231	239	1388	2
232	1388	209	2
233	318	4938	2
234	4938	10975	2
235	10975	329	2
236	329	7063	2
237	7063	4962	2
238	4962	10976	2
239	10976	5572	2
240	5572	362	2
241	362	5571	2
242	5571	10995	2
243	327	243	2
244	243	9373	2
245	9373	379	2
246	379	400	2
247	400	401	2
248	401	426	2
249	426	8923	2
250	8923	469	2
251	469	480	2
252	480	482	2
253	482	493	2
254	493	3629	2
255	3629	518	2
256	1397	214	2
257	214	228	2
258	228	1391	2
259	1391	9453	2
260	9453	1384	2
261	1384	1392	2
262	1392	1398	2
263	1398	1399	2
264	1399	9457	2
265	9457	1395	2
266	1395	1386	2
267	4546	752	2
268	752	4545	2
269	4545	4541	2
270	4541	741	2
271	741	740	2
272	740	739	2
273	739	738	2
274	738	204	2
275	194	212	2
276	212	398	2
277	398	211	2
278	211	397	2
279	397	395	2
280	395	220	2
281	220	383	2
282	383	245	2
283	245	367	2
284	234	9357	2
285	9357	348	2
286	348	350	2
287	350	356	2
288	356	4959	2
289	4959	10976	2
290	10976	5990	2
291	5990	368	2
292	368	9369	2
293	9369	379	2
294	379	197	2
295	197	9374	2
296	9374	396	2
297	236	256	1
298	256	593	1
299	8756	9175	1
300	9175	9176	1
301	9176	1908	1
302	1908	1907	1
303	1907	3424	1
304	3424	3423	1
305	3423	10794	1
306	10794	1478	1
307	1478	3422	1
308	3422	1506	1
309	1506	11199	1
310	11199	3421	1
311	3421	3420	1
312	3420	288	1
313	288	280	1
314	280	278	1
315	278	275	1
316	275	273	1
317	273	271	1
318	271	269	1
319	269	264	1
320	264	1466	1
321	1466	260	1
322	260	1498	1
323	1498	258	1
324	258	1481	1
325	1481	257	1
326	257	1493	1
327	1493	259	1
328	259	1492	1
329	1492	261	1
330	261	9710	1
331	9710	9711	1
332	9711	9207	1
333	9207	1520	1
334	312	316	1
335	316	4927	1
336	4927	4928	1
337	4928	319	1
338	1213	406	2
339	406	408	2
340	408	1208	2
341	1208	1209	2
342	1209	1218	2
343	1218	412	2
344	412	1215	2
345	1215	1216	2
346	1216	1217	2
347	1217	414	2
348	414	9200	2
349	9200	1210	2
350	1210	233	2
351	233	1214	2
352	1214	9202	2
353	9202	10987	2
354	10987	1211	2
355	1211	413	2
356	413	411	2
357	411	1212	2
358	1212	410	2
359	410	407	2
360	407	1213	2
361	307	596	2
362	596	309	2
363	309	5978	2
364	5978	312	2
365	312	4926	2
366	4926	597	2
367	597	9364	2
368	9364	317	2
369	317	9363	2
370	9363	4923	2
371	4923	598	2
372	598	315	2
373	315	313	2
374	313	308	2
375	308	124	2
376	124	306	2
377	306	305	2
378	305	307	2
379	527	521	2
380	521	8920	2
381	8920	501	2
382	501	10171	2
383	10171	10407	2
384	10407	10170	2
385	10170	499	2
386	499	485	2
387	485	483	2
388	483	476	2
389	476	463	2
390	463	10410	2
391	10410	10411	2
392	10411	464	2
393	497	496	2
394	496	474	2
395	474	458	2
396	458	428	2
397	428	427	2
398	427	394	2
399	394	10387	2
400	10387	10386	2
401	10386	376	2
402	376	378	2
403	378	357	2
404	5272	550	1
405	550	548	1
406	548	5273	1
407	5273	5283	1
408	5283	545	1
409	545	544	1
410	544	543	1
411	543	539	1
412	539	537	1
413	537	534	1
414	534	529	1
415	529	527	1
416	527	525	1
417	525	523	1
418	523	522	1
419	522	520	1
420	520	519	1
421	519	517	1
422	5272	240	2
423	240	546	2
424	546	3732	2
425	3732	541	2
426	541	538	2
427	538	535	2
428	535	531	2
429	531	2278	2
430	2278	530	2
431	530	5321	2
432	5321	536	2
433	536	2281	2
434	2281	542	2
435	542	547	2
436	547	549	2
437	549	551	2
438	551	553	2
439	553	3733	2
440	3733	555	2
441	555	9201	2
442	9201	556	2
443	556	554	2
444	554	552	2
445	552	5271	2
446	5271	5272	2
447	323	339	2
448	578	581	2
449	498	496	2
450	575	588	2
451	333	325	2
452	347	368	2
453	5650	5648	2
454	5648	5643	2
455	5643	5644	2
456	5644	5645	2
457	5645	5646	2
458	5646	5647	2
459	10996	405	2
460	405	8927	2
461	8927	8801	2
462	8801	468	2
463	468	470	2
464	470	10177	2
465	10177	218	2
466	218	515	2
467	307	1127	1
468	1127	303	1
469	303	301	1
470	301	122	1
471	122	119	1
472	119	1129	1
473	1129	825	1
474	825	1130	1
475	1130	1121	1
476	1121	1199	1
477	296	299	2
478	299	314	2
479	2287	218	2
480	218	491	2
481	491	2288	2
482	409	4916	2
483	4916	4917	2
484	519	578	2
485	578	579	2
486	413	401	1
487	401	8721	1
488	8721	389	1
489	389	5570	1
490	430	404	2
491	404	9519	2
492	9197	386	1
493	386	5554	1
494	5554	400	1
495	400	410	1
496	363	10391	1
497	10391	10390	1
498	10390	381	1
499	381	377	1
500	464	477	2
501	477	10408	2
502	10408	10409	2
503	10409	476	2
504	438	11014	1
505	11014	11015	1
506	11015	8755	1
507	8755	428	1
508	428	8758	1
509	8758	420	1
510	420	414	1
511	423	388	2
512	388	10379	2
513	10379	10380	2
514	10380	391	2
515	522	561	2
516	561	7859	2
517	7859	7861	2
518	7861	562	2
519	562	7863	2
520	7863	560	2
521	352	10389	2
522	10389	10388	2
523	10388	366	2
524	366	365	2
525	540	229	2
526	229	510	2
527	510	503	2
528	512	511	2
529	511	10048	2
530	10048	201	2
531	436	10406	2
532	10406	10405	2
533	10405	433	2
534	433	460	2
535	570	7858	2
536	7858	585	2
537	345	365	2
538	365	391	2
539	391	425	2
540	425	8758	2
541	481	474	2
542	474	471	2
543	340	355	2
544	355	353	2
545	315	7071	1
546	7071	310	1
547	310	302	1
548	560	7862	2
549	7862	559	2
550	559	520	2
551	567	563	2
552	563	7856	2
553	7856	523	2
554	572	569	2
555	569	568	2
556	568	7833	2
557	7833	529	2
558	525	7834	2
559	7834	567	2
560	534	573	2
561	573	572	2
562	326	10372	2
563	10372	10371	2
564	10371	325	2
565	564	566	2
566	566	7857	2
567	7857	584	2
568	586	7831	2
569	7831	571	2
570	571	570	2
571	486	489	2
572	489	10415	2
573	10415	10416	2
574	10416	10417	2
575	10417	508	2
576	515	237	2
577	450	500	2
578	500	502	2
579	502	528	2
580	406	396	2
581	396	252	2
582	252	353	2
583	353	336	2
584	545	580	2
585	197	360	2
586	360	346	2
587	346	10397	2
588	10397	10398	2
589	10398	349	2
590	544	532	2
591	532	509	2
592	509	507	2
593	507	472	2
594	344	223	2
595	223	221	2
596	221	299	2
597	299	295	2
598	583	581	2
599	581	565	2
600	565	564	2
601	402	9512	2
602	9512	9517	2
603	9517	9511	2
604	9511	9516	2
605	9516	9514	2
606	394	10385	2
607	10385	10384	2
608	10384	399	2
609	399	380	2
610	380	10383	2
611	10383	378	2
612	9198	375	1
613	375	5616	1
614	328	10400	2
615	10400	10399	2
616	10399	341	2
617	341	243	2
618	10985	364	1
619	364	369	1
620	369	371	1
621	371	5611	1
622	297	314	2
623	314	5618	2
624	5618	9357	2
625	332	349	2
626	349	361	2
627	361	10395	2
628	10395	10396	2
629	10396	360	2
630	356	333	2
631	333	10370	2
632	10370	10369	2
633	10369	335	2
634	335	326	2
635	326	7069	2
636	7069	310	2
637	475	486	2
638	486	505	2
639	505	10414	2
640	10414	506	2
641	506	508	2
642	508	516	2
643	587	7832	2
644	7832	574	2
645	574	575	2
646	575	577	2
647	577	589	2
648	339	10378	2
649	10378	10377	2
650	10377	351	2
651	351	347	2
652	347	337	2
653	337	10375	2
654	10375	10376	2
655	10376	339	2
656	419	436	2
657	436	10404	2
658	10404	10403	2
659	10403	461	2
660	461	460	2
661	460	473	2
662	473	475	2
663	9201	557	1
664	557	558	1
665	558	10057	1
666	10057	8759	1
667	8759	9526	1
668	9526	11006	1
669	9200	10429	1
670	10429	2285	1
671	2285	439	1
672	439	471	1
673	471	8722	1
674	8722	497	1
675	497	512	1
676	512	526	1
677	526	531	1
678	9512	9513	2
679	9513	422	2
680	422	9515	2
681	9515	9514	2
682	9514	462	2
683	462	248	2
684	248	491	2
685	412	415	1
686	415	423	1
687	423	425	1
688	425	427	1
689	427	429	1
690	429	430	1
691	430	435	1
692	469	466	2
693	466	467	2
694	467	9555	2
695	9555	478	2
696	478	479	2
697	479	9518	2
698	9518	488	2
699	488	490	2
700	490	493	2
701	539	1849	2
702	1849	576	2
703	576	582	2
704	582	3393	2
705	3393	1850	2
706	1850	543	2
707	4914	395	1
708	395	417	1
709	417	446	1
710	446	453	1
711	10973	4916	1
712	4916	373	1
713	373	5617	1
714	487	9203	1
715	9203	452	1
716	452	445	1
717	445	418	1
718	418	397	1
719	397	374	1
720	8746	600	2
721	600	599	2
722	599	595	2
723	595	594	2
724	4815	4814	2
725	4814	4813	2
726	4813	4812	2
727	4812	4811	2
728	4811	4810	2
729	4810	4809	2
730	4809	4807	2
731	4807	4806	2
732	4806	4805	2
733	4805	4803	2
734	4803	4801	2
735	4801	4799	2
736	4799	4798	2
737	4798	605	2
738	605	606	2
739	606	607	2
740	607	4655	2
741	4655	4656	2
742	4656	4659	2
743	4659	4658	2
744	4658	4657	2
745	4657	4654	2
746	4654	608	2
747	608	4816	2
748	4816	4815	2
749	609	610	2
750	610	5854	2
751	5854	611	2
752	611	612	2
753	612	4470	2
754	4470	4469	2
755	4469	5853	2
756	5853	731	2
757	731	613	2
758	613	614	2
759	614	615	2
760	615	616	2
761	616	609	2
762	617	618	2
763	618	619	2
764	619	620	2
765	620	617	2
766	621	4451	2
767	4451	4452	2
768	4452	4453	2
769	4453	622	2
770	622	4579	2
771	4579	4455	2
772	4455	4456	2
773	4456	4457	2
774	4457	4454	2
775	4454	623	2
776	623	624	2
777	624	733	2
778	733	621	2
779	625	626	2
780	626	4450	2
781	4450	5829	2
782	5829	627	2
783	627	628	2
784	628	5835	2
785	5835	625	2
786	629	630	2
787	630	631	2
788	631	4553	2
789	4553	4556	2
790	4556	4555	2
791	4555	4558	2
792	4558	4557	2
793	4557	4554	2
794	4554	632	2
795	632	633	2
796	633	634	2
797	634	5828	2
798	5828	2713	2
799	2713	635	2
800	635	636	2
801	636	637	2
802	637	638	2
803	638	639	2
804	639	640	2
805	640	641	2
806	641	642	2
807	642	643	2
808	643	644	2
809	644	645	2
810	645	629	2
811	646	7038	2
812	7038	647	2
813	647	648	2
814	648	7039	2
815	7039	4607	2
816	4607	649	2
817	649	646	2
818	650	7042	2
819	7042	651	2
820	651	652	2
821	652	7041	2
822	7041	653	2
823	653	650	2
824	654	7035	2
825	7035	655	2
826	655	656	2
827	656	7023	2
828	7023	657	2
829	657	654	2
830	658	6789	2
831	6789	659	2
832	659	660	2
833	660	7037	2
834	7037	7028	2
835	7028	661	2
836	661	658	2
837	662	663	2
838	663	664	2
839	664	665	2
840	665	6782	2
841	6782	6783	2
842	6783	666	2
843	666	4477	2
844	4477	667	2
845	667	668	2
846	668	669	2
847	669	662	2
848	670	6762	2
849	6762	6765	2
850	6765	6764	2
851	6764	6763	2
852	6763	6761	2
853	6761	671	2
854	671	672	2
855	672	6767	2
856	6767	6766	2
857	6766	673	2
858	673	6772	2
859	6772	6773	2
860	6773	670	2
861	674	4611	2
862	4611	675	2
863	675	676	2
864	676	4606	2
865	4606	677	2
866	677	674	2
867	678	679	2
868	679	680	2
869	680	681	2
870	681	678	2
871	682	6729	2
872	6729	7047	2
873	7047	683	2
874	683	684	2
875	684	7046	2
876	7046	4610	2
877	4610	685	2
878	685	682	2
879	686	9179	2
880	9179	687	2
881	687	688	2
882	688	9178	2
883	9178	689	2
884	689	686	2
885	690	6728	2
886	6728	7050	2
887	7050	6732	2
888	6732	691	2
889	691	7051	2
890	7051	692	2
891	692	690	2
892	693	6758	2
893	6758	694	2
894	694	695	2
895	695	696	2
896	696	697	2
897	697	698	2
898	698	699	2
899	699	8138	2
900	8138	700	2
901	700	701	2
902	701	702	2
903	702	703	2
904	703	704	2
905	704	705	2
906	705	2850	2
907	2850	706	2
908	706	2852	2
909	2852	693	2
910	707	708	2
911	708	709	2
912	709	710	2
913	710	707	2
914	712	11244	2
915	11244	6590	2
916	6590	6591	2
917	6591	6592	2
918	6592	6593	2
919	6593	713	2
920	713	6594	2
921	6594	6595	2
922	6595	6596	2
923	6596	6597	2
924	6597	6937	2
925	6937	714	2
926	714	6582	2
927	6582	6583	2
928	6583	6584	2
929	6584	6585	2
930	6585	872	2
931	872	6586	2
932	6586	6587	2
933	6587	6936	2
934	6936	6588	2
935	6588	6589	2
936	6589	871	2
937	871	870	2
938	870	6599	2
939	6599	6601	2
940	6601	6600	2
941	6600	6598	2
942	6598	712	2
943	11242	2612	2
944	2612	2636	2
945	2636	10678	2
946	10678	10689	2
947	10689	715	2
948	715	10623	2
949	10623	10624	2
950	10624	10625	2
951	10625	10626	2
952	10626	10627	2
953	10627	716	2
954	716	2643	2
955	2643	10628	2
956	10628	717	2
957	2857	2854	2
958	2854	2853	2
959	2853	6760	2
960	6760	718	2
961	718	6734	2
962	6734	719	2
963	719	6741	2
964	6741	2682	2
965	2682	2650	2
966	2650	3455	2
967	3455	2651	2
968	718	720	2
969	720	4608	2
970	4608	721	2
971	2876	2855	2
972	2855	6776	2
973	6776	720	2
974	720	722	2
975	724	721	2
976	721	723	2
977	724	725	2
978	725	726	2
979	723	6790	2
980	6790	8228	2
981	8228	8227	2
982	8227	7044	2
983	7044	727	2
984	729	732	2
985	732	733	2
986	735	758	2
987	758	757	2
988	757	756	2
989	756	4217	2
990	4217	734	2
991	734	769	2
992	769	3721	2
993	3721	104	2
994	104	8706	2
995	8706	737	2
996	737	8707	2
997	8707	759	2
998	759	736	2
999	736	735	2
1000	744	2899	1
1001	2899	2900	1
1002	2900	742	1
1003	742	2894	1
1004	2894	743	1
1005	743	3491	1
1006	3491	745	1
1007	745	2895	1
1008	2895	2896	1
1009	2896	746	1
1010	746	747	1
1011	747	748	1
1012	748	749	1
1013	749	2901	1
1014	2901	11009	1
1015	11009	2892	1
1016	2892	750	1
1017	750	2893	1
1018	2893	2902	1
1019	2902	2897	1
1020	2897	2898	1
1021	2898	751	1
1022	751	753	1
1023	753	4548	1
1024	4548	744	1
1025	746	754	2
1026	754	3698	2
1027	3698	8790	2
1028	8790	8792	2
1029	8792	9568	2
1030	9568	2882	2
1031	768	760	1
1032	760	8751	1
1033	8751	8753	1
1034	8753	8752	1
1035	8752	8164	1
1036	8164	8165	1
1037	8165	8742	1
1038	8742	2903	1
1039	2903	2904	1
1040	2904	824	1
1041	824	3479	1
1042	3479	3487	1
1043	3487	3486	1
1044	3486	3480	1
1045	3480	823	1
1046	735	8708	1
1047	8708	760	1
1048	760	766	1
1049	767	768	1
1050	769	4139	1
1051	4139	4137	1
1052	4137	4130	1
1053	4130	2771	1
1054	2771	3448	1
1055	3448	7020	1
1056	7020	2000	1
1057	2000	2775	1
1058	2775	770	1
1059	771	8699	1
1060	8699	8700	1
1061	8700	8701	1
1062	8701	2859	1
1063	2859	6757	1
1064	6757	2858	1
1065	2858	8702	1
1066	8702	3449	1
1067	3449	7021	1
1068	7021	2877	1
1069	2877	4131	1
1070	4131	4140	1
1071	4140	4136	1
1072	4136	8703	1
1073	8703	8704	1
1074	8704	4150	1
1075	4150	8705	1
1076	8705	104	1
1077	8696	775	1
1078	775	2870	1
1079	2870	2866	1
1080	2866	8697	1
1081	782	4042	1
1082	4042	4036	1
1083	4036	792	1
1084	792	8638	1
1085	8638	783	1
1086	783	4043	1
1087	4043	4028	1
1088	4028	779	1
1089	779	780	1
1090	780	4029	1
1091	4029	781	1
1092	781	4030	1
1093	4030	4031	1
1094	4031	784	1
1095	784	785	1
1096	785	786	1
1097	786	787	1
1098	787	4032	1
1099	4032	4033	1
1100	4033	4034	1
1101	4034	788	1
1102	788	4035	1
1103	4035	8683	1
1104	8683	4037	1
1105	4037	8684	1
1106	8684	8685	1
1107	8685	789	1
1108	789	8637	1
1109	8637	8686	1
1110	8686	790	1
1111	790	782	1
1112	791	3451	1
1113	3451	9320	1
1114	9320	3453	1
1115	3453	8588	1
1116	8588	4043	1
1117	4042	8687	1
1118	8687	4041	1
1119	4041	8688	1
1120	8688	8689	1
1121	8689	6704	1
1122	6704	8690	1
1123	8690	3454	1
1124	3454	8691	1
1125	8691	6715	1
1126	6715	8592	1
1127	8592	8692	1
1128	8692	3452	1
1129	3452	8693	1
1130	8693	8694	1
1131	8694	793	1
1132	797	8628	2
1133	8628	2578	2
1134	2578	6814	2
1135	6814	2579	2
1136	2579	794	2
1137	794	8629	2
1138	8629	795	2
1139	795	8630	2
1140	8630	2571	2
1141	2571	2572	2
1142	2572	8631	2
1143	8631	796	2
1144	796	798	2
1145	798	2573	2
1146	2573	2574	2
1147	2574	799	2
1148	799	800	2
1149	800	801	2
1150	801	802	2
1151	802	2575	2
1152	2575	2576	2
1153	2576	979	2
1154	979	803	2
1155	803	2577	2
1156	2577	804	2
1157	804	8626	2
1158	8626	805	2
1159	805	8627	2
1160	8627	797	2
1161	788	4039	1
1162	4039	2604	1
1163	2604	3210	1
1164	3210	11284	1
1165	11284	799	1
1166	796	8632	1
1167	8632	6572	1
1168	6572	8633	1
1169	8633	1003	1
1170	1003	8634	1
1171	8634	3700	1
1172	3700	8635	1
1173	8635	4038	1
1174	4038	8636	1
1175	8636	789	1
1176	806	1015	1
1177	11009	2891	2
1178	2891	4415	2
1179	4415	5838	2
1180	5838	5844	2
1181	5844	822	2
1182	822	3457	2
1183	3457	4559	2
1184	4559	5825	2
1185	5825	820	2
1186	826	6781	2
1187	6781	827	2
1188	827	6778	2
1189	6778	828	2
1190	828	829	2
1191	829	826	2
1192	830	831	2
1193	831	7052	2
1194	7052	832	2
1195	832	7189	2
1196	7189	833	2
1197	833	7053	2
1198	7053	830	2
1199	834	2519	2
1200	2519	2518	2
1201	2518	835	2
1202	835	836	2
1203	836	837	2
1204	837	834	2
1205	838	839	2
1206	839	840	2
1207	840	841	2
1208	841	842	2
1209	842	843	2
1210	843	838	2
1211	844	10630	2
1212	10630	10631	2
1213	10631	845	2
1214	845	846	2
1215	846	847	2
1216	847	848	2
1217	848	849	2
1218	849	850	2
1219	850	851	2
1220	851	10629	2
1221	10629	852	2
1222	852	853	2
1223	853	844	2
1224	854	855	2
1225	855	856	2
1226	856	857	2
1227	857	10633	2
1228	10633	10637	2
1229	10637	10636	2
1230	10636	10635	2
1231	10635	10634	2
1232	10634	10632	2
1233	10632	854	2
1234	858	859	2
1235	859	860	2
1236	860	861	2
1237	861	862	2
1238	862	863	2
1239	863	864	2
1240	864	865	2
1241	865	866	2
1242	866	867	2
1243	867	868	2
1244	868	2875	2
1245	2875	869	2
1246	869	858	2
1247	873	874	2
1248	874	10683	2
1249	10683	875	2
1250	875	6792	2
1251	6792	10675	2
1252	10675	10557	2
1253	10557	10676	2
1254	10676	10558	2
1255	10558	10559	2
1256	10559	10560	2
1257	10560	876	2
1258	876	10561	2
1259	10561	10562	2
1260	10562	10563	2
1261	10563	10564	2
1262	10564	877	2
1263	877	10565	2
1264	10565	10566	2
1265	10566	10567	2
1266	10567	10568	2
1267	10568	10569	2
1268	10569	878	2
1269	878	879	2
1270	879	10570	2
1271	10570	10571	2
1272	10571	10572	2
1273	10572	10573	2
1274	10573	10574	2
1275	10574	880	2
1276	880	10575	2
1277	10575	10576	2
1278	10576	10577	2
1279	10577	881	2
1280	881	10578	2
1281	10578	10579	2
1282	10579	10580	2
1283	10580	10581	2
1284	10581	10584	2
1285	10584	10583	2
1286	10583	6793	2
1287	6793	10582	2
1288	10582	10585	2
1289	10585	10586	2
1290	10586	10587	2
1291	10587	10588	2
1292	10588	10589	2
1293	10589	882	2
1294	882	883	2
1295	883	884	2
1296	884	885	2
1297	885	886	2
1298	886	873	2
1299	894	895	2
1300	895	2567	2
1301	2567	896	2
1302	896	897	2
1303	897	6959	2
1304	6959	894	2
1305	898	899	2
1306	899	900	2
1307	900	901	2
1308	901	898	2
1309	902	903	2
1310	903	904	2
1311	904	905	2
1312	905	906	2
1313	906	907	2
1314	907	908	2
1315	908	909	2
1316	909	910	2
1317	910	911	2
1318	911	912	2
1319	912	913	2
1320	913	914	2
1321	914	915	2
1322	915	916	2
1323	916	902	2
1324	11242	3700	2
1325	3700	2604	2
1326	2604	2593	2
1327	2567	2566	2
1328	2566	7019	2
1329	7019	2565	2
1330	2565	2555	2
1331	2555	2554	2
1332	2554	917	2
1333	755	918	2
1334	918	919	2
1335	919	920	2
1336	920	921	2
1337	921	922	2
1338	922	923	2
1339	923	924	2
1340	924	925	2
1341	925	926	2
1342	926	1999	2
1343	780	8639	1
1344	8639	2473	1
1345	2473	8640	1
1346	8640	8590	1
1347	8590	939	1
1348	939	940	1
1349	940	936	1
1350	948	947	1
1351	947	946	1
1352	946	934	1
1353	956	952	2
1354	952	972	2
1355	972	971	2
1356	971	970	2
1357	970	969	2
1358	969	968	2
1359	968	975	2
1360	975	967	2
1361	967	961	2
1362	961	960	2
1363	960	959	2
1364	959	958	2
1365	958	966	2
1366	966	965	2
1367	965	973	2
1368	973	964	2
1369	964	963	2
1370	963	962	2
1371	962	957	2
1372	957	956	2
1373	973	10519	1
1374	10519	9447	1
1375	955	974	1
1376	974	10517	1
1377	10517	975	1
1378	979	978	1
1379	978	977	1
1380	977	11305	1
1381	11305	11306	1
1382	11306	976	1
1383	976	5805	1
1384	5805	8589	1
1385	8589	10518	1
1386	10518	958	1
1387	960	982	1
1388	982	5806	1
1389	5806	981	1
1390	981	11304	1
1391	11304	8624	1
1392	8624	980	1
1393	980	8625	1
1394	8625	10520	1
1395	10520	804	1
1396	6814	10513	1
1397	10513	10514	1
1398	10514	983	1
1399	987	998	1
1400	998	990	1
1401	990	991	1
1402	815	993	1
1403	993	994	1
1404	994	9408	1
1405	9408	995	1
1406	995	997	1
1407	997	987	1
1408	932	1001	1
1409	1001	8679	1
1410	8679	103	1
1411	1012	2496	1
1412	2496	2497	1
1413	2497	2498	1
1414	2498	806	1
1415	806	1011	1
1416	1011	6602	1
1417	6602	1010	1
1418	1010	1009	1
1419	1009	2493	1
1420	2493	1008	1
1421	1008	1007	1
1422	1007	1005	1
1423	1005	1006	1
1424	1006	2494	1
1425	2494	10951	1
1426	10951	2495	1
1427	2495	2649	1
1428	2649	1014	1
1429	1014	1013	1
1430	1013	1012	1
1431	1015	1010	1
1432	1019	1020	2
1433	1020	8764	2
1434	599	8912	2
1435	8912	8914	2
1436	8914	1019	2
1437	1019	1021	2
1438	1021	1023	2
1439	1023	1024	2
1440	1024	8770	2
1441	8770	1025	2
1442	1024	1026	2
1443	1026	8916	2
1444	8916	1027	2
1445	1027	1029	2
1446	1029	8771	2
1447	8771	1028	2
1448	1029	1030	2
1449	1031	1032	2
1450	1032	1033	2
1451	1033	8742	2
1452	1034	1035	2
1453	1035	1036	2
1454	1036	1037	2
1455	1037	8752	2
1456	8753	1038	2
1457	1038	1039	2
1458	1040	1041	2
1459	1041	1042	2
1460	1042	1039	2
1461	766	1044	1
1462	1044	1045	2
1463	1045	9214	2
1464	9214	1046	2
1465	1046	8737	2
1466	1047	1048	2
1467	1048	1045	2
1468	1049	1050	2
1469	1050	1051	2
1470	1052	1051	2
1471	1051	11200	2
1472	11200	9228	2
1473	1052	1159	2
1474	1159	1054	2
1475	1054	1053	2
1476	1053	8735	2
1477	1054	1055	2
1478	1055	1056	2
1479	1056	1967	2
1480	1057	10953	2
1481	10953	1058	2
1482	1058	1059	2
1483	1061	8730	2
1484	8730	1060	2
1485	1060	8731	2
1486	8731	8732	2
1487	8732	8734	2
1488	8734	8733	2
1489	8733	1976	2
1490	1061	1062	2
1491	1062	1063	2
1492	1064	1065	2
1493	1064	1066	2
1494	1066	8739	2
1495	1065	1067	2
1496	1068	1069	2
1497	1068	1070	2
1498	1070	8747	2
1499	1069	1071	2
1500	1073	1072	2
1501	1072	8713	2
1502	1073	1074	2
1503	1074	1075	2
1504	1075	8767	2
1505	1076	1078	1
1506	11008	1077	1
1507	1080	1081	2
1508	1081	1082	2
1509	1080	1083	2
1510	1081	1084	2
1511	1084	8769	2
1512	1082	1085	2
1513	1086	1087	1
1514	1086	1088	2
1515	1088	8743	2
1516	1089	1097	2
1517	1097	1090	2
1518	1090	9532	2
1519	9532	1087	2
1520	1087	1091	2
1521	1092	1093	2
1522	1092	8874	2
1523	8874	1094	2
1524	1095	1093	2
1525	1093	1096	2
1526	1096	8745	2
1527	1097	1315	2
1528	1098	1099	2
1529	1098	1100	2
1530	1099	1101	2
1531	1101	8744	2
1532	1102	1103	2
1533	1102	1104	2
1534	1104	8774	2
1535	1103	1105	2
1536	1103	1106	2
1537	9360	9131	2
1538	9131	9359	2
1539	9359	1193	2
1540	9385	5812	2
1541	5812	1111	2
1542	1111	10950	2
1543	10950	1108	2
1544	1108	1109	2
1545	1112	1110	2
1546	1111	1110	2
1547	1110	1113	2
1548	8766	1114	2
1549	1114	1113	2
1550	8740	1115	2
1551	1115	1118	2
1552	1118	1095	2
1553	8741	1116	2
1554	1116	1315	2
1555	1315	1117	2
1556	1117	1118	2
1557	5549	5550	1
1558	5550	1199	1
1559	1199	5541	1
1560	5541	1126	1
1561	1126	5542	1
1562	5542	5543	1
1563	5543	1107	1
1564	1107	5544	1
1565	5544	1122	1
1566	1122	1124	1
1567	1124	5545	1
1568	5545	5546	1
1569	5546	1123	1
1570	1123	762	1
1571	762	1125	1
1572	1125	763	1
1573	763	5547	1
1574	5547	5548	1
1575	5548	1119	1
1576	1119	1120	1
1577	1120	1200	1
1578	1200	5549	1
1579	1131	1132	2
1580	1132	1133	2
1581	1133	10841	2
1582	10841	1134	2
1583	1134	10855	2
1584	10855	10854	2
1585	10854	10840	2
1586	10840	10853	2
1587	10853	10852	2
1588	10852	10851	2
1589	10851	10850	2
1590	10850	10847	2
1591	10847	10849	2
1592	10849	10848	2
1593	10848	10846	2
1594	10846	10845	2
1595	10845	10844	2
1596	10844	10843	2
1597	10843	10842	2
1598	10842	1136	2
1599	1136	1135	2
1600	1135	1131	2
1601	1140	1137	2
1602	1137	1139	2
1603	1139	1138	2
1604	1138	1140	2
1605	1141	1142	2
1606	1142	1143	2
1607	1143	1144	2
1608	1144	1141	2
1609	1151	1152	2
1610	1152	10839	2
1611	10839	10838	2
1612	10838	1153	2
1613	1153	1150	2
1614	1150	1151	2
1615	1051	1154	2
1616	1154	1155	2
1617	1158	1157	1
1618	1157	3497	1
1619	3497	1155	1
1620	1052	1156	2
1621	1159	1160	2
1622	1160	1161	2
1623	1161	1162	2
1624	1156	1162	1
1625	1162	8768	1
1626	1164	3496	1
1627	3496	1158	1
1628	1057	1165	2
1629	1165	8738	2
1630	1161	1166	2
1631	1167	3493	2
1632	3493	1164	2
1633	8736	170	2
1634	170	1167	2
1635	1167	1168	2
1636	1175	1174	2
1637	1174	1172	2
1638	1172	1173	2
1639	1173	8796	2
1640	1942	8763	2
1641	8763	8761	2
1642	8761	8762	2
1643	8762	1177	2
1644	1177	1176	2
1645	3569	1312	1
1646	1312	8736	1
1647	8736	8796	1
1648	8796	1943	1
1649	1943	1942	1
1650	1942	3581	1
1651	1188	1189	2
1652	1189	3494	2
1653	3494	1190	2
1654	1190	1191	2
1655	1192	1146	2
1656	1146	1145	2
1657	1145	1148	2
1658	1148	1192	2
1659	130	1935	1
1660	1935	1938	1
1661	1938	185	1
1662	185	1178	1
1663	1178	1177	1
1664	1177	1175	1
1665	1175	1173	1
1666	1173	1171	1
1667	1171	170	1
1668	170	1163	1
1669	1163	1166	1
1670	1166	1053	1
1671	1053	1056	1
1672	1056	1165	1
1673	1165	1059	1
1674	1059	1060	1
1675	1060	1977	1
1676	1977	1063	1
1677	1063	1066	1
1678	1066	1067	1
1679	1067	1070	1
1680	1070	1071	1
1681	1071	8714	1
1682	8714	1072	1
1683	1072	1075	1
1684	1075	1078	1
1685	1078	11008	1
1686	11008	1079	1
1687	1079	1083	1
1688	1083	1084	1
1689	1084	1085	1
1690	1085	10428	1
1691	10428	1088	1
1692	1088	1091	1
1693	1091	1094	1
1694	1094	1096	1
1695	1096	1100	1
1696	1100	8718	1
1697	8718	1101	1
1698	1101	1104	1
1699	1104	1105	1
1700	1105	1193	1
1701	1194	1195	2
1702	1195	1196	2
1703	1196	1197	2
1704	1197	1194	2
1705	1206	1203	2
1706	1203	9358	2
1707	9358	9360	2
1708	9360	1106	2
1709	1106	1109	2
1710	1109	5815	2
1711	5815	5807	2
1712	1193	9129	1
1713	9129	1204	1
1714	1204	1205	1
1715	1205	9130	1
1716	9130	1206	1
1717	10999	9525	1
1718	9525	8760	1
1719	8760	198	1
1720	198	5270	1
1721	5270	5271	1
1722	1221	350	1
1723	350	372	1
1724	372	5605	1
1725	1221	321	2
1726	1219	1220	2
1727	1220	10367	2
1728	10367	10368	2
1729	10368	1221	2
1730	3661	3663	1
1731	3663	1232	1
1732	1232	8748	1
1733	8748	9574	1
1734	9574	1233	1
1735	1233	1253	1
1736	1253	1234	1
1737	1234	1235	1
1738	1235	1255	1
1739	1255	1236	1
1740	1236	1290	1
1741	1290	1237	1
1742	1237	1238	1
1743	1238	1292	1
1744	1292	1239	1
1745	1239	1240	1
1746	1240	1241	1
1747	1241	1242	1
1748	1242	1243	1
1749	24	9732	2
1750	9732	9302	2
1751	9302	10260	2
1752	10260	59	2
1753	59	58	2
1754	58	3249	2
1755	3249	3254	2
1756	3254	1244	2
1757	1244	1245	2
1758	1245	2990	2
1759	2990	2991	2
1760	2991	1246	2
1761	1246	2992	2
1762	2992	1247	2
1763	1247	9579	2
1764	9579	3096	2
1765	3096	1248	2
1766	1248	1249	2
1767	1249	1250	2
1768	1222	9720	1
1769	9720	1223	1
1770	1223	10315	1
1771	10315	1224	1
1772	1224	1294	1
1773	1294	1293	1
1774	1293	1225	1
1775	1225	1226	1
1776	1226	1291	1
1777	1291	1227	1
1778	1227	1228	1
1779	1228	1256	1
1780	1256	1229	1
1781	1229	1254	1
1782	1254	9573	1
1783	9573	1230	1
1784	1230	9474	1
1785	9474	1231	1
1786	1231	3662	1
1787	3662	3664	1
1788	3664	1252	1
1789	3618	1256	2
1790	1256	10079	2
1791	10079	1257	2
1792	1264	1266	2
1793	1266	1258	2
1794	1258	7750	2
1795	7750	7749	2
1796	7749	1259	2
1797	1259	1260	2
1798	1260	1261	2
1799	1261	1265	2
1800	1265	1263	2
1801	1263	1262	2
1802	1263	3279	2
1803	3279	1264	2
1804	1265	1266	2
1805	1280	9461	1
1806	9461	9460	1
1807	9460	9459	1
1808	9459	1268	1
1809	1268	1267	1
1810	1267	1262	1
1811	1262	5023	1
1812	5023	3656	1
1813	3656	5078	1
1814	1280	1269	2
1815	1269	1273	2
1816	1273	1270	2
1817	1270	1271	2
1818	1271	3597	2
1819	3597	1278	2
1820	1278	1272	2
1821	1273	1272	2
1822	1272	1274	2
1823	1274	1275	2
1824	1275	1276	2
1825	1277	1276	2
1826	1276	1268	2
1827	1278	1277	2
1828	1277	1279	2
1829	1279	1261	2
1830	1281	11397	2
1831	11397	10030	2
1832	10030	1285	2
1833	1285	9993	2
1834	9993	1282	2
1835	1283	1284	2
1836	1285	1284	2
1837	1284	1288	2
1838	1288	10000	2
1839	10000	1286	2
1840	5082	5081	2
1841	5081	1286	2
1842	1287	1288	2
1843	1288	1289	2
1844	1290	1291	2
1845	1291	10088	2
1846	10088	10091	2
1847	10091	10982	2
1848	10982	10100	2
1849	10100	10106	2
1850	10106	1295	2
1851	1225	9557	2
1852	9557	9556	2
1853	9556	1296	2
1854	1296	1304	2
1855	1304	1295	2
1856	7828	7827	2
1857	7827	7826	2
1858	7826	7830	2
1859	9342	7825	2
1860	7825	1303	2
1861	1303	10051	2
1862	10051	1305	2
1863	123	10166	2
1864	10166	292	2
1865	292	293	2
1866	293	294	2
1867	294	295	2
1868	295	297	2
1869	297	298	2
1870	298	300	2
1871	300	1219	2
1872	1219	302	2
1873	205	1313	1
1874	1313	236	1
1875	236	213	2
1876	213	105	2
1877	105	5719	2
1878	5719	106	2
1879	106	107	2
1880	107	9446	2
1881	9446	109	2
1882	109	110	2
1883	110	7193	2
1884	7193	955	2
1885	255	254	1
1886	254	204	1
1887	4338	117	1
1888	117	4345	1
1889	4345	253	1
1890	253	3642	1
1891	3642	255	1
1892	255	291	1
1893	291	4340	1
1894	4340	231	1
1895	231	205	1
1896	205	604	1
1897	604	593	1
1898	593	9361	1
1899	9361	2002	1
1900	2002	1314	1
1901	1314	2001	1
1902	2001	4338	1
1903	289	10346	1
1904	10346	3395	1
1905	3395	3396	1
1906	3396	3397	1
1907	3397	3398	1
1908	3398	3399	1
1909	3399	9356	1
1910	9356	9338	1
1911	9338	3400	1
1912	1321	1349	2
1913	1349	9230	2
1914	9230	1360	2
1915	1360	1379	2
1916	1379	1361	2
1917	1361	1370	2
1918	1370	1367	2
1919	1367	1321	2
1920	1368	5856	2
1921	5856	3052	2
1922	3052	1338	2
1923	1338	1320	2
1924	1320	1319	2
1925	1319	1345	2
1926	1345	1335	2
1927	1335	1359	2
1928	1359	1317	2
1929	1317	1323	2
1930	1323	1354	2
1931	1354	1334	2
1932	1334	1378	2
1933	1378	1337	2
1934	1337	1327	2
1935	1327	1363	2
1936	1363	1369	2
1937	1369	1341	2
1938	1341	1340	2
1939	1340	3053	2
1940	3053	1336	2
1941	1336	1339	2
1942	1339	1362	2
1943	1362	1342	2
1944	1342	1324	2
1945	1324	1358	2
1946	1358	1318	2
1947	1318	1326	2
1948	1326	1325	2
1949	1325	1368	2
1950	1391	1394	2
1951	1394	1385	2
1952	1385	1389	2
1953	1389	1393	2
1954	1393	209	2
1955	1390	1395	1
1956	1386	1396	1
1957	1388	228	2
1958	1396	8749	1
1959	8749	1230	1
1960	9573	8750	1
1961	8750	1390	1
1962	272	1407	2
1963	1407	1400	2
1964	1469	9208	2
1965	9208	1416	2
1966	1416	1417	2
1967	1417	1401	2
1968	1401	10998	2
1969	10998	10997	2
1970	10997	11032	2
1971	11032	1415	2
1972	1459	1402	2
1973	1404	1405	2
1974	1405	1512	2
1975	1512	1467	2
1976	1467	1406	2
1977	1406	1457	2
1978	1457	1407	2
1979	1407	1485	2
1980	1485	1408	2
1981	1408	1468	2
1982	1468	1409	2
1983	1409	1459	2
1984	1459	1464	2
1985	1464	1410	2
1986	1410	1474	2
1987	1474	1473	2
1988	1473	1411	2
1989	1411	1416	2
1990	1416	1412	2
1991	1412	10364	2
1992	10364	9406	2
1993	9406	1413	2
1994	1413	1414	2
1995	1424	1423	2
1996	1423	1425	2
1997	1425	1923	2
1998	1923	1421	2
1999	1421	1420	2
2000	1420	1426	2
2001	1426	1422	2
2002	1437	1441	2
2003	1441	1442	2
2004	1442	1434	2
2005	1434	1437	2
2006	1448	1432	2
2007	1432	1431	2
2008	1431	1445	2
2009	1445	1448	2
2010	1445	1448	2
2011	1448	1435	2
2012	1435	1429	2
2013	1429	1444	2
2014	1444	1443	2
2015	1443	1433	2
2016	1433	1445	2
2017	1447	1430	2
2018	1430	1446	2
2019	1446	1428	2
2020	1428	1447	2
2021	1439	1440	2
2022	1440	1436	2
2023	1436	1438	2
2024	1438	1439	2
2025	1469	9206	1
2026	9206	3426	1
2027	3426	9709	1
2028	9709	267	1
2029	267	3428	1
2030	3428	265	1
2031	265	3429	1
2032	3429	262	1
2033	262	1477	1
2034	1477	263	1
2035	263	266	1
2036	266	1519	1
2037	1519	268	1
2038	268	270	1
2039	270	272	1
2040	272	1460	1
2041	1460	276	1
2042	276	1516	1
2043	1516	279	1
2044	279	1522	1
2045	1522	286	1
2046	286	1403	1
2047	1403	3425	1
2048	3425	11198	1
2049	11198	1456	1
2050	1456	1526	1
2051	1497	1530	2
2052	1530	1472	2
2053	1472	1449	2
2054	1449	1497	2
2055	1410	262	2
2056	1482	1462	2
2057	1462	1518	2
2058	1518	1470	2
2059	1470	1483	2
2060	1483	1458	2
2061	1458	1453	2
2062	1453	1495	2
2063	1495	1475	2
2064	1475	1540	2
2065	1540	1515	2
2066	1515	1489	2
2067	1489	1524	2
2068	1524	1509	2
2069	1450	1538	2
2070	1538	1511	2
2071	1484	1532	2
2072	1532	1500	2
2073	1500	1496	2
2074	1496	1452	2
2075	1452	1484	2
2076	1513	1491	2
2077	1491	1504	2
2078	1504	1528	2
2079	1528	1535	2
2080	1535	1513	2
2081	1482	257	2
2082	1528	1532	2
2083	1532	1484	2
2084	1484	1535	2
2085	1535	1528	2
2086	1517	271	2
2087	1513	1452	2
2088	1452	1484	2
2089	1484	1535	2
2090	1535	1513	2
2091	1471	1537	2
2092	1537	1510	2
2093	1510	1499	2
2094	1499	1471	2
2095	1490	1525	2
2096	1525	1487	2
2097	1487	1454	2
2098	1454	1490	2
2099	1507	1455	2
2100	1455	1480	2
2101	1480	1479	2
2102	1479	1501	2
2103	1501	1514	2
2104	1514	1536	2
2105	1536	1542	2
2106	1542	1527	2
2107	1527	1505	2
2108	1505	1316	2
2109	1316	1507	2
2110	1451	278	2
2111	288	1476	2
2112	1476	1451	2
2113	1451	1521	2
2114	1521	1517	2
2115	1517	1463	2
2116	1463	1523	2
2117	1523	1509	2
2118	1509	1534	2
2119	1534	1533	2
2120	1533	1486	2
2121	1486	1502	2
2122	1502	1488	2
2123	1488	1482	2
2124	1581	1563	2
2125	1563	1570	2
2126	1570	3530	2
2127	3530	1583	2
2128	1583	1560	2
2129	1548	1574	2
2130	1574	1576	2
2131	1573	1551	2
2132	1551	1571	2
2133	1571	1579	2
2134	1579	1573	2
2135	1554	1564	2
2136	1580	1554	2
2137	1554	9355	2
2138	9355	1548	2
2139	1584	1553	2
2140	1553	1562	2
2141	1562	1561	2
2142	1561	1584	2
2143	1581	1931	2
2144	1931	1574	2
2145	1574	1564	2
2146	1564	1558	2
2147	1556	1549	2
2148	1549	1568	2
2149	1568	1577	2
2150	1577	1556	2
2151	1566	1557	2
2152	1557	1565	2
2153	1565	1559	2
2154	1559	1566	2
2155	1560	3524	2
2156	3524	1576	2
2157	1576	1930	2
2158	1930	57	2
2159	1575	1582	2
2160	1582	1578	2
2161	1578	1569	2
2162	1569	1585	2
2163	1585	1550	2
2164	1550	1572	2
2165	1572	1567	2
2166	1567	1552	2
2167	1552	1555	2
2168	1555	1575	2
2169	1547	1546	2
2170	1546	1544	2
2171	1544	1545	2
2172	1545	1547	2
2173	1594	1613	2
2174	1613	1605	2
2175	1605	1623	2
2176	1623	1616	2
2177	1616	1607	2
2178	1607	1608	2
2179	1608	1604	2
2180	1604	1596	2
2181	1596	1610	2
2182	1610	1612	2
2183	1612	1620	2
2184	1620	1625	2
2185	1625	1619	2
2186	1619	1590	2
2187	1590	1586	2
2188	1586	1597	2
2189	1597	1603	2
2190	1603	1624	2
2191	1624	1602	2
2192	1602	1598	2
2193	1598	1609	2
2194	1609	1614	2
2195	1614	1621	2
2196	1621	1617	2
2197	1617	1622	2
2198	1622	1611	2
2199	1611	1601	2
2200	1601	1591	2
2201	1591	1595	2
2202	1595	1600	2
2203	1600	1588	2
2204	1588	1589	2
2205	1589	1606	2
2206	1606	1599	2
2207	1599	1593	2
2208	1593	1615	2
2209	1615	1618	2
2210	1618	1587	2
2211	1587	1592	2
2212	1592	1594	2
2213	1651	1646	2
2214	1646	1659	2
2215	1659	1658	2
2216	1658	1642	2
2217	1642	1639	2
2218	1639	1627	2
2219	1627	1667	2
2220	1667	1670	2
2221	1670	1635	2
2222	1635	1631	2
2223	1631	1630	2
2224	1630	1651	2
2225	1638	1647	2
2226	1647	1652	2
2227	1652	1668	2
2228	1668	1634	2
2229	1634	1657	2
2230	1657	1650	2
2231	1650	1654	2
2232	1654	1629	2
2233	1629	1662	2
2234	1662	1649	2
2235	1649	1669	2
2236	1669	1644	2
2237	1644	1653	2
2238	1653	1664	2
2239	1664	1628	2
2240	1628	1665	2
2241	1665	1640	2
2242	1640	1666	2
2243	1666	1626	2
2244	1626	1633	2
2245	1633	1643	2
2246	1643	1661	2
2247	1661	1656	2
2248	1656	1641	2
2249	1641	1632	2
2250	1632	1645	2
2251	1645	1648	2
2252	1648	1637	2
2253	1637	1660	2
2254	1660	1655	2
2255	1655	1636	2
2256	1636	1663	2
2257	1663	1638	2
2258	1674	1676	2
2259	1676	1675	2
2260	1675	1672	2
2261	1672	1674	2
2262	1679	1677	2
2263	1677	1671	2
2264	1671	1680	2
2265	1680	1673	2
2266	1673	1678	2
2267	1678	1679	2
2268	1685	1692	2
2269	1692	1686	2
2270	1686	1690	2
2271	1690	1681	2
2272	1681	1687	2
2273	1687	1685	2
2274	1685	1689	2
2275	1689	1684	2
2276	1684	1687	2
2277	1687	1685	2
2278	1692	1682	2
2279	1682	1688	2
2280	1688	1686	2
2281	1686	1692	2
2282	1686	1683	2
2283	1683	1691	2
2284	1691	1690	2
2285	1690	1686	2
2286	1699	1703	2
2287	1703	1705	2
2288	1705	1707	2
2289	1699	1702	2
2290	1701	1704	2
2291	1704	1706	2
2292	1706	1700	2
2293	1700	1701	2
2294	1693	1694	2
2295	1708	1710	2
2296	1710	1709	2
2297	1709	1711	2
2298	1711	1708	2
2299	1712	1713	2
2300	1713	1711	2
2301	1711	1708	2
2302	1708	1712	2
2303	1721	1715	2
2304	1715	1714	2
2305	1714	1722	2
2306	1722	1719	2
2307	1719	1723	2
2308	1723	1724	2
2309	1724	1718	2
2310	1718	1717	2
2311	1717	1720	2
2312	1720	1716	2
2313	1716	1725	2
2314	1725	1721	2
2315	1735	1728	2
2316	1728	1727	2
2317	1727	1731	2
2318	1731	1729	2
2319	1729	1733	2
2320	1733	1737	2
2321	1737	1730	2
2322	1730	1734	2
2323	1734	1732	2
2324	1732	1726	2
2325	1726	1736	2
2326	1736	1735	2
2327	1812	1823	2
2328	1823	1801	2
2329	1801	1829	2
2330	1829	1828	2
2331	1828	1826	2
2332	1826	1759	2
2333	1759	1740	2
2334	1740	1798	2
2335	1798	1802	2
2336	1802	1799	2
2337	1799	1754	2
2338	1754	1812	2
2339	1752	1817	2
2340	1817	1761	2
2341	1761	1824	2
2342	1824	1816	2
2343	1816	1762	2
2344	1762	1742	2
2345	1742	1748	2
2346	1748	1751	2
2347	1751	1797	2
2348	1797	1745	2
2349	1745	1805	2
2350	1805	1752	2
2351	1756	1820	2
2352	1820	1791	2
2353	1791	1793	2
2354	1793	1746	2
2355	1746	1755	2
2356	1755	1757	2
2357	1757	1747	2
2358	1747	1741	2
2359	1741	1806	2
2360	1806	1807	2
2361	1807	1749	2
2362	1749	1756	2
2363	1785	1811	2
2364	1811	1804	2
2365	1804	1794	2
2366	1794	1753	2
2367	1753	1800	2
2368	1800	1809	2
2369	1809	1810	2
2370	1810	1786	2
2371	1786	1796	2
2372	1796	1743	2
2373	1743	1825	2
2374	1825	1785	2
2375	1758	1827	2
2376	1827	1831	2
2377	1831	1738	2
2378	1738	1789	2
2379	1789	1792	2
2380	1792	1744	2
2381	1744	1739	2
2382	1739	1760	2
2383	1760	1830	2
2384	1830	1815	2
2385	1815	1813	2
2386	1813	1758	2
2387	1808	1750	2
2388	1750	1787	2
2389	1787	1821	2
2390	1821	1818	2
2391	1818	1795	2
2392	1795	1822	2
2393	1822	1814	2
2394	1814	1790	2
2395	1790	1803	2
2396	1803	1788	2
2397	1788	1819	2
2398	1819	1808	2
2399	1838	1834	2
2400	1834	1839	2
2401	1839	1833	2
2402	1833	1838	2
2403	1835	1837	2
2404	1837	1836	2
2405	1836	1832	2
2406	1832	1835	2
2407	1768	1783	2
2408	1783	1778	2
2409	1778	1782	2
2410	1782	1768	2
2411	1776	1764	2
2412	1764	1771	2
2413	1771	1781	2
2414	1781	1776	2
2415	1770	1773	2
2416	1773	1766	2
2417	1766	1765	2
2418	1765	1770	2
2419	1779	1763	2
2420	1763	1767	2
2421	1767	1780	2
2422	1780	1774	2
2423	1774	1775	2
2424	1775	1779	2
2425	1772	1769	2
2426	1769	1784	2
2427	1784	1777	2
2428	1777	1772	2
2429	1852	1848	2
2430	1848	1853	2
2431	1853	1851	2
2432	1851	1852	2
2433	1850	1849	2
2434	1695	1697	2
2435	1697	1696	2
2436	1696	1698	2
2437	1698	1695	2
2438	1877	1867	2
2439	1867	1869	2
2440	1869	1866	2
2441	1866	1877	2
2442	1874	1876	2
2443	1876	1875	2
2444	1875	1873	2
2445	1873	1874	2
2446	1872	1878	2
2447	1878	1870	2
2448	1870	1879	2
2449	1879	1868	2
2450	1868	1871	2
2451	1871	1872	2
2452	1844	1845	2
2453	1845	1846	2
2454	1846	1841	2
2455	1841	1844	2
2456	1847	1840	2
2457	1840	1842	2
2458	1842	1843	2
2459	1843	1847	2
2460	1860	1859	2
2461	1859	1858	2
2462	1858	1862	2
2463	1862	1860	2
2464	1864	1863	2
2465	1863	1865	2
2466	1865	1861	2
2467	1861	1864	2
2468	1856	1855	2
2469	1855	1854	2
2470	1854	1857	2
2471	1857	1856	2
2472	1884	1885	2
2473	1885	1886	2
2474	1886	1887	2
2475	1887	1884	2
2476	1882	1880	2
2477	1880	1883	2
2478	1883	1881	2
2479	1881	1882	2
2480	1901	1896	2
2481	1896	1897	2
2482	1897	1899	2
2483	1899	1901	2
2484	1900	1901	2
2485	1901	1899	2
2486	1899	1898	2
2487	1898	1902	2
2488	1902	1900	2
2489	1892	1893	2
2490	1893	1891	2
2491	1891	1890	2
2492	1890	1892	2
2493	1889	1895	2
2494	1895	1888	2
2495	1888	1894	2
2496	1894	1889	2
2497	1903	1904	2
2498	1904	1905	2
2499	1905	1906	2
2500	1906	1903	2
2501	1914	9340	2
2502	9340	7829	2
2503	9341	1913	2
2504	1913	1916	2
2505	1911	9396	2
2506	9396	1915	2
2507	1915	8773	2
2508	8773	1912	2
2509	1912	1910	2
2510	1910	1909	2
2511	1909	10954	2
2512	10954	250	2
2513	1919	1922	2
2514	1922	1917	2
2515	1917	1921	2
2516	1921	1919	2
2517	1922	1918	2
2518	1918	1920	2
2519	1920	1917	2
2520	1917	1922	2
2521	929	8646	1
2522	8646	930	1
2523	930	8647	1
2524	8647	931	1
2525	931	8648	1
2526	8648	932	1
2527	932	10422	1
2528	10422	10423	1
2529	10423	10421	1
2530	10421	103	1
2531	103	9278	1
2532	9278	8680	1
2533	8680	933	1
2534	933	934	1
2535	934	935	1
2536	935	4022	1
2537	4022	4027	1
2538	4027	936	1
2539	936	941	1
2540	941	8641	1
2541	8641	937	1
2542	937	8642	1
2543	8642	4023	1
2544	4023	8643	1
2545	8643	938	1
2546	938	8644	1
2547	8644	928	1
2548	928	8645	1
2549	8645	929	1
2550	9278	4024	1
2551	4024	4025	1
2552	4025	4026	1
2553	4026	948	1
2554	944	10312	1
2555	10312	927	1
2556	927	928	1
2557	1022	8720	1
2558	8720	3483	1
2559	3483	1025	1
2560	1025	1028	1
2561	1028	3475	1
2562	3475	199	1
2563	199	1033	1
2564	1033	8166	1
2565	8166	1034	1
2566	1034	1037	1
2567	7337	8669	1
2568	8669	7328	1
2569	7328	7327	1
2570	7327	7326	1
2571	7326	7325	1
2572	7325	8670	1
2573	8670	7335	1
2574	5548	764	1
2575	764	765	1
2576	765	1128	1
2577	1128	309	1
2578	1928	1925	2
2579	1929	1928	2
2580	1928	3523	2
2581	3523	1927	2
2582	1930	1929	2
2583	1929	1924	2
2584	23	1924	2
2585	1924	1925	2
2586	1925	3522	2
2587	3522	1926	2
2588	1548	1933	2
2589	146	162	2
2590	162	151	2
2591	151	135	2
2592	135	180	2
2593	180	134	2
2594	134	181	2
2595	9235	1970	2
2596	1958	1946	2
2597	1963	1972	2
2598	1983	1974	2
2599	1961	3492	2
2600	3492	3500	2
2601	3500	3499	2
2602	3499	1968	2
2603	1987	1982	2
2604	1984	3105	2
2605	3105	1988	2
2606	1955	1958	2
2607	1958	1962	2
2608	1960	131	2
2609	131	1966	2
2610	1965	1970	2
2611	1981	1979	2
2612	1979	1978	2
2613	1948	1959	2
2614	1959	1971	2
2615	1951	1953	1
2616	1953	1952	1
2617	1975	1964	2
2618	1964	1954	2
2619	1947	1957	2
2620	1957	1962	2
2621	9234	1973	2
2622	1973	1972	2
2623	1972	1968	2
2624	7075	10724	2
2625	10724	10728	2
2626	10728	10732	2
2627	10732	10736	2
2628	10736	10740	2
2629	10740	10744	2
2630	10744	10748	2
2631	10748	10752	2
2632	10752	10756	2
2633	10756	10761	2
2634	10761	1998	2
2635	1998	1997	2
2636	1997	1996	2
2637	1996	8070	2
2638	8070	1992	2
2639	9236	1965	2
2640	1965	9564	2
2641	9564	1963	2
2642	1963	1961	2
2643	1944	177	2
2644	177	1951	2
2645	1951	1956	2
2646	1990	1988	2
2647	1988	1987	2
2648	1987	1985	2
2649	1989	1991	1
2650	1991	1992	1
2651	1986	1983	2
2652	1983	1980	2
2653	2022	2019	1
2654	2019	2017	1
2655	2017	2015	1
2656	2015	2012	1
2657	2012	2009	1
2658	2009	2007	1
2659	2007	2005	1
2660	2005	2003	1
2661	2003	1314	1
2662	9361	2004	1
2663	2004	2006	1
2664	2006	2008	1
2665	2008	2010	1
2666	2010	2011	1
2667	2011	2013	1
2668	2013	2014	1
2669	2014	2016	1
2670	2016	2018	1
2671	2018	2020	1
2672	2021	3742	1
2673	3742	2020	1
2674	2020	2023	1
2675	2023	2024	1
2676	2024	3734	1
2677	3734	3735	1
2678	3735	3736	1
2679	3736	2027	1
2680	2027	2028	1
2681	2028	3737	1
2682	3737	2029	1
2683	2029	2026	1
2684	2026	3738	1
2685	3738	3739	1
2686	3739	592	1
2687	592	3740	1
2688	3740	3741	1
2689	3741	2022	1
2690	2022	2021	1
2691	358	2025	1
2692	2025	11011	1
2693	11011	592	1
2694	208	5343	1
2695	5343	11010	1
2696	11010	2030	1
2697	2030	358	1
2698	1015	807	2
2699	807	808	2
2700	808	809	2
2701	809	810	2
2702	810	811	2
2703	811	812	2
2704	812	8797	2
2705	8797	813	2
2706	813	814	2
2707	814	7143	2
2708	7143	815	2
2709	2072	2093	2
2710	2093	2099	2
2711	2099	2073	2
2712	2073	2095	2
2713	2095	2087	2
2714	2087	2088	2
2715	2088	2096	2
2716	2096	2089	2
2717	2089	2071	2
2718	2071	7926	2
2719	7926	2077	2
2720	2077	2076	2
2721	2076	2085	2
2722	2085	2094	2
2723	2094	2078	2
2724	2078	2075	2
2725	2075	7313	2
2726	7313	2084	2
2727	2084	2048	2
2728	2048	2041	2
2729	2041	2050	2
2730	2050	2044	2
2731	2044	2043	2
2732	2043	2052	2
2733	2052	2042	2
2734	2042	2040	2
2735	2040	2047	2
2736	2047	2053	2
2737	2053	2051	2
2738	2051	2046	2
2739	2046	2039	2
2740	2039	2045	2
2741	2045	2049	2
2742	2049	2038	2
2743	2092	2098	2
2744	2098	2074	2
2745	2074	2091	2
2746	2091	2092	2
2747	2079	2090	2
2748	2090	2086	2
2749	2086	2081	2
2750	2081	2079	2
2751	2100	2104	2
2752	2104	2107	2
2753	2107	7728	2
2754	7728	2106	2
2755	2106	2100	2
2756	2102	2103	2
2757	2103	2101	2
2758	2101	2105	2
2759	2105	2102	2
2760	1382	2122	2
2761	2122	2121	2
2762	2121	2125	2
2763	2125	2124	2
2764	2124	2128	2
2765	2128	2123	2
2766	2123	2108	2
2767	2108	2116	2
2768	2116	2127	2
2769	2127	2114	2
2770	2114	2112	2
2771	2112	2111	2
2772	2111	2126	2
2773	2126	1382	2
2774	1254	1253	2
2775	1253	2129	2
2776	2118	2109	2
2777	2109	2119	2
2778	2119	2113	2
2779	2113	2118	2
2780	2120	2110	2
2781	2110	2115	2
2782	2115	2117	2
2783	2117	2130	2
2784	2130	2120	2
2785	2120	2132	2
2786	2132	2131	2
2787	2131	2130	2
2788	2130	2120	2
2789	2059	2065	2
2790	2065	2061	2
2791	2061	2054	2
2792	2054	2059	2
2793	2057	2063	2
2794	2063	2067	2
2795	2067	2062	2
2796	2062	2056	2
2797	2056	2070	2
2798	2070	2060	2
2799	2060	2058	2
2800	2058	2064	2
2801	2064	2068	2
2802	2068	2066	2
2803	2066	2069	2
2804	2069	2055	2
2805	2055	2057	2
2806	2139	2136	2
2807	2136	2147	2
2808	2147	3630	2
2809	3630	2144	2
2810	2144	2134	2
2811	2134	2135	2
2812	2135	2140	2
2813	2140	2146	2
2814	2146	2141	2
2815	2141	2143	2
2816	2143	2142	2
2817	2142	2149	2
2818	2149	2139	2
2819	3466	3469	2
2820	3469	3470	2
2821	3470	3467	2
2822	3467	2035	2
2823	2035	2033	2
2824	2033	3466	2
2825	2157	2213	2
2826	2213	2205	2
2827	2205	2177	2
2828	2177	2180	2
2829	2180	2169	2
2830	2169	2207	2
2831	2207	2202	2
2832	2202	2179	2
2833	2179	2166	2
2834	2166	2150	2
2835	2150	2190	2
2836	2190	2164	2
2837	2164	2204	2
2838	2204	2215	2
2839	2215	2201	2
2840	2201	2198	2
2841	2198	2183	2
2842	2183	2162	2
2843	2162	2199	2
2844	2199	2186	2
2845	2186	2173	2
2846	2173	2210	2
2847	2210	2156	2
2848	2156	2191	2
2849	2191	2188	2
2850	2188	2203	2
2851	2203	2154	2
2852	2154	2151	2
2853	2151	2209	2
2854	2209	2176	2
2855	2176	2174	2
2856	2174	9104	2
2857	9104	2206	2
2858	2206	2153	2
2859	2153	2181	2
2860	2181	2165	2
2861	2165	2172	2
2862	2172	2216	2
2863	2216	2214	2
2864	2214	2195	2
2865	2195	2170	2
2866	2170	2212	2
2867	2212	2171	2
2868	2171	2155	2
2869	2155	2152	2
2870	2152	2217	2
2871	2217	2158	2
2872	2158	2184	2
2873	2184	2182	2
2874	2182	2200	2
2875	2200	2175	2
2876	2175	2218	2
2877	2218	2208	2
2878	2208	2157	2
2879	2153	2206	2
2880	2206	9104	2
2881	9104	2174	2
2882	2174	2176	2
2883	2176	2209	2
2884	2209	2193	2
2885	2193	2187	2
2886	2187	2160	2
2887	2160	2185	2
2888	2185	2167	2
2889	2167	2194	2
2890	2194	2192	2
2891	2192	2163	2
2892	2163	2197	2
2893	2197	2153	2
2894	2161	2159	2
2895	2159	2211	2
2896	2211	2168	2
2897	2168	2189	2
2898	2189	2161	2
2899	2261	2243	2
2900	2243	2246	2
2901	2246	2224	2
2902	2224	2261	2
2903	2252	2254	2
2904	2254	2240	2
2905	2240	2245	2
2906	2245	2252	2
2907	2244	2236	2
2908	2236	2249	2
2909	2249	2250	2
2910	2250	2244	2
2911	2232	2219	2
2912	2219	2258	2
2913	2258	2229	2
2914	2229	2232	2
2915	2248	2253	2
2916	2253	2237	2
2917	2237	2256	2
2918	2256	2248	2
2919	2226	2231	2
2920	2231	2234	2
2921	2234	2230	2
2922	2230	2262	2
2923	2262	2222	2
2924	2222	5414	2
2925	5414	2223	2
2926	2223	2227	2
2927	2227	2225	2
2928	2225	2255	2
2929	2255	2260	2
2930	2260	5415	2
2931	5415	2257	2
2932	2257	2233	2
2933	2233	2226	2
2934	2259	2238	2
2935	2238	2239	2
2936	2239	2247	2
2937	2247	2259	2
2938	2228	2241	2
2939	2241	2251	2
2940	2251	2235	2
2941	2235	2228	2
2942	2263	2242	2
2943	2242	2220	2
2944	2220	2221	2
2945	2221	2263	2
2946	2178	2269	2
2947	2269	2271	2
2948	2271	2276	2
2949	2276	2266	2
2950	2266	2272	2
2951	2272	2277	2
2952	2277	2264	2
2953	2264	2270	2
2954	2270	2267	2
2955	2267	2274	2
2956	2274	2273	2
2957	2273	2268	2
2958	2268	2275	2
2959	2275	2265	2
2960	2265	2031	2
2961	2031	2034	2
2962	2034	2037	2
2963	2037	2196	2
2964	2196	2178	2
2965	2278	2279	1
2966	2279	201	1
2967	201	498	1
2968	498	481	1
2969	481	465	1
2970	465	438	1
2971	438	435	1
2972	435	2280	1
2973	2280	208	1
2974	208	2029	1
2975	2027	2284	1
2976	2284	2283	1
2977	2283	382	1
2978	382	1257	1
2979	1257	2282	1
2980	2282	2281	1
2981	377	415	2
2982	415	420	2
2983	420	2285	2
2984	234	222	2
2985	222	219	2
2986	204	238	1
2987	238	231	1
2988	2286	2287	2
2989	2292	5912	1
2990	5912	5938	1
2991	5938	2291	1
2992	3766	3765	2
2993	3765	9311	2
2994	9311	9310	2
2995	9310	3764	2
2996	3764	5818	2
2997	2296	3774	2
2998	3774	2297	2
2999	2297	2298	2
3000	2298	8058	2
3001	8058	3954	2
3002	3954	8059	2
3003	8059	2299	2
3004	2299	8056	2
3005	8056	2294	2
3006	2294	2296	2
3007	2300	2301	2
3008	2301	2302	2
3009	2302	2303	2
3010	2303	2300	2
3011	2304	2305	2
3012	2305	2306	2
3013	2306	2307	2
3014	2307	2308	2
3015	2308	2309	2
3016	2309	2310	2
3017	2310	2311	2
3018	2311	2304	2
3019	2312	2313	2
3020	2313	2314	2
3021	2314	8264	2
3022	8264	8265	2
3023	8265	8266	2
3024	8266	8263	2
3025	8263	2315	2
3026	2315	5824	2
3027	5824	2312	2
3028	2316	8055	2
3029	8055	3955	2
3030	3955	8054	2
3031	8054	7996	2
3032	7996	2317	2
3033	2317	2318	2
3034	2318	3956	2
3035	3956	3958	2
3036	3958	3959	2
3037	3959	3957	2
3038	3957	2316	2
3039	2319	2320	2
3040	2320	6077	2
3041	6077	5997	2
3042	5997	5996	2
3043	5996	6082	2
3044	6082	2321	2
3045	2321	2322	2
3046	2322	2323	2
3047	2323	3942	2
3048	3942	3944	2
3049	3944	3943	2
3050	3943	3941	2
3051	3941	2324	2
3052	2324	6076	2
3053	6076	2319	2
3054	2325	2326	2
3055	2326	2327	2
3056	2327	2328	2
3057	2328	5915	2
3058	5915	2325	2
3059	2329	2330	2
3060	2330	2331	2
3061	2331	2332	2
3062	2332	2329	2
3063	2333	2334	2
3064	2334	2335	2
3065	2335	2336	2
3066	2336	2337	2
3067	2337	2338	2
3068	2338	5822	2
3069	5822	2339	2
3070	2339	6173	2
3071	6173	2333	2
3072	2340	2341	2
3073	2341	2342	2
3074	2342	3947	2
3075	3947	2343	2
3076	2343	2340	2
3077	5794	7949	2
3078	7949	3176	2
3079	3176	8041	2
3080	8041	2344	2
3081	2344	3836	2
3082	3836	5913	2
3083	5913	2345	2
3084	2345	2346	2
3085	2346	9085	2
3086	9085	4306	2
3087	4306	2347	2
3088	2346	2348	2
3089	2348	8345	2
3090	8345	2349	2
3091	2349	2352	2
3092	3807	2350	2
3093	2350	7261	2
3094	7261	4332	2
3095	4332	2351	2
3096	3807	2352	2
3097	2352	2353	2
3098	2353	4328	2
3099	4328	2354	2
3100	2354	2355	2
3101	2355	2356	2
3102	2356	4281	2
3103	4281	2357	2
3104	2357	2358	2
3105	2358	2359	2
3106	2359	72	2
3107	2360	8009	2
3108	8009	8010	2
3109	8010	8604	2
3110	8604	2361	2
3111	2361	2362	2
3112	2362	2363	2
3113	2363	2364	2
3114	2364	2365	2
3115	2365	2366	2
3116	2366	2367	2
3117	2367	2368	2
3118	2368	8005	2
3119	8005	8006	2
3120	8006	2369	2
3121	2369	8007	2
3122	8007	8044	2
3123	8044	8008	2
3124	8008	2360	2
3125	9225	2373	2
3126	2373	2370	2
3127	2370	2374	2
3128	2374	3924	2
3129	3924	8113	2
3130	8113	2382	2
3131	2382	2371	2
3132	2371	2372	2
3133	2372	10281	2
3134	10281	10280	2
3135	10280	10279	2
3136	10279	10278	2
3137	10278	10277	2
3138	2375	3991	1
3139	3991	8108	1
3140	8108	2374	1
3141	2376	2377	2
3142	2377	2378	2
3143	2378	2379	2
3144	2379	2380	2
3145	2380	2381	2
3146	2381	3906	2
3147	3906	3907	2
3148	3907	3908	2
3149	3908	3909	2
3150	3909	3910	2
3151	3910	3911	2
3152	3911	3912	2
3153	3912	3913	2
3154	3913	3914	2
3155	3914	3915	2
3156	2382	2383	2
3157	2383	9225	2
3158	9225	9226	2
3159	9226	2380	2
3160	2386	2387	2
3161	2387	2388	2
3162	2388	2389	2
3163	2389	8125	2
3164	8125	8128	2
3165	8128	8127	2
3166	8127	8126	2
3167	8126	2386	2
3168	2390	2391	2
3169	2391	2392	2
3170	2392	2393	2
3171	2393	2390	2
3172	2394	2395	2
3173	2395	2396	2
3174	2396	2397	2
3175	2397	2394	2
3176	2398	2399	2
3177	2399	9223	2
3178	9223	2400	2
3179	2400	5902	2
3180	5902	2401	2
3181	2401	5885	2
3182	5885	5887	2
3183	5887	5886	2
3184	5886	5884	2
3185	5884	2398	2
3186	2402	8242	2
3187	8242	8243	2
3188	8243	2403	2
3189	2403	8085	2
3190	8085	5935	2
3191	5935	2404	2
3192	2404	2405	2
3193	2405	2406	2
3194	2406	3795	2
3195	3795	3796	2
3196	3796	3797	2
3197	3797	5903	2
3198	5903	3798	2
3199	3798	8087	2
3200	8087	2402	2
3201	2407	2408	2
3202	2408	2409	2
3203	2409	7968	2
3204	7968	2410	2
3205	2410	7969	2
3206	7969	2407	2
3207	2411	8080	2
3208	8080	2412	2
3209	2412	8074	2
3210	8074	2413	2
3211	2413	8079	2
3212	8079	2414	2
3213	2414	2411	2
3214	2415	5948	2
3215	5948	2416	2
3216	2416	2417	2
3217	2417	2418	2
3218	2418	2419	2
3219	2419	2420	2
3220	2420	2415	2
3221	2421	2422	2
3222	2422	5950	2
3223	5950	2423	2
3224	2423	8020	2
3225	8020	8019	2
3226	8019	8018	2
3227	8018	8017	2
3228	8017	2424	2
3229	2424	8016	2
3230	8016	8015	2
3231	8015	8014	2
3232	8014	8013	2
3233	8013	8012	2
3234	8012	8011	2
3235	8011	2421	2
3236	2425	2426	2
3237	2426	3976	2
3238	3976	2433	2
3239	2433	2427	2
3240	2427	2428	2
3241	2428	2429	2
3242	2429	2430	2
3243	2430	2425	2
3244	2431	3975	2
3245	3975	8116	2
3246	8116	8117	2
3247	8117	2432	2
3248	2432	8111	2
3249	8111	2384	2
3250	2384	3976	2
3251	3976	2433	2
3252	2433	2427	2
3253	2427	2428	2
3254	2428	8119	2
3255	8119	2431	2
3256	2434	2435	2
3257	2435	2436	2
3258	2436	10550	2
3259	10550	10528	2
3260	10528	10529	2
3261	10529	10530	2
3262	10530	2437	2
3263	2437	10531	2
3264	10531	10532	2
3265	10532	10533	2
3266	10533	2438	2
3267	2438	2439	2
3268	2439	2440	2
3269	2440	10536	2
3270	10536	10535	2
3271	10535	10534	2
3272	10534	2434	2
3273	2441	2442	2
3274	2442	4048	2
3275	4048	4049	2
3276	4049	4050	2
3277	4050	10622	2
3278	10622	2443	2
3279	2443	2444	2
3280	2444	2872	2
3281	2872	2441	2
3282	2445	2446	2
3283	2446	2447	2
3284	2447	10619	2
3285	10619	10620	2
3286	10620	10621	2
3287	10621	10622	2
3288	10622	2443	2
3289	2443	2445	2
3290	2448	2449	2
3291	2449	2450	2
3292	2450	2451	2
3293	2451	2452	2
3294	2452	2453	2
3295	2453	2454	2
3296	2454	2455	2
3297	2455	2456	2
3298	2456	2448	2
3299	2457	2458	2
3300	2458	2459	2
3301	2459	2460	2
3302	2460	2461	2
3303	2461	2462	2
3304	2462	2463	2
3305	2463	2464	2
3306	2464	2465	2
3307	2465	2466	2
3308	2466	2467	2
3309	2467	2468	2
3310	2468	2469	2
3311	2469	2470	2
3312	2470	2471	2
3313	2471	2472	2
3314	2472	2457	2
3315	4044	2474	2
3316	2474	2475	2
3317	2475	2476	2
3318	2476	2477	2
3319	2477	9319	2
3320	9319	2638	2
3321	2638	2478	2
3322	2478	2479	2
3323	2479	2480	2
3324	2480	2777	2
3325	2777	2481	2
3326	2481	2778	2
3327	2778	2482	2
3328	2482	4102	2
3329	4102	2483	2
3330	2483	2484	2
3331	2484	2485	2
3332	2485	3450	2
3333	3450	2779	2
3334	2779	6871	2
3335	6871	3447	2
3336	3447	6891	2
3337	6891	8147	2
3338	8147	8146	2
3339	8146	2856	2
3340	2856	2486	2
3341	2486	2487	2
3342	2487	3446	2
3343	3446	4129	2
3344	4129	2488	2
3345	2488	2489	2
3346	2489	2490	2
3347	2490	2764	2
3348	2764	2491	2
3349	2491	2492	2
3350	2499	2500	2
3351	2500	2501	2
3352	2501	2684	2
3353	2684	2502	2
3354	2502	4595	2
3355	4595	2503	2
3356	2503	2504	2
3357	2504	2505	2
3358	2505	2506	2
3359	2506	2499	2
3360	2507	2508	2
3361	2508	2509	2
3362	2509	2510	2
3363	2510	2511	2
3364	2511	2512	2
3365	2512	2513	2
3366	2513	2514	2
3367	2514	2515	2
3368	2515	2516	2
3369	2516	2517	2
3370	2517	2518	2
3371	2518	2519	2
3372	2519	2520	2
3373	2520	2521	2
3374	2521	2522	2
3375	2522	2523	2
3376	2523	2507	2
3377	2524	2525	2
3378	2525	10597	2
3379	10597	10596	2
3380	10596	10595	2
3381	10595	2526	2
3382	2526	2527	2
3383	2527	2528	2
3384	2528	2529	2
3385	2529	10603	2
3386	10603	10602	2
3387	10602	10601	2
3388	10601	2530	2
3389	2530	2531	2
3390	2531	2532	2
3391	2532	2533	2
3392	2533	2534	2
3393	2534	6581	2
3394	6581	2535	2
3395	2535	2536	2
3396	2536	2537	2
3397	2537	10598	2
3398	10598	2538	2
3399	2538	2539	2
3400	2539	2524	2
3401	2540	2568	2
3402	2568	2541	2
3403	2541	2542	2
3404	2542	10469	2
3405	10469	10470	2
3406	10470	10476	2
3407	10476	10475	2
3408	10475	10471	2
3409	10471	10472	2
3410	10472	10473	2
3411	10473	10474	2
3412	10474	10468	2
3413	10468	2543	2
3414	2543	2540	2
3415	2544	2545	2
3416	2545	2546	2
3417	2546	2547	2
3418	2547	2548	2
3419	2548	2549	2
3420	2549	2544	2
3421	2550	2551	2
3422	2551	2552	2
3423	2552	2553	2
3424	2553	2550	2
3425	2554	916	2
3426	2555	6645	2
3427	6645	2556	2
3428	2557	2558	2
3429	2558	2556	2
3430	2556	2559	2
3431	2559	2560	2
3432	2560	2557	2
3433	2561	2562	2
3434	2562	2563	2
3435	2563	2564	2
3436	2564	2561	2
3437	6574	2568	2
3438	2568	2569	2
3439	2569	10496	2
3440	10496	2570	2
3441	2580	2581	2
3442	2581	11307	2
3443	11307	2582	2
3444	2582	2583	2
3445	2583	10516	2
3446	10516	2584	2
3447	2584	11380	2
3448	11380	2585	2
3449	2585	11289	2
3450	11289	2586	2
3451	2586	2587	2
3452	2587	2588	2
3453	2588	2589	2
3454	2589	11344	2
3455	11344	11282	2
3456	11282	2590	2
3457	2590	10547	2
3458	10547	10549	2
3459	10549	10553	2
3460	2476	3453	2
3461	3453	3454	2
3462	3454	2605	2
3463	2639	2619	2
3464	2619	2620	2
3465	2620	6742	2
3466	6742	2621	2
3467	2621	2622	2
3468	2622	2623	2
3469	2623	717	2
3470	717	2624	2
3471	2624	2651	2
3472	2651	2625	2
3473	2625	2626	2
3474	2626	2627	2
3475	2627	6717	2
3476	6717	2628	2
3477	2628	2629	2
3478	2629	2630	2
3479	2630	2648	2
3480	2648	2631	2
3481	2631	10608	2
3482	10608	10607	2
3483	10607	10606	2
3484	10606	10605	2
3485	10605	2632	2
3486	2632	10604	2
3487	10604	2633	2
3488	2633	10594	2
3489	10594	2634	2
3490	2634	2606	2
3491	2606	10691	2
3492	2638	3451	2
3493	3451	3452	2
3494	3452	2639	2
3495	2611	6938	2
3496	6938	6935	2
3497	6935	2635	2
3498	2635	10617	2
3499	10617	6794	2
3500	6794	10616	2
3501	10616	10599	2
3502	10599	2644	2
3503	2644	10600	2
3504	10600	2645	2
3505	2645	2646	2
3506	2646	2647	2
3507	2647	2648	2
3508	2649	1004	1
3509	8797	8798	2
3510	8798	2679	2
3511	2679	2678	2
3512	2678	2677	2
3513	2677	2676	2
3514	2676	2675	2
3515	2675	7181	2
3516	7181	2652	2
3517	2652	2653	2
3518	2653	10614	2
3519	10614	2654	2
3520	2654	2655	2
3521	2655	2656	2
3522	2656	10613	2
3523	10613	10612	2
3524	10612	10611	2
3525	10611	2657	2
3526	2657	2658	2
3527	2658	10593	2
3528	10593	10615	2
3529	10615	2659	2
3530	2659	10495	2
3531	10495	10492	2
3532	10492	6916	2
3533	6916	2660	2
3534	2660	2661	2
3535	2661	10479	2
3536	10479	2662	2
3537	2662	2663	2
3538	2663	10478	2
3539	10478	10477	2
3540	10477	2664	2
3541	2664	2665	2
3542	2665	2666	2
3543	2666	6579	2
3544	2671	2672	2
3545	2672	6939	2
3546	6939	6942	2
3547	6942	6944	2
3548	6944	6945	2
3549	6945	6943	2
3550	6943	6941	2
3551	6941	6940	2
3552	6940	2673	2
3553	2673	2674	2
3554	2674	2671	2
3555	2680	9221	2
3556	9221	2683	2
3557	2683	2681	2
3558	2681	2682	2
3559	2683	2502	2
3560	2502	2684	2
3561	2684	6751	2
3562	2685	4566	2
3563	4566	2686	2
3564	2686	2687	2
3565	2687	2688	2
3566	2688	2689	2
3567	2689	2690	2
3568	2690	2691	2
3569	2691	2692	2
3570	2692	5827	2
3571	5827	2685	2
3572	2694	4590	1
3573	4590	3458	1
3574	3458	4503	1
3575	4503	2693	1
3576	2693	4533	1
3577	4533	4534	1
3578	4534	4535	1
3579	4535	4536	1
3580	4536	4537	1
3581	4537	4538	1
3582	4538	4539	1
3583	4539	4540	1
3584	4540	4541	1
3585	4533	2695	2
3586	2695	2701	2
3587	2701	2740	2
3588	2740	2742	2
3589	2742	2744	2
3590	2744	2746	2
3591	2746	2748	2
3592	2748	2750	2
3593	2750	2751	2
3594	2751	2696	2
3595	2696	2697	2
3596	2697	2698	2
3597	2702	4681	2
3598	4681	2703	2
3599	2703	2704	2
3600	2704	2705	2
3601	2705	2706	2
3602	2706	2707	2
3603	2707	2708	2
3604	2708	2709	2
3605	2709	2710	2
3606	2710	4689	2
3607	4689	2711	2
3608	2711	4588	2
3609	4588	2702	2
3610	5851	2711	2
3611	2711	4593	2
3612	2714	4568	1
3613	4568	7055	1
3614	7055	4478	1
3615	4478	5837	1
3616	5837	10363	1
3617	10363	6649	1
3618	6649	6651	1
3619	6651	6653	1
3620	6653	6656	1
3621	6656	6659	1
3622	6659	6660	1
3623	6660	6669	1
3624	6669	6663	1
3625	6663	2715	1
3626	2716	4498	1
3627	4498	2717	1
3628	2717	2714	1
3629	2718	2728	1
3630	2728	2719	1
3631	2719	2720	1
3632	2720	2721	1
3633	2721	2722	1
3634	2722	2723	1
3635	2723	2724	1
3636	2724	2725	1
3637	2725	821	1
3638	2726	4860	2
3639	4860	4852	2
3640	4852	4829	2
3641	4829	4828	2
3642	4828	4827	2
3643	4827	4826	2
3644	4826	4825	2
3645	4825	4824	2
3646	4824	4635	2
3647	4635	4634	2
3648	4634	4633	2
3649	4633	4632	2
3650	4632	4631	2
3651	4631	2727	2
3652	2727	2726	2
3653	2733	4861	2
3654	4861	2729	2
3655	2729	2737	2
3656	2737	2734	2
3657	2734	2730	2
3658	2730	2731	2
3659	2734	2735	2
3660	2735	2736	2
3661	2737	2732	2
3662	2731	2738	2
3663	2739	2740	2
3664	2741	2742	2
3665	2743	2744	2
3666	2745	2746	2
3667	2747	2748	2
3668	2749	2750	2
3669	2698	2751	2
3670	2752	2753	2
3671	2753	2754	2
3672	2754	2755	2
3673	2755	2756	2
3674	2756	2757	2
3675	2757	2752	2
3676	2758	2759	2
3677	2759	4767	2
3678	4767	4764	2
3679	4764	2760	2
3680	2760	4461	2
3681	4461	4460	2
3682	4460	4459	2
3683	4459	4458	2
3684	4458	2761	2
3685	2761	2762	2
3686	2762	4468	2
3687	4468	2758	2
3688	2763	2764	2
3689	2764	2490	2
3690	2490	2489	2
3691	2489	2488	2
3692	2488	4129	2
3693	4129	3446	2
3694	3446	2487	2
3695	2487	2486	2
3696	2486	2765	2
3697	2765	2766	2
3698	2766	2767	2
3699	2767	6691	2
3700	6691	2763	2
3701	2768	2770	2
3702	2770	6692	2
3703	6692	2769	2
3704	2770	3446	2
3705	3446	2771	2
3706	2772	2774	2
3707	2774	2773	2
3708	2774	3450	2
3709	3450	2775	2
3710	2776	2777	2
3711	2777	2481	2
3712	2481	2778	2
3713	2778	2482	2
3714	2482	4102	2
3715	4102	2483	2
3716	2483	2484	2
3717	2484	2485	2
3718	2485	3450	2
3719	3450	2779	2
3720	2779	4109	2
3721	4109	4108	2
3722	4108	2780	2
3723	2780	2776	2
3724	2781	944	2
3725	2794	2795	1
3726	2795	2796	1
3727	2796	2797	1
3728	2797	2798	1
3729	2798	2799	1
3730	2799	2800	1
3731	2800	2782	1
3732	2782	2790	1
3733	2790	2783	1
3734	2783	2784	1
3735	2784	2791	1
3736	2791	2792	1
3737	2792	2785	1
3738	2785	2786	1
3739	2786	2787	1
3740	2787	2788	1
3741	2788	2789	1
3742	2789	2793	1
3743	2793	2794	1
3744	2781	2801	1
3745	2801	2802	1
3746	2802	2791	1
3747	2782	2803	1
3748	2803	2781	1
3749	2793	2804	1
3750	2804	1999	1
3751	1999	2797	1
3752	2805	2806	2
3753	2806	2807	2
3754	2807	2808	2
3755	2808	2809	2
3756	2809	2810	2
3757	2810	2811	2
3758	2811	2812	2
3759	2812	6690	2
3760	6690	2813	2
3761	2813	2814	2
3762	2814	2815	2
3763	2815	2816	2
3764	2816	2817	2
3765	2817	2818	2
3766	2818	2819	2
3767	2819	2820	2
3768	2820	2821	2
3769	2821	2822	2
3770	2822	2823	2
3771	2823	2824	2
3772	2824	2825	2
3773	2825	2826	2
3774	2826	2827	2
3775	2827	2828	2
3776	2828	2805	2
3777	2829	2830	2
3778	2830	2831	2
3779	2831	2832	2
3780	2832	2833	2
3781	2833	2834	2
3782	2834	2835	2
3783	2835	2836	2
3784	2836	2837	2
3785	2837	2838	2
3786	2838	2839	2
3787	2839	2840	2
3788	2840	2841	2
3789	2841	2842	2
3790	2842	3200	2
3791	3200	2843	2
3792	2843	2829	2
3793	2844	2845	2
3794	2845	2846	2
3795	2846	2847	2
3796	2847	2848	2
3797	2848	2849	2
3798	2849	2844	2
3799	2850	6756	2
3800	6756	8141	2
3801	8141	2851	2
3802	2851	718	2
3803	2852	2853	2
3804	2856	3448	2
3805	3448	3449	2
3806	3449	4107	2
3807	2872	2873	2
3808	2873	2874	2
3809	2875	2605	2
3810	2876	6787	2
3811	6787	2877	2
3812	2878	2879	2
3813	2879	2880	2
3814	2880	2881	2
3815	2881	2878	2
3816	2882	9219	1
3817	9219	736	1
3818	737	9218	1
3819	9218	2882	1
3820	2905	2917	2
3821	2917	2916	2
3822	2916	6683	2
3823	6683	6681	2
3824	6681	6679	2
3825	6679	6678	2
3826	6678	2915	2
3827	2915	2914	2
3828	2914	6650	2
3829	6650	6652	2
3830	6652	6655	2
3831	6655	6658	2
3832	6658	2913	2
3833	2913	2912	2
3834	2912	2924	2
3835	2924	6657	2
3836	6657	2911	2
3837	2911	6654	2
3838	6654	2910	2
3839	2910	6674	2
3840	6674	6675	2
3841	6675	6677	2
3842	6677	2909	2
3843	2909	2908	2
3844	2908	6680	2
3845	6680	2907	2
3846	2907	6682	2
3847	6682	2906	2
3848	2906	2905	2
3849	2918	2919	2
3850	2919	2920	2
3851	2920	4423	2
3852	4423	2921	2
3853	2921	4424	2
3854	4424	2922	2
3855	2922	2923	2
3856	2923	4425	2
3857	4425	4426	2
3858	4426	4427	2
3859	4427	4428	2
3860	4428	4429	2
3861	4429	4430	2
3862	4430	4431	2
3863	4431	4432	2
3864	4432	4433	2
3865	4433	4434	2
3866	4434	4435	2
3867	4435	4436	2
3868	4436	4437	2
3869	4437	4438	2
3870	4438	4439	2
3871	4439	4440	2
3872	4440	6671	2
3873	6671	6672	2
3874	6672	4441	2
3875	4441	4442	2
3876	4442	4443	2
3877	4443	4444	2
3878	4444	4422	2
3879	4422	4421	2
3880	4421	4445	2
3881	4445	4420	2
3882	4420	4419	2
3883	4419	4418	2
3884	4418	4446	2
3885	4446	4447	2
3886	4447	4417	2
3887	4417	2918	2
3888	2925	2926	2
3889	2926	2927	2
3890	2927	2928	2
3891	2928	2929	2
3892	2929	2925	2
3893	2930	2931	2
3894	2931	2932	2
3895	2932	6738	2
3896	6738	2933	2
3897	2933	2930	2
3898	2934	2935	2
3899	2935	2936	2
3900	2936	4783	2
3901	4783	4784	2
3902	4784	4785	2
3903	4785	4782	2
3904	4782	2937	2
3905	2937	2934	2
3906	2938	2939	2
3907	2939	4786	2
3908	4786	4787	2
3909	4787	2940	2
3910	2940	2941	2
3911	2941	2938	2
3912	2538	2635	2
3913	2635	2636	2
3914	2636	10618	2
3915	10618	2637	2
3916	2637	2874	2
3917	2874	2871	2
3918	2854	2855	2
3919	2943	2944	2
3920	2944	2945	2
3921	2945	3556	2
3922	3556	2946	2
3923	2946	2947	2
3924	2947	1418	2
3925	181	9290	2
3926	9290	3704	2
3927	3704	2948	2
3928	2948	9288	2
3929	9288	142	2
3930	142	9321	2
3931	9321	3719	2
3932	3719	1956	2
3933	1956	1952	2
3934	1952	1949	2
3935	1949	3705	2
3936	3705	139	2
3937	139	1941	2
3938	2954	5909	2
3939	5909	2955	2
3940	2955	2956	2
3941	2956	2957	2
3942	2957	2958	2
3943	2958	4319	2
3944	4319	2954	2
3945	2959	8004	2
3946	8004	8001	2
3947	8001	6105	2
3948	6105	8002	2
3949	8002	8003	2
3950	8003	2960	2
3951	2960	2961	2
3952	2961	7938	2
3953	7938	7940	2
3954	7940	7939	2
3955	7939	7937	2
3956	7937	7934	2
3957	7934	7936	2
3958	7936	7935	2
3959	7935	2959	2
3960	2962	2963	2
3961	2963	2964	2
3962	2964	2965	2
3963	2965	2962	2
3964	8276	8466	2
3965	8466	8465	2
3966	8465	8463	2
3967	8463	8464	2
3968	8464	2966	2
3969	2966	2950	2
3970	2950	7308	2
3971	7308	2967	2
3972	2967	2968	2
3973	2968	2969	2
3974	2969	2970	2
3975	2970	4317	2
3976	4317	6051	2
3977	6051	8276	2
3978	2971	2972	2
3979	2972	6549	2
3980	6549	6551	2
3981	6551	6552	2
3982	6552	6550	2
3983	6550	2973	2
3984	2973	2974	2
3985	2974	6544	2
3986	6544	2977	2
3987	2977	6543	2
3988	6543	6542	2
3989	6542	6541	2
3990	6541	2975	2
3991	2975	6548	2
3992	6548	2976	2
3993	2976	6547	2
3994	6547	6546	2
3995	6546	6545	2
3996	6545	2971	2
3997	2978	2979	2
3998	2979	2980	2
3999	2980	2981	2
4000	2981	2978	2
4001	2982	2983	2
4002	2983	2984	2
4003	2984	2985	2
4004	2985	2982	2
4005	2986	2987	2
4006	2987	2988	2
4007	2988	2989	2
4008	2989	2986	2
4009	2994	2995	2
4010	2995	2996	2
4011	2996	7310	2
4012	7310	2997	2
4013	2997	2998	2
4014	2998	2999	2
4015	2999	3000	2
4016	3000	3001	2
4017	3001	3002	2
4018	3002	3003	2
4019	3003	3004	2
4020	3004	3005	2
4021	3005	3006	2
4022	3006	3007	2
4023	3007	3008	2
4024	3008	3009	2
4025	3009	3779	2
4026	3779	3010	2
4027	3010	8317	2
4028	8317	3011	2
4029	3011	3012	2
4030	3012	8318	2
4031	8318	8581	2
4032	8581	3013	2
4033	3013	8582	2
4034	8582	8319	2
4035	8319	8320	2
4036	8320	8274	2
4037	8274	8275	2
4038	8275	3014	2
4039	3014	3015	2
4040	3015	3016	2
4041	3016	5956	2
4042	5956	3017	2
4043	3017	3302	2
4044	3302	3018	2
4045	3018	3019	2
4046	3019	3020	2
4047	3020	3021	2
4048	3021	3022	2
4049	3022	3023	2
4050	3023	3024	2
4051	3024	3025	2
4052	3025	3778	2
4053	3778	8728	2
4054	8728	3026	2
4055	3026	3027	2
4056	3027	3028	2
4057	3028	3029	2
4058	3029	2994	2
4059	3949	3030	2
4060	3030	3031	2
4061	3031	3863	2
4062	3863	3949	2
4063	8025	8022	2
4064	8022	3034	2
4065	3034	8089	2
4066	8089	3032	2
4067	3032	3964	2
4068	3964	8090	2
4069	8090	3033	2
4070	3033	8025	2
4071	3035	8064	2
4072	8064	3036	2
4073	3036	3037	2
4074	3037	3038	2
4075	3038	3039	2
4076	3039	3040	2
4077	3040	3041	2
4078	3041	3042	2
4079	3042	3043	2
4080	3043	3044	2
4081	3044	3045	2
4082	3045	3046	2
4083	3046	3035	2
4084	3047	5790	2
4085	5790	3048	2
4086	3048	3049	2
4087	3049	3050	2
4088	3050	3051	2
4089	3051	3052	2
4090	3052	5856	2
4091	5856	1368	2
4092	1368	1325	2
4093	1325	1326	2
4094	1326	1318	2
4095	1318	1358	2
4096	1358	1324	2
4097	1324	1342	2
4098	1342	1362	2
4099	1362	1339	2
4100	1339	3053	2
4101	3053	1340	2
4102	1340	1341	2
4103	1341	1369	2
4104	1369	1363	2
4105	1363	1327	2
4106	1327	3054	2
4107	3054	3055	2
4108	3055	3056	2
4109	3056	3057	2
4110	3057	3058	2
4111	3058	3517	2
4112	3517	3905	2
4113	3905	3059	2
4114	3059	3060	2
4115	3060	3916	2
4116	3916	3061	2
4117	3061	3518	2
4118	3518	3062	2
4119	3062	3063	2
4120	3063	3064	2
4121	3064	6537	2
4122	6537	6540	2
4123	6540	6539	2
4124	6539	6538	2
4125	6538	3065	2
4126	3065	4227	2
4127	4227	4228	2
4128	4228	3066	2
4129	3066	3067	2
4130	3067	4229	2
4131	4229	4230	2
4132	4230	3068	2
4133	3068	3069	2
4134	3069	3070	2
4135	3070	3071	2
4136	3071	3072	2
4137	3072	3073	2
4138	3073	3074	2
4139	3074	3075	2
4140	3075	3076	2
4141	3076	4231	2
4142	4231	4232	2
4143	4232	3077	2
4144	3077	3078	2
4145	3078	3079	2
4146	3079	3047	2
4147	3054	3080	2
4148	3080	3081	2
4149	3081	3082	2
4150	3082	3083	2
4151	3083	3056	2
4152	3056	3055	2
4153	3055	3054	2
4154	950	3084	2
4155	3084	3104	2
4156	3104	3085	2
4157	3085	3086	2
4158	3086	3087	2
4159	3087	3088	2
4160	3088	3089	2
4161	3089	3092	2
4162	3092	3090	2
4163	3090	3091	2
4164	3091	1249	2
4165	3092	3093	2
4166	3093	3094	2
4167	3094	3100	2
4168	3100	9976	2
4169	9976	3101	2
4170	3106	3107	2
4171	3107	3108	2
4172	3108	3109	2
4173	3109	3106	2
4174	3110	3111	2
4175	3111	3112	2
4176	3112	3113	2
4177	3113	3114	2
4178	3114	3115	2
4179	3115	3116	2
4180	3116	3117	2
4181	3117	3118	2
4182	3118	3119	2
4183	3119	3120	2
4184	3120	3121	2
4185	3121	3110	2
4186	3122	3123	2
4187	3123	3124	2
4188	3124	3125	2
4189	3125	3122	2
4190	3126	3127	2
4191	3127	3128	2
4192	3128	3129	2
4193	3129	6512	2
4194	6512	3130	2
4195	3130	8368	2
4196	8368	3131	2
4197	3131	8300	2
4198	8300	8301	2
4199	8301	8302	2
4200	8302	8367	2
4201	8367	8303	2
4202	8303	3132	2
4203	3132	3133	2
4204	3133	3134	2
4205	3134	8365	2
4206	8365	8304	2
4207	8304	3303	2
4208	3303	3851	2
4209	3851	3135	2
4210	3135	6168	2
4211	6168	6169	2
4212	6169	3136	2
4213	3136	8295	2
4214	8295	3137	2
4215	3137	8033	2
4216	8033	8030	2
4217	8030	3138	2
4218	3138	3139	2
4219	3139	8294	2
4220	8294	3140	2
4221	3140	3141	2
4222	3141	6160	2
4223	6160	3142	2
4224	3142	3143	2
4225	3143	8352	2
4226	8352	3144	2
4227	3144	3145	2
4228	3145	8349	2
4229	8349	3146	2
4230	3146	3966	2
4231	3966	3147	2
4232	3147	3967	2
4233	3967	3148	2
4234	3148	3149	2
4235	3149	3150	2
4236	3150	3126	2
4237	3153	3154	2
4238	3154	6409	2
4239	6409	3155	2
4240	3155	9561	2
4241	9561	9560	2
4242	9560	9558	2
4243	9558	9559	2
4244	3156	8323	2
4245	8323	8467	2
4246	8467	4292	2
4247	4292	3157	2
4248	3157	3158	2
4249	3158	3159	2
4250	3159	6401	2
4251	6401	6441	2
4252	6441	8277	2
4253	8277	3160	2
4254	3160	3161	2
4255	3161	3162	2
4256	3162	3163	2
4257	3163	3164	2
4258	3164	6442	2
4259	6442	3165	2
4260	3165	8278	2
4261	8278	4236	2
4262	4236	3166	2
4263	3166	2951	2
4264	2951	2952	2
4265	2952	2953	2
4266	2953	2949	2
4267	2949	2950	2
4268	2950	2966	2
4269	2966	3156	2
4270	3167	3168	2
4271	3168	3169	2
4272	3170	3171	2
4273	3171	3172	2
4274	3172	3173	2
4275	3173	3174	2
4276	3174	3175	2
4277	3175	3170	2
4278	6174	5804	2
4279	5804	5795	2
4280	5795	6175	2
4281	6175	6174	2
4282	3178	3179	2
4283	3179	3180	2
4284	3180	3864	2
4285	3864	3181	2
4286	3181	3178	2
4287	3182	3183	2
4288	3183	3184	2
4289	3184	3185	2
4290	3185	3182	2
4291	3186	3187	2
4292	3187	3188	2
4293	3188	3189	2
4294	3189	3186	2
4295	3190	3191	2
4296	3191	3192	2
4297	3192	3193	2
4298	3193	3190	2
4299	2032	3195	2
4300	3195	3196	2
4301	3196	3197	2
4302	3197	3198	2
4303	3198	3386	2
4304	3386	3385	2
4305	3385	2032	2
4306	3202	3203	2
4307	3203	3204	2
4308	3204	3205	2
4309	3205	3202	2
4310	3206	3207	2
4311	3207	10537	2
4312	10537	10538	2
4313	10538	10548	2
4314	10548	10539	2
4315	10539	10540	2
4316	10540	10541	2
4317	10541	10542	2
4318	10542	3208	2
4319	3208	10543	2
4320	10543	10544	2
4321	10544	3209	2
4322	3209	10545	2
4323	10545	10546	2
4324	10546	3206	2
4325	3210	2591	2
4326	2591	3221	2
4327	3221	3211	2
4328	3211	3212	2
4329	3212	3217	2
4330	3217	3215	2
4331	3211	3222	2
4332	3212	3213	2
4333	3217	3214	2
4334	3215	3216	2
4335	3215	3218	2
4336	3218	3219	2
4337	3219	3220	2
4338	3220	10551	2
4339	10551	3211	2
4340	3221	3223	2
4341	3223	3222	2
4342	3224	3456	2
4343	3456	6918	2
4344	6918	3225	2
4345	3226	6638	2
4346	6638	3227	2
4347	3519	3112	2
4348	3112	3113	2
4349	3113	3114	2
4350	3114	3228	2
4351	3228	3519	2
4352	3112	3111	2
4353	3111	3521	2
4354	3521	3195	2
4355	3195	3196	2
4356	3196	3197	2
4357	3197	3118	2
4358	3118	3115	2
4359	3115	3114	2
4360	3114	3113	2
4361	3113	3112	2
4362	3234	3235	2
4363	3235	3236	2
4364	3236	3237	2
4365	3237	3238	2
4366	3238	3239	2
4367	3239	3240	2
4368	3240	3241	2
4369	3241	3234	2
4370	3229	3230	2
4371	3230	3231	2
4372	3231	3232	2
4373	3232	3233	2
4374	3233	3229	2
4375	3246	3247	2
4376	3247	10003	2
4377	10003	3248	2
4378	3248	1232	2
4379	3249	3250	2
4380	3250	3251	2
4381	3251	3252	2
4382	3252	3253	2
4383	3253	3254	2
4384	3253	3255	2
4385	3255	3256	2
4386	3256	3257	2
4387	3257	3258	2
4388	3258	3259	2
4389	3260	3261	2
4390	3261	9259	2
4391	9259	3262	2
4392	3262	3263	2
4393	3263	5675	2
4394	5675	2145	2
4395	2145	3264	2
4396	3264	1383	2
4397	1383	1381	2
4398	1381	3265	2
4399	3265	3266	2
4400	3266	3267	2
4401	3267	3268	2
4402	3268	3269	2
4403	3269	3270	2
4404	3270	3271	2
4405	3271	3272	2
4406	3272	3273	2
4407	3273	3274	2
4408	3274	3275	2
4409	3275	1705	2
4410	1705	1703	2
4411	1703	3276	2
4412	3276	3277	2
4413	3277	3278	2
4414	3278	3292	2
4415	3292	3280	2
4416	3280	3281	2
4417	3281	3282	2
4418	3282	3283	2
4419	3283	5029	2
4420	5029	3284	2
4421	3284	3285	2
4422	3285	3286	2
4423	3286	5028	2
4424	5028	5027	2
4425	5027	5026	2
4426	5026	5025	2
4427	5025	5016	2
4428	5016	5015	2
4429	5015	3287	2
4430	3287	3288	2
4431	3288	3289	2
4432	3289	3290	2
4433	3290	3291	2
4434	3291	3260	2
4435	3293	2129	2
4436	2129	3294	2
4437	3294	3295	2
4438	3295	3296	2
4439	3296	3297	2
4440	1699	3298	2
4441	3298	3299	2
4442	3299	3278	2
4443	3278	3277	2
4444	3277	3276	2
4445	3276	1703	2
4446	1703	1699	2
4447	3025	3778	2
4448	3778	8728	2
4449	8728	3027	2
4450	3027	8727	2
4451	8727	8057	2
4452	8057	8726	2
4453	8726	8725	2
4454	8725	3300	2
4455	3300	5935	2
4456	5935	3301	2
4457	3301	6056	2
4458	6056	3017	2
4459	3017	3302	2
4460	3302	3018	2
4461	3018	3019	2
4462	3019	3020	2
4463	3020	3021	2
4464	3021	3022	2
4465	3022	3023	2
4466	3023	3024	2
4467	3024	3025	2
4468	3304	2419	2
4469	2419	2418	2
4470	2418	3960	2
4471	3960	3305	2
4472	3305	3306	2
4473	3306	3962	2
4474	3962	3304	2
4475	3307	3308	2
4476	3308	3309	2
4477	3309	3310	2
4478	3310	3311	2
4479	3311	3312	2
4480	3312	3307	2
4481	3313	3314	2
4482	3314	3315	2
4483	3315	3316	2
4484	3316	3317	2
4485	3317	3318	2
4486	3318	3319	2
4487	3319	3320	2
4488	3320	3321	2
4489	3321	3322	2
4490	3322	7214	2
4491	7214	7215	2
4492	7215	3323	2
4493	3323	7216	2
4494	7216	7217	2
4495	7217	3324	2
4496	3324	3325	2
4497	3325	7218	2
4498	7218	7219	2
4499	7219	3313	2
4500	3326	3327	2
4501	3327	3328	2
4502	3328	3329	2
4503	3329	8348	2
4504	8348	3326	2
4505	3330	3331	2
4506	3331	3332	2
4507	3332	3333	2
4508	3333	3330	2
4509	3334	3335	2
4510	3335	3336	2
4511	3336	3337	2
4512	3337	3334	2
4513	3338	3339	2
4514	3339	3340	2
4515	3340	3341	2
4516	3341	9378	2
4517	9378	3342	2
4518	3342	3343	2
4519	3343	3344	2
4520	3344	3345	2
4521	3345	3525	2
4522	3525	9987	2
4523	9987	9981	2
4524	9981	3526	2
4525	3526	3527	2
4526	3527	10009	2
4527	10009	3528	2
4528	3528	3529	2
4529	3529	1926	2
4530	3346	3347	2
4531	3347	3348	2
4532	3348	3349	2
4533	3349	3350	2
4534	3350	3351	2
4535	3351	3352	2
4536	3352	3353	2
4537	3353	3354	2
4538	3354	3355	2
4539	3355	3346	2
4540	9190	9189	2
4541	9189	9188	2
4542	9188	3359	2
4543	3359	3358	2
4544	3358	9191	2
4545	9191	3360	2
4546	3360	3361	2
4547	3361	3357	2
4548	3357	3356	2
4549	3356	3362	2
4550	3362	3364	2
4551	3364	3363	2
4552	3363	9187	2
4553	9187	9184	2
4554	9184	9183	2
4555	9183	9186	2
4556	9186	9182	2
4557	9182	9181	2
4558	9181	9180	2
4559	9180	9185	2
4560	9185	9190	2
4561	3054	1327	2
4562	1327	1337	2
4563	1337	1378	2
4564	1378	3365	2
4565	3365	3366	2
4566	3366	3080	2
4567	3080	3054	2
4568	1323	5858	2
4569	5858	5857	2
4570	5857	3367	2
4571	3367	3368	2
4572	3368	3369	2
4573	3369	3365	2
4574	3365	1378	2
4575	1378	1334	2
4576	1334	1354	2
4577	1354	1323	2
4578	3370	3371	2
4579	3371	3372	2
4580	3372	3373	2
4581	3373	3370	2
4582	3374	3375	2
4583	3375	3376	2
4584	3376	3377	2
4585	3377	3374	2
4586	3374	3378	2
4587	3378	2036	2
4588	2036	3375	2
4589	3375	3374	2
4590	3379	3380	2
4591	3380	3381	2
4592	3381	3382	2
4593	3382	3379	2
4594	3383	3384	2
4595	3384	3380	2
4596	3380	3379	2
4597	3379	3385	2
4598	3385	3386	2
4599	3386	3387	2
4600	3387	3388	2
4601	3388	3389	2
4602	3389	3390	2
4603	3390	3391	2
4604	3391	3392	2
4605	3392	3383	2
4606	537	3394	2
4607	3394	576	2
4608	3394	577	2
4609	515	517	2
4610	517	207	2
4611	207	10178	2
4612	10178	225	2
4613	225	7835	2
4614	7835	579	2
4615	579	250	2
4616	250	583	2
4617	583	584	2
4618	584	585	2
4619	585	586	2
4620	586	587	2
4621	587	8772	2
4622	8772	588	2
4623	588	589	2
4624	589	10143	2
4625	10143	1911	2
4626	1911	11413	2
4627	11413	590	2
4628	1305	10050	2
4629	10050	1300	2
4630	1300	1301	2
4631	1301	7830	2
4632	7830	7829	2
4633	7832	3459	2
4634	3459	7834	2
4635	7833	3459	2
4636	3459	7831	2
4637	3400	9339	2
4638	9339	3403	2
4639	3403	3401	2
4640	3404	5784	2
4641	5784	3405	2
4642	3405	3406	2
4643	3406	3407	2
4644	3407	3404	2
4645	3408	3409	2
4646	3409	3410	2
4647	3410	3411	2
4648	3411	3408	2
4649	3412	3413	2
4650	3413	3414	2
4651	3414	3415	2
4652	3415	3412	2
4653	3416	3417	2
4654	3417	3418	2
4655	3418	3419	2
4656	3419	3416	2
4657	3665	5082	2
4658	3430	3431	2
4659	3431	3432	2
4660	3432	3433	2
4661	3433	3434	2
4662	3434	3435	2
4663	3435	3436	2
4664	3436	3437	2
4665	3437	3438	2
4666	3438	3439	2
4667	3439	3440	2
4668	3440	3441	2
4669	3441	3430	2
4670	3442	3443	2
4671	3443	3444	2
4672	3444	3445	2
4673	3445	3442	2
4674	3460	3461	2
4675	3461	3462	2
4676	3462	3463	2
4677	3463	9578	2
4678	9578	9577	2
4679	9577	3460	2
4680	3468	5413	2
4681	5413	5412	2
4682	5412	3464	2
4683	3464	3465	2
4684	3465	3466	2
4685	3466	3469	2
4686	3469	3468	2
4687	3467	5420	2
4688	5420	5421	2
4689	5421	5422	2
4690	5422	5423	2
4691	5423	5419	2
4692	5419	5418	2
4693	5418	5417	2
4694	5417	5416	2
4695	5416	3468	2
4696	3468	3469	2
4697	3469	3470	2
4698	3470	3467	2
4699	1980	1969	2
4700	1969	1971	2
4701	1971	1974	2
4702	1974	1975	2
4703	1975	1976	2
4704	1967	1964	2
4705	1964	1959	2
4706	1959	1957	2
4707	3471	3472	2
4708	3472	3473	2
4709	3473	3474	2
4710	3474	3471	2
4711	1028	8167	1
4712	8167	3476	1
4713	3476	3477	1
4714	3477	3478	1
4715	3478	3479	1
4716	3480	3481	1
4717	3481	9739	1
4718	9739	3482	1
4719	3482	3483	1
4720	2900	3484	1
4721	3484	3485	1
4722	3485	4550	1
4723	4550	4551	1
4724	4551	3486	1
4725	3487	3488	1
4726	3488	3489	1
4727	3489	4552	1
4728	4552	3490	1
4729	3490	3491	1
4730	3494	3495	2
4731	3495	3502	2
4732	3502	3496	2
4733	1189	3501	2
4734	3501	3498	2
4735	3498	3497	2
4736	3498	3499	2
4737	3500	3501	2
4738	3501	3502	2
4739	3502	3503	2
4740	3503	1168	2
4741	3504	3505	2
4742	3505	3506	2
4743	3506	3507	2
4744	3507	3504	2
4745	3508	3509	2
4746	3509	3510	2
4747	3510	3511	2
4748	3511	3508	2
4749	1170	1172	2
4750	1174	1176	2
4751	136	1937	2
4752	1937	178	2
4753	178	11203	2
4754	11203	10242	2
4755	173	183	2
4756	183	167	2
4757	167	156	2
4758	156	150	2
4759	150	155	2
4760	155	141	2
4761	141	165	2
4762	10313	9731	2
4763	9731	2993	2
4764	2993	60	2
4765	60	5793	2
4766	5793	61	2
4767	61	1995	2
4768	1995	1989	2
4769	1989	5792	2
4770	5792	62	2
4771	62	63	2
4772	63	64	2
4773	64	65	2
4774	65	8460	2
4775	8460	7074	2
4776	7074	66	2
4777	66	8461	2
4778	8461	67	2
4779	67	8462	2
4780	8462	68	2
4781	68	69	2
4782	69	70	2
4783	70	3152	2
4784	3152	71	2
4785	71	3678	2
4786	3678	3151	2
4787	3151	8729	2
4788	8729	75	2
4789	75	9562	2
4790	9562	10314	2
4791	10314	76	2
4792	3512	3538	2
4793	3538	3539	2
4794	3539	25	2
4795	25	26	2
4796	26	27	2
4797	27	28	2
4798	28	3540	2
4799	3540	29	2
4800	29	3541	2
4801	3541	3542	2
4802	3542	30	2
4803	3516	3517	2
4804	3517	3905	2
4805	3905	3059	2
4806	3059	3060	2
4807	3060	3916	2
4808	3916	3518	2
4809	3518	3917	2
4810	3917	3918	2
4811	3918	3919	2
4812	3919	3920	2
4813	3920	3921	2
4814	3921	3922	2
4815	3922	3923	2
4816	3923	3516	2
4817	3519	3982	2
4818	3982	3981	2
4819	3981	3520	2
4820	3520	3970	2
4821	3970	3971	2
4822	3971	3972	2
4823	3972	3973	2
4824	3973	3974	2
4825	3974	3977	2
4826	3977	3978	2
4827	3978	3979	2
4828	3979	3980	2
4829	3980	3521	2
4830	3521	3111	2
4831	3111	3519	2
4832	1933	9379	2
4833	9379	9380	2
4834	9380	9381	2
4835	9381	1932	2
4836	1932	1931	2
4837	1560	1927	2
4838	3522	3523	2
4839	3523	3524	2
4840	3530	3531	2
4841	3531	9451	2
4842	9451	3532	2
4843	3345	9494	2
4844	9494	3533	2
4845	3533	3534	2
4846	1419	3536	2
4847	3536	3537	2
4848	3537	3535	2
4849	3556	3554	2
4850	3554	3552	2
4851	3552	3551	2
4852	3551	3553	2
4853	3569	3570	2
4854	3570	3571	2
4855	3571	3583	2
4856	1123	1126	2
4857	3573	3574	2
4858	3574	3568	2
4859	3573	3575	2
4860	3575	1962	2
4861	1955	3576	2
4862	3576	3577	2
4863	3577	1945	2
4864	1945	1955	2
4865	1947	3578	2
4866	3578	10990	2
4867	10990	147	2
4868	179	10289	2
4869	10289	10991	2
4870	10991	9275	2
4871	3579	3702	2
4872	3579	1179	2
4873	1179	1188	2
4874	1188	1191	2
4875	1191	3582	2
4876	3582	3583	2
4877	187	9241	2
4878	9241	3717	2
4879	3717	181	2
4880	1250	1281	2
4881	1281	1283	2
4882	1246	3585	2
4883	3585	3101	2
4884	3101	3102	2
4885	3102	3103	2
4886	3103	3104	2
4887	3104	5652	2
4888	5652	3586	2
4889	1250	3587	2
4890	3587	3590	2
4891	3590	3591	2
4892	3591	3592	2
4893	3592	1286	2
4894	1283	3598	2
4895	3598	1270	2
4896	1258	3599	2
4897	3599	1271	2
4898	1270	3605	2
4899	3605	3600	2
4900	3600	3601	2
4901	3601	3602	2
4902	3602	3603	2
4903	3603	3604	2
4904	3605	3606	2
4905	3606	3607	2
4906	3607	9495	2
4907	9495	3608	2
4908	3609	9499	2
4909	9499	9086	2
4910	9086	9087	2
4911	9087	5017	2
4912	1296	3610	2
4913	3610	3611	2
4914	3611	3612	2
4915	3612	3613	2
4916	3613	3614	2
4917	3614	3615	2
4918	3615	3616	2
4919	3616	3617	2
4920	3617	3618	2
4921	1257	3619	2
4922	3622	5862	2
4923	5862	5861	2
4924	5861	5860	2
4925	5860	5859	2
4926	5859	3623	2
4927	3623	3624	2
4928	3624	3625	2
4929	3625	5864	2
4930	5864	5863	2
4931	5863	3626	2
4932	3626	3622	2
4933	3620	5297	2
4934	5297	3627	2
4935	3627	3628	2
4936	3628	10952	2
4937	10952	3630	2
4938	3630	2136	2
4939	2136	2138	2
4940	487	494	2
4941	494	504	2
4942	504	230	2
4943	3631	3632	2
4944	3632	3633	2
4945	3633	3634	2
4946	3634	3635	2
4947	3635	3636	2
4948	3636	3637	2
4949	3637	3638	2
4950	3638	3703	2
4951	124	317	2
4952	592	3639	2
4953	3639	3640	2
4954	3640	3641	2
4955	3641	3631	2
4956	4363	3649	1
4957	3649	3648	1
4958	3648	4341	1
4959	4341	4342	1
4960	4342	9545	1
4961	9545	3647	1
4962	3647	4343	1
4963	4343	3646	1
4964	3646	3645	1
4965	3645	3644	1
4966	3644	4344	1
4967	4344	3643	1
4968	3643	3642	1
4969	9447	950	2
4970	950	9448	2
4971	9448	893	2
4972	893	10443	2
4973	10443	113	2
4974	113	10444	2
4975	10444	9449	2
4976	9449	114	2
4977	114	891	2
4978	891	9277	2
4979	9277	6625	2
4980	6625	115	2
4981	115	887	2
4982	887	888	2
4983	888	10418	2
4984	10418	889	2
4985	889	3227	2
4986	3227	116	2
4987	116	948	2
4988	972	953	1
4989	953	954	1
4990	954	5746	1
4991	5746	5747	1
4992	5747	955	1
4993	935	945	1
4994	945	8591	1
4995	8591	8681	1
4996	8681	949	1
4997	949	8682	1
4998	8682	784	1
4999	941	942	1
5000	942	943	1
5001	943	944	1
5002	30	3543	2
5003	1450	1529	2
5004	1529	1465	2
5005	1465	1461	2
5006	1461	1508	2
5007	1508	1541	2
5008	1469	1520	2
5009	1541	1511	2
5010	1482	1503	2
5011	1503	1543	2
5012	1543	1539	2
5013	1539	1531	2
5014	1531	1541	2
5015	1509	13	2
5016	1548	3652	2
5017	1581	3652	2
5018	1927	21	2
5019	3658	5021	1
5020	5021	5020	1
5021	5020	5019	1
5022	5019	5018	1
5023	5018	9090	1
5024	9090	9091	1
5025	9091	3659	1
5026	3659	10874	1
5027	10874	5250	1
5028	5250	3660	1
5029	3660	3609	1
5030	1264	7748	2
5031	7748	3657	2
5032	1307	3666	1
5033	3666	3667	1
5034	3667	3669	1
5035	3669	3670	1
5036	3671	3402	1
5037	3402	9335	1
5038	9335	9336	1
5039	9336	3668	1
5040	3668	77	1
5041	3674	3675	2
5042	3675	3676	2
5043	3676	3677	2
5044	3677	8292	2
5045	8292	3674	2
5046	3691	3692	2
5047	3692	3693	2
5048	3693	3694	2
5049	3694	3695	2
5050	3695	3696	2
5051	3696	3697	2
5052	3697	3679	2
5053	3679	3680	2
5054	3680	3681	2
5055	3681	3686	2
5056	3686	3687	2
5057	3687	3688	2
5058	3688	3689	2
5059	3689	3690	2
5060	3690	3682	2
5061	3682	3683	2
5062	3683	3684	2
5063	3684	3685	2
5064	3685	3691	2
5065	1283	1251	2
5066	1251	1280	2
5067	3665	5024	2
5068	603	8369	2
5069	8369	6502	2
5070	6502	73	2
5071	73	74	2
5072	10450	3224	2
5073	3224	10592	2
5074	10592	10610	2
5075	10610	3699	2
5076	3699	10609	2
5077	10609	1004	2
5078	1004	2496	1
5079	1255	3618	2
5080	1927	1926	2
5081	21	20	2
5082	20	19	2
5083	19	18	2
5084	18	17	2
5085	17	16	2
5086	16	15	2
5087	15	14	2
5088	14	13	2
5089	3543	3544	2
5090	3544	1424	2
5091	1424	3535	2
5092	31	32	2
5093	32	33	2
5094	33	3701	2
5095	3543	3701	2
5096	11	10	2
5097	10	9	2
5098	9	8	2
5099	8	7	2
5100	7	6	2
5101	6	5	2
5102	5	4	2
5103	4	3	2
5104	3	2	2
5105	2	290	2
5106	290	1	2
5107	1	0	2
5108	0	3650	2
5109	13	12	2
5110	12	9257	2
5111	9257	11	2
5112	11	283	2
5113	1969	3573	2
5114	23	3550	2
5115	3550	3553	2
5116	3553	3555	2
5117	3555	3557	2
5118	3557	2943	2
5119	2943	57	2
5120	3652	1450	2
5121	3578	3569	2
5122	3702	3580	2
5123	3702	1961	2
5124	3619	3620	2
5125	3620	555	2
5126	3619	3631	2
5127	5082	5022	1
5128	5022	9496	1
5129	9496	9458	1
5130	9458	1287	1
5131	1287	1280	1
5132	3590	3586	2
5133	3580	9233	2
5134	3583	3572	2
5135	3572	3580	2
5136	1976	8738	1
5137	8738	1967	1
5138	1967	8735	1
5139	8735	9571	1
5140	9571	9445	1
5141	9445	3569	1
5142	3568	8713	1
5143	8713	1986	1
5144	1986	1181	1
5145	1181	8747	1
5146	8747	1981	1
5147	1981	1180	1
5148	1180	8739	1
5149	8739	10427	1
5150	10427	9570	1
5151	9570	1976	1
5152	1187	1186	1
5153	1186	1185	1
5154	1185	8774	1
5155	8774	8716	1
5156	8716	8744	1
5157	8744	1184	1
5158	1184	8745	1
5159	8745	8757	1
5160	8757	8743	1
5161	8743	1183	1
5162	1183	8717	1
5163	8717	10359	1
5164	10359	1182	1
5165	1182	9443	1
5166	9443	8769	1
5167	8769	9444	1
5168	9444	8754	1
5169	8754	8765	1
5170	8765	8767	1
5171	8767	8715	1
5172	8715	3568	1
5173	1994	146	2
5174	9252	3673	2
5175	3673	9251	2
5176	9251	11204	2
5177	11204	10241	2
5178	10241	11202	2
5179	11202	126	2
5180	126	603	2
5181	3704	9287	2
5182	9287	3707	2
5183	3707	9279	2
5184	9279	3722	2
5185	3722	3706	2
5186	3706	3718	2
5187	3718	9242	2
5188	3705	3712	2
5189	3712	3706	2
5190	3707	9280	2
5191	9280	3720	2
5192	3720	3708	2
5193	3708	3709	2
5194	3709	3716	2
5195	3716	3710	2
5196	3710	3711	2
5197	3711	3712	2
5198	3712	3713	2
5199	3713	3714	2
5200	3714	3715	2
5201	3716	9284	2
5202	9284	3722	2
5203	3722	3717	2
5204	3714	3718	2
5205	237	2288	2
5206	1021	1022	2
5207	367	364	2
5208	364	196	2
5209	196	354	2
5210	354	222	2
5211	222	342	2
5212	342	338	2
5213	338	334	2
5214	334	223	2
5215	223	200	2
5216	200	322	2
5217	322	210	2
5218	367	10986	1
5219	3724	3725	2
5220	3725	3726	2
5221	3726	3727	2
5222	3727	4602	2
5223	4602	4604	2
5224	4604	4605	2
5225	4605	4603	2
5226	4603	3728	2
5227	3728	4598	2
5228	4598	3729	2
5229	3729	4601	2
5230	4601	3730	2
5231	3730	3731	2
5232	3731	3724	2
5233	3759	3760	2
5234	3760	3761	2
5235	3761	3762	2
5236	3762	3744	2
5237	3744	3745	2
5238	3745	3746	2
5239	3746	3747	2
5240	3747	3748	2
5241	3748	3754	2
5242	3754	3755	2
5243	3755	3756	2
5244	3756	3757	2
5245	3757	3758	2
5246	3758	3749	2
5247	3749	3750	2
5248	3750	3751	2
5249	3751	3752	2
5250	3752	3753	2
5251	3753	3759	2
5252	2997	7310	2
5253	7310	2996	2
5254	2996	2995	2
5255	2995	3769	2
5256	3769	2994	2
5257	2994	3770	2
5258	3770	3771	2
5259	3771	3772	2
5260	3772	8060	2
5261	8060	2299	2
5262	2299	8059	2
5263	8059	3954	2
5264	3954	8058	2
5265	8058	2298	2
5266	2298	3773	2
5267	3773	3774	2
5268	2997	7078	2
5269	7078	7908	2
5270	7908	3775	2
5271	3775	3776	2
5272	3776	9306	2
5273	9306	7910	2
5274	7910	7084	2
5275	7084	3777	2
5276	3790	3513	1
5277	3513	10313	1
5278	10313	3791	1
5279	3791	3792	1
5280	3792	3793	1
5281	3793	3794	1
5282	3794	4303	1
5283	4303	3780	1
5284	3780	3781	1
5285	3781	3782	1
5286	3782	24	1
5287	24	3783	1
5288	3783	3789	1
5289	3789	3784	1
5290	3784	3785	1
5291	3785	3786	1
5292	3786	3787	1
5293	3787	3788	1
5294	3788	4301	1
5295	4301	3790	1
5296	3799	6088	1
5297	6088	6089	1
5298	6089	6090	1
5299	6090	2292	1
5300	2292	3800	1
5301	3800	3801	1
5302	3801	6087	1
5303	6087	3805	1
5304	3805	3802	1
5305	3802	3803	1
5306	3803	3804	1
5307	3804	2293	1
5308	3806	5892	1
5309	5892	3805	1
5310	2291	3806	1
5311	3807	6057	2
5312	6057	7311	2
5313	7311	2289	2
5314	3808	8545	2
5315	8545	3809	2
5316	3809	8544	2
5317	8544	3810	2
5318	3810	3811	2
5319	3811	3812	2
5320	3812	3813	2
5321	3813	3814	2
5322	3814	3815	2
5323	3815	3816	2
5324	3816	8541	2
5325	8541	8542	2
5326	8542	3817	2
5327	3817	3818	2
5328	3818	3819	2
5329	3819	3820	2
5330	3820	3821	2
5331	3821	3822	2
5332	3822	3823	2
5333	3823	3824	2
5334	3824	3825	2
5335	3825	3826	2
5336	3826	3827	2
5337	3827	3828	2
5338	3828	3829	2
5339	3829	8543	2
5340	8543	3830	2
5341	3830	3831	2
5342	3831	3832	2
5343	3832	3833	2
5344	3833	3834	2
5345	3834	3835	2
5346	3835	8546	2
5347	8546	3808	2
5348	3836	3837	2
5349	3837	3838	2
5350	3838	3839	2
5351	3839	3843	2
5352	3843	3840	2
5353	3840	3841	2
5354	3841	8343	2
5355	3843	8341	2
5356	8341	3844	2
5357	3844	3968	2
5358	3968	3845	2
5359	3845	3846	2
5360	3846	3847	2
5361	3847	3848	2
5362	3848	3849	2
5363	3849	3850	2
5364	3850	6479	2
5365	6479	6480	2
5366	6480	6481	2
5367	6481	6482	2
5368	6482	6483	2
5369	6483	6484	2
5370	6484	6485	2
5371	6485	6486	2
5372	6486	6487	2
5373	6487	6488	2
5374	6488	6489	2
5375	6489	6490	2
5376	6490	6491	2
5377	6491	6492	2
5378	6492	6493	2
5379	6493	6494	2
5380	6494	6495	2
5381	6495	6496	2
5382	6496	6497	2
5383	6497	6498	2
5384	6498	6499	2
5385	6499	6500	2
5386	6500	6501	2
5387	5802	3950	2
5388	3950	5801	2
5389	5801	3948	2
5390	3948	5803	2
5391	5803	5802	2
5392	5798	5797	2
5393	5797	5796	2
5394	5796	5817	2
5395	5817	3856	2
5396	3856	3857	2
5397	3857	8272	2
5398	8272	3858	2
5399	3858	5820	2
5400	5820	3852	2
5401	3852	5799	2
5402	5799	8269	2
5403	8269	8270	2
5404	8270	8052	2
5405	8052	5798	2
5406	3853	5819	2
5407	5819	5820	2
5408	5820	3858	2
5409	3858	8271	2
5410	8271	8273	2
5411	8273	3859	2
5412	3859	3854	2
5413	3854	3855	2
5414	3855	3853	2
5415	3948	3862	2
5416	3862	3861	2
5417	3861	3860	2
5418	3860	3859	2
5419	3859	8273	2
5420	8273	8272	2
5421	8272	3858	2
5422	3858	5820	2
5423	5820	3852	2
5424	3852	5799	2
5425	5799	3953	2
5426	3953	5800	2
5427	5800	5801	2
5428	5801	3948	2
5429	3864	7952	2
5430	7952	3865	2
5431	3865	3926	2
5432	8066	8918	2
5433	8918	3771	2
5434	3771	7079	2
5435	7079	3866	2
5436	3866	5823	2
5437	5823	8065	2
5438	8065	3867	2
5439	3867	3963	2
5440	3963	3868	2
5441	3868	8037	2
5442	8037	3869	2
5443	3870	3871	2
5444	3871	3872	2
5445	3872	3870	2
5446	3873	3874	2
5447	3874	3875	2
5448	3875	3876	2
5449	3876	3877	2
5450	3877	3878	2
5451	3878	3879	2
5452	3879	3880	2
5453	3880	3881	2
5454	3881	3882	2
5455	3882	3883	2
5456	3883	3884	2
5457	3884	3885	2
5458	3885	3886	2
5459	3886	3887	2
5460	3887	3888	2
5461	3888	3889	2
5462	3889	3890	2
5463	3890	3891	2
5464	3891	3873	2
5465	3892	3893	2
5466	3893	3894	2
5467	3894	3892	2
5468	3895	3896	2
5469	3896	3897	2
5470	3897	3898	2
5471	3898	3899	2
5472	3899	3900	2
5473	3900	3895	2
5474	3901	3902	2
5475	3902	3903	2
5476	3903	3904	2
5477	3904	3901	2
5478	2375	8110	2
5479	8110	9332	2
5480	9332	9331	2
5481	9331	9330	2
5482	9330	3983	2
5483	3983	2385	2
5484	2385	4308	2
5485	4308	4307	2
5486	3924	8109	1
5487	8109	3992	1
5488	3992	3925	1
5489	3927	3928	2
5490	3928	3929	2
5491	3929	3930	2
5492	3930	3931	2
5493	3931	3932	2
5494	3932	3933	2
5495	3933	3934	2
5496	3934	3935	2
5497	3935	3936	2
5498	3936	3937	2
5499	3937	3938	2
5500	3938	3939	2
5501	3939	3927	2
5502	3945	8093	2
5503	8093	7081	2
5504	7081	3946	2
5505	3946	3947	2
5506	8065	3177	2
5507	3177	7950	2
5508	7950	8053	2
5509	8053	3951	2
5510	3951	3950	2
5511	3951	3952	2
5512	3952	3953	2
5513	5818	3954	2
5514	3954	3955	2
5515	3955	8055	2
5516	8055	2316	2
5517	2347	3961	2
5518	3961	9303	2
5519	3963	3964	2
5520	3964	8091	2
5521	8091	3032	2
5522	3032	3965	2
5523	3964	8090	2
5524	8090	3033	2
5525	3033	7943	2
5526	7943	7942	2
5527	3968	3969	2
5528	3983	10265	2
5529	10265	3984	2
5530	3984	3985	2
5531	3777	3986	2
5532	3986	3987	2
5533	3987	3988	2
5534	3988	3989	2
5535	3989	3990	2
5536	3990	3991	2
5537	3991	3992	2
5538	3992	3993	2
5539	3993	3995	2
5540	3995	3994	2
5541	3995	7077	2
5542	7077	3996	2
5543	3997	3996	2
5544	3996	3998	2
5545	3999	4000	2
5546	4000	4001	2
5547	4001	4002	2
5548	4002	3994	2
5549	3994	3999	2
5550	3997	4003	2
5551	4003	4004	2
5552	4004	4005	2
5553	4005	4006	2
5554	4006	3997	2
5555	2997	7309	2
5556	7309	4009	2
5557	4009	4010	2
5558	4010	4011	2
5559	4011	4012	2
5560	4012	4013	2
5561	4013	4014	2
5562	4014	4011	2
5563	4015	4016	2
5564	4016	4017	2
5565	4017	4018	2
5566	4018	4015	2
5567	4046	11376	2
5568	11376	917	2
5569	4046	2594	2
5570	2594	2595	2
5571	2595	2596	2
5572	2596	2597	2
5573	2597	2598	2
5574	2598	2599	2
5575	2599	2600	2
5576	2600	2601	2
5577	2601	2602	2
5578	2602	4040	2
5579	4040	2603	2
5580	3216	3214	2
5581	3214	3213	2
5582	3213	4045	2
5583	4045	3222	2
5584	4046	2593	2
5585	2607	10449	2
5586	10449	2608	2
5587	2608	2609	2
5588	2609	2610	2
5589	2610	2611	2
5590	2611	11243	2
5591	11243	2612	2
5592	2612	2613	2
5593	2613	2614	2
5594	2614	2615	2
5595	2615	2616	2
5596	2616	2617	2
5597	2617	7080	2
5598	7080	2618	2
5599	2618	2605	2
5600	2605	6714	2
5601	6714	2871	2
5602	2871	2639	2
5603	2639	2640	2
5604	2640	2641	2
5605	2641	2642	2
5606	2642	4047	2
5607	4047	2643	2
5608	4068	4069	2
5609	4069	4070	2
5610	4070	4052	2
5611	4052	4053	2
5612	4053	4054	2
5613	4054	4055	2
5614	4055	4056	2
5615	4056	4057	2
5616	4057	4065	2
5617	4065	4066	2
5618	4066	4067	2
5619	4067	4058	2
5620	4058	4059	2
5621	4059	4060	2
5622	4060	4061	2
5623	4061	4062	2
5624	4062	4063	2
5625	4063	4064	2
5626	4064	4068	2
5627	4071	4072	2
5628	4072	4073	2
5629	4073	4074	2
5630	4074	4071	2
5631	4075	4076	2
5632	4076	4077	2
5633	4077	4078	2
5634	4078	4075	2
5635	4079	4080	2
5636	4080	4081	2
5637	4081	4082	2
5638	4082	4079	2
5639	4099	4100	2
5640	4100	4101	2
5641	4101	4083	2
5642	4083	4084	2
5643	4084	4085	2
5644	4085	4086	2
5645	4086	4087	2
5646	4087	4088	2
5647	4088	4096	2
5648	4096	4097	2
5649	4097	4098	2
5650	4098	4089	2
5651	4089	4090	2
5652	4090	4091	2
5653	4091	4092	2
5654	4092	4093	2
5655	4093	4094	2
5656	4094	4095	2
5657	4095	4099	2
5658	4103	4104	2
5659	4104	4105	2
5660	4105	4106	2
5661	4106	4103	2
5662	4127	4128	2
5663	4128	4110	2
5664	4110	4111	2
5665	4111	4112	2
5666	4112	4113	2
5667	4113	4114	2
5668	4114	4115	2
5669	4115	4123	2
5670	4123	4124	2
5671	4124	4125	2
5672	4125	4126	2
5673	4126	4116	2
5674	4116	4117	2
5675	4117	4118	2
5676	4118	4119	2
5677	4119	4120	2
5678	4120	4121	2
5679	4121	4122	2
5680	4122	4127	2
5681	4129	4130	2
5682	4130	4131	2
5683	4131	4132	2
5684	2488	4133	2
5685	4133	4138	2
5686	4138	4134	2
5687	4134	2489	2
5688	2489	2488	2
5689	4132	8148	2
5690	8148	8149	2
5691	4135	4136	2
5692	4136	4137	2
5693	4137	4138	2
5694	4138	4134	2
5695	4134	2489	2
5696	4138	4133	2
5697	4133	2488	2
5698	724	7022	2
5699	7022	6779	2
5700	6779	4476	2
5701	4476	7026	2
5702	7026	7027	2
5703	7027	7030	2
5704	7030	7034	2
5705	7034	4141	2
5706	4142	4143	2
5707	4143	7034	2
5708	7034	4144	2
5709	4144	4145	2
5710	4145	4135	2
5711	4135	4141	2
5712	4141	4142	2
5713	4135	7033	2
5714	7033	4146	2
5715	4146	6684	2
5716	6684	4147	2
5717	4147	7085	2
5718	7085	4148	2
5719	4148	4155	2
5720	4155	4149	2
5721	4150	7085	2
5722	7085	4151	2
5723	4151	4152	2
5724	4152	4157	2
5725	4157	4159	2
5726	4159	4153	2
5727	4153	4154	2
5728	4155	4151	2
5729	4156	4157	2
5730	4158	4159	2
5731	4160	4161	2
5732	4161	4162	2
5733	4162	4163	2
5734	4163	4160	2
5735	4164	4165	2
5736	4165	4166	2
5737	4166	4167	2
5738	4167	4164	2
5739	4168	4169	2
5740	4169	4170	2
5741	4170	4171	2
5742	4171	4172	2
5743	4172	4168	2
5744	4173	4174	2
5745	4174	4175	2
5746	4175	4176	2
5747	4176	4177	2
5748	4177	4178	2
5749	4178	4179	2
5750	4179	4180	2
5751	4180	4181	2
5752	4181	4182	2
5753	4182	4183	2
5754	4183	4184	2
5755	4184	4185	2
5756	4185	4186	2
5757	4186	4187	2
5758	4187	4188	2
5759	4188	4189	2
5760	4189	4190	2
5761	4190	4173	2
5762	4191	4192	2
5763	4192	4193	2
5764	4193	4194	2
5765	4194	4191	2
5766	4195	4196	2
5767	4196	4197	2
5768	4197	4198	2
5769	4198	4195	2
5770	4199	4200	2
5771	4200	4201	2
5772	4201	4202	2
5773	4202	4199	2
5774	4203	4204	2
5775	4204	4205	2
5776	4205	4206	2
5777	4206	4207	2
5778	4207	4208	2
5779	4208	4209	2
5780	4209	4210	2
5781	4210	4211	2
5782	4211	4203	2
5783	4212	4213	2
5784	4213	4214	2
5785	4214	4215	2
5786	4215	4216	2
5787	4216	4212	2
5788	756	4218	1
5789	4218	755	1
5790	755	734	1
5791	4219	4220	2
5792	4220	4221	2
5793	4221	4219	2
5794	4222	4223	2
5795	4223	4224	2
5796	4224	4225	2
5797	4225	4226	2
5798	4226	4149	2
5799	4149	4155	2
5800	4155	4148	2
5801	4148	4147	2
5802	4147	4222	2
5803	4233	8279	2
5804	8279	4234	2
5805	8388	4233	2
5806	4234	8280	2
5807	8280	4237	2
5808	4237	4238	2
5809	4238	4239	2
5810	4239	4240	2
5811	4240	4241	2
5812	4241	4242	2
5813	4242	4243	2
5814	4243	4244	2
5815	4244	4245	2
5816	4245	4246	2
5817	4246	4247	2
5818	4247	4282	2
5819	4282	4283	2
5820	4283	4284	2
5821	4284	4285	2
5822	4285	4286	2
5823	4286	4287	2
5824	4287	4288	2
5825	4288	4289	2
5826	4289	4290	2
5827	4290	4291	2
5828	4291	4292	2
5829	4248	4249	2
5830	4249	4250	2
5831	4250	4251	2
5832	4251	4252	2
5833	4252	4253	2
5834	4253	8389	2
5835	8389	8390	2
5836	8390	8388	2
5837	8388	8480	2
5838	8480	8481	2
5839	8481	8471	2
5840	8471	8472	2
5841	8472	8473	2
5842	8473	8474	2
5843	8474	8475	2
5844	8475	8476	2
5845	8476	8477	2
5846	8477	8478	2
5847	8478	8479	2
5848	8479	8470	2
5849	8470	8469	2
5850	8469	8468	2
5851	8468	4248	2
5852	4252	6166	2
5853	6166	6165	2
5854	6165	4254	2
5855	4254	4255	2
5856	4255	3146	2
5857	3146	3966	2
5858	3966	3147	2
5859	3147	3967	2
5860	3967	3148	2
5861	3148	3149	2
5862	3149	3150	2
5863	3150	3126	2
5864	3126	3127	2
5865	3127	4256	2
5866	4256	4257	2
5867	4257	4258	2
5868	4258	4259	2
5869	4259	4260	2
5870	4260	4261	2
5871	4261	4262	2
5872	4262	4263	2
5873	4263	4264	2
5874	4264	4265	2
5875	4265	4266	2
5876	4266	4267	2
5877	4267	4268	2
5878	4268	4269	2
5879	4269	4270	2
5880	4270	4271	2
5881	4271	4272	2
5882	4272	4273	2
5883	4273	4274	2
5884	4274	4275	2
5885	4275	8376	2
5886	8376	4276	2
5887	4276	8378	2
5888	8378	8377	2
5889	8377	8379	2
5890	8379	4277	2
5891	4277	8380	2
5892	8380	8391	2
5893	8391	8392	2
5894	8392	8393	2
5895	8393	8413	2
5896	8413	8411	2
5897	8411	8410	2
5898	8410	8409	2
5899	8409	8408	2
5900	8408	8407	2
5901	8407	8406	2
5902	8406	8405	2
5903	8405	8404	2
5904	8404	8403	2
5905	8403	8402	2
5906	8402	8401	2
5907	8401	8482	2
5908	8482	8400	2
5909	8400	8399	2
5910	8399	8398	2
5911	8398	8397	2
5912	8397	8396	2
5913	8396	8395	2
5914	8395	8394	2
5915	8394	8389	2
5916	8389	4253	2
5917	4253	4252	2
5918	4278	4279	2
5919	4279	4280	2
5920	4280	4281	2
5921	4293	4294	2
5922	4294	4295	2
5923	4295	4296	2
5924	4296	4293	2
5925	4297	4298	2
5926	4298	4299	2
5927	4299	4300	2
5928	4300	4297	2
5929	3512	9733	1
5930	9733	3782	1
5931	3794	3512	1
5932	4304	6106	2
5933	6106	4305	2
5934	4305	4306	2
5935	4306	7082	2
5936	7082	3945	2
5937	4308	4309	2
5938	4309	4310	2
5939	4311	4312	2
5940	4312	4313	2
5941	4313	4314	2
5942	4314	4311	2
5943	2970	4315	2
5944	4315	4316	2
5945	4316	4317	2
5946	4317	2970	2
5947	4326	4322	2
5948	4322	4323	2
5949	4323	4325	2
5950	4325	4324	2
5951	4324	4320	2
5952	4325	4326	2
5953	4328	4329	2
5954	4329	8346	2
5955	8346	4330	2
5956	4330	4331	2
5957	4331	3169	2
5958	4332	4333	2
5959	4333	4334	2
5960	3839	4335	2
5961	4335	4336	2
5962	4336	4337	2
5963	4345	4346	1
5964	4346	4347	1
5965	4347	4348	1
5966	4348	4349	1
5967	4349	4350	1
5968	4350	4351	1
5969	4351	4352	1
5970	4352	4353	1
5971	4353	9452	1
5972	9452	4354	1
5973	4354	4355	1
5974	4355	4356	1
5975	4356	4357	1
5976	4357	4358	1
5977	4358	4359	1
5978	4359	4360	1
5979	4360	4361	1
5980	4361	4362	1
5981	4362	4363	1
5982	4372	4370	2
5983	4370	4365	2
5984	4365	4366	2
5985	4366	4369	2
5986	4369	4371	2
5987	4371	4367	2
5988	4367	4373	2
5989	4373	4368	2
5990	4369	4370	2
5991	4371	4372	2
5992	4339	4374	1
5993	4374	4375	1
5994	4375	4376	1
5995	4376	4377	1
5996	4377	117	1
5997	2001	4378	1
5998	4378	4379	1
5999	4379	4380	1
6000	4380	4381	1
6001	4381	4382	1
6002	4382	4383	1
6003	4383	4384	1
6004	4384	4385	1
6005	4385	4339	1
6006	4386	4387	2
6007	4387	4388	2
6008	4388	4389	2
6009	4389	4390	2
6010	4390	4391	2
6011	4391	4392	2
6012	4392	4393	2
6013	4393	4394	2
6014	4394	4395	2
6015	4395	4396	2
6016	4396	4397	2
6017	4397	4398	2
6018	4398	4399	2
6019	4399	4400	2
6020	4400	4401	2
6021	4401	4402	2
6022	4402	4403	2
6023	4403	4404	2
6024	4404	4405	2
6025	4405	4406	2
6026	4406	4407	2
6027	4407	4408	2
6028	4408	4409	2
6029	4409	4410	2
6030	4410	4411	2
6031	4411	4412	2
6032	4412	4413	2
6033	4413	4414	2
6034	4414	4386	2
6035	626	4448	2
6036	4448	4449	2
6037	4449	4450	2
6038	4450	626	2
6039	4462	4464	2
6040	4464	4467	2
6041	4467	4463	2
6042	4464	8794	2
6043	8794	4465	2
6044	4466	8793	2
6045	8793	4463	2
6046	4471	9362	2
6047	9362	4472	2
6048	826	4473	2
6049	4473	4474	2
6050	4474	829	2
6051	829	826	2
6052	4476	6780	2
6053	6780	4477	2
6054	4479	4480	1
6055	4480	4481	1
6056	4481	4482	1
6057	4482	4483	1
6058	4483	4484	1
6059	4484	4485	1
6060	4485	821	1
6061	821	4486	1
6062	4486	4495	1
6063	4495	4501	1
6064	4501	4496	1
6065	4496	4497	1
6066	4497	4487	1
6067	4487	4488	1
6068	4488	4489	1
6069	4489	4490	1
6070	4490	4491	1
6071	4491	9387	1
6072	9387	2716	1
6073	2716	4492	1
6074	4492	4493	1
6075	4493	4494	1
6076	4494	4479	1
6077	2718	4485	1
6078	820	4499	1
6079	4499	4500	1
6080	4500	9387	1
6081	4501	4502	2
6082	4502	2700	2
6083	4488	4504	1
6084	4504	4505	1
6085	4505	4506	1
6086	4506	4507	1
6087	4507	4508	1
6088	4508	4509	1
6089	4509	820	1
6090	4487	4510	1
6091	4510	4511	1
6092	4511	2694	1
6093	4512	4513	2
6094	4513	4514	2
6095	4514	4515	2
6096	4515	4516	2
6097	4516	4517	2
6098	4517	4518	2
6099	4518	4519	2
6100	4519	4520	2
6101	4520	4521	2
6102	4521	4522	2
6103	4522	4523	2
6104	4523	4524	2
6105	4524	4525	2
6106	4525	4526	2
6107	4526	4527	2
6108	4527	4528	2
6109	4528	4529	2
6110	4529	4530	2
6111	4530	4531	2
6112	4531	4532	2
6113	4532	4512	2
6114	4538	4542	1
6115	4542	4543	1
6116	4543	4544	1
6117	4544	4545	1
6118	4546	7059	1
6119	7059	4547	1
6120	4547	4548	1
6121	2897	4549	1
6122	4549	7060	1
6123	7060	4546	1
6124	4559	4584	2
6125	4584	4564	2
6126	4564	4560	2
6127	4561	5849	2
6128	5849	4560	2
6129	4560	4562	2
6130	4563	4564	2
6131	4564	4565	2
6132	5848	4566	2
6133	4566	4580	2
6134	4580	4567	2
6135	4567	4568	2
6136	4568	4569	2
6137	4569	4570	2
6138	732	4571	2
6139	4571	4572	2
6140	4572	4573	2
6141	4573	4570	2
6142	4570	4574	2
6143	4574	4575	2
6144	4575	4576	2
6145	4576	4577	2
6146	4577	4578	2
6147	4578	4579	2
6148	4580	4581	2
6149	4581	4582	2
6150	4582	4583	2
6151	4583	5826	2
6152	5826	4584	2
6153	4584	2712	2
6154	2712	4585	2
6155	4585	4586	2
6156	4586	4587	2
6157	5850	4588	2
6158	4588	4589	2
6159	4589	4590	2
6160	4590	4591	2
6161	4591	4592	2
6162	4593	3458	2
6163	3458	4594	2
6164	4594	3457	2
6165	3457	2712	2
6166	2712	10327	2
6167	10327	2713	2
6168	730	7164	2
6169	7164	4597	2
6170	4597	4596	2
6171	4597	4598	2
6172	4596	4599	2
6173	4599	4600	2
6174	4599	4601	2
6175	727	728	2
6176	728	8226	2
6177	8226	729	2
6178	729	5852	2
6179	5852	730	2
6180	730	731	2
6181	4606	4609	2
6182	4609	723	2
6183	723	4607	2
6184	4607	7039	2
6185	7039	648	2
6186	648	653	2
6187	653	7041	2
6188	7041	652	2
6189	652	5832	2
6190	5832	680	2
6191	680	681	2
6192	681	676	2
6193	676	4606	2
6194	4608	4609	2
6195	4610	722	2
6196	722	4611	2
6197	4611	675	2
6198	675	678	2
6199	678	679	2
6200	679	6737	2
6201	6737	688	2
6202	688	9178	2
6203	9178	689	2
6204	689	684	2
6205	684	7046	2
6206	7046	4610	2
6207	4482	2718	1
6208	4612	4613	2
6209	4613	4614	2
6210	4614	4615	2
6211	4615	4612	2
6212	4612	4616	2
6213	4616	4683	2
6214	4683	4617	2
6215	4617	4682	2
6216	4682	4618	2
6217	4618	4619	2
6218	4619	4615	2
6219	4615	4614	2
6220	4614	4613	2
6221	4613	4612	2
6222	4620	4621	2
6223	4621	4622	2
6224	4622	4623	2
6225	4623	4620	2
6226	4620	4624	2
6227	4624	4625	2
6228	4625	4626	2
6229	4626	4627	2
6230	4627	4628	2
6231	4628	4629	2
6232	4629	4630	2
6233	4630	4623	2
6234	4623	4622	2
6235	4622	4621	2
6236	4621	4620	2
6237	2728	2725	2
6238	4820	4817	2
6239	4817	4636	2
6240	4636	4821	2
6241	4821	4820	2
6242	4637	4638	2
6243	4638	4639	2
6244	4639	4640	2
6245	4640	4637	2
6246	4641	4642	2
6247	4642	4643	2
6248	4643	4644	2
6249	4644	4641	2
6250	4644	4645	2
6251	4645	4646	2
6252	4646	4647	2
6253	4647	2726	2
6254	2726	2727	2
6255	2727	4631	2
6256	4631	4632	2
6257	4632	4633	2
6258	4633	4634	2
6259	4634	4635	2
6260	4635	4648	2
6261	4648	4649	2
6262	4649	4650	2
6263	4650	4651	2
6264	4651	4652	2
6265	4652	4653	2
6266	4653	4643	2
6267	4643	4642	2
6268	4642	4641	2
6269	4641	4644	2
6270	2703	2704	2
6271	2704	2705	2
6272	2705	2706	2
6273	2706	4660	2
6274	4660	4661	2
6275	4661	4662	2
6276	4662	4797	2
6277	4797	4800	2
6278	4800	4802	2
6279	4802	4804	2
6280	4804	4851	2
6281	4851	4808	2
6282	4808	4853	2
6283	4853	4854	2
6284	4854	4855	2
6285	4855	4856	2
6286	4856	4857	2
6287	4857	4858	2
6288	4858	4859	2
6289	4859	4860	2
6290	4860	4852	2
6291	4852	4829	2
6292	4829	4828	2
6293	4828	4827	2
6294	4827	4826	2
6295	4826	4825	2
6296	4825	4824	2
6297	4824	4823	2
6298	4823	4822	2
6299	4822	4821	2
6300	4821	4820	2
6301	4820	4817	2
6302	4817	4818	2
6303	4818	4819	2
6304	4819	4816	2
6305	4816	4815	2
6306	4815	4814	2
6307	4814	4813	2
6308	4813	4812	2
6309	4812	4811	2
6310	4811	4810	2
6311	4810	4809	2
6312	4809	4807	2
6313	4807	4806	2
6314	4806	4805	2
6315	4805	4803	2
6316	4803	4801	2
6317	4801	4799	2
6318	4799	4798	2
6319	4798	605	2
6320	605	606	2
6321	606	4663	2
6322	4663	4664	2
6323	4664	4640	2
6324	4640	4637	2
6325	4637	4638	2
6326	4638	4639	2
6327	4639	4665	2
6328	4665	4666	2
6329	4666	4667	2
6330	4667	4668	2
6331	4668	4669	2
6332	4669	4670	2
6333	4670	4671	2
6334	4671	4672	2
6335	4672	4673	2
6336	4673	4674	2
6337	4674	4675	2
6338	4675	4676	2
6339	4676	4677	2
6340	4677	4678	2
6341	4678	4679	2
6342	4679	4680	2
6343	4680	4681	2
6344	4681	2703	2
6345	4684	4685	2
6346	4685	4686	2
6347	4686	4687	2
6348	4687	4688	2
6349	4688	2702	2
6350	2702	4588	2
6351	4588	2711	2
6352	2711	4689	2
6353	4689	4690	2
6354	4690	4691	2
6355	4691	4692	2
6356	4692	4693	2
6357	4693	4694	2
6358	4694	4695	2
6359	4695	4696	2
6360	4696	4697	2
6361	4697	4698	2
6362	4698	4699	2
6363	4699	4700	2
6364	4700	4701	2
6365	4701	4702	2
6366	4702	4703	2
6367	4703	4704	2
6368	4704	4684	2
6369	4705	4706	2
6370	4706	4707	2
6371	4707	4708	2
6372	4708	4705	2
6373	4709	4710	2
6374	4710	4711	2
6375	4711	4712	2
6376	4712	4713	2
6377	4713	4714	2
6378	4714	4715	2
6379	4715	4716	2
6380	4716	4717	2
6381	4717	4718	2
6382	4718	4719	2
6383	4719	4720	2
6384	4720	4721	2
6385	4721	4722	2
6386	4722	4723	2
6387	4723	4724	2
6388	4724	4725	2
6389	4725	4726	2
6390	4726	4727	2
6391	4727	4728	2
6392	4728	4729	2
6393	4729	4730	2
6394	4730	4731	2
6395	4731	4732	2
6396	4732	4733	2
6397	4733	4734	2
6398	4734	4735	2
6399	4735	4736	2
6400	4736	4737	2
6401	4737	4738	2
6402	4738	4739	2
6403	4739	4740	2
6404	4740	4741	2
6405	4741	4742	2
6406	4742	4743	2
6407	4743	4744	2
6408	4744	4709	2
6409	4745	4746	2
6410	4746	4747	2
6411	4747	4748	2
6412	4748	4749	2
6413	4749	4750	2
6414	4750	4751	2
6415	4751	4752	2
6416	4752	4745	2
6417	4458	4753	2
6418	4753	4754	2
6419	4754	4755	2
6420	4755	4756	2
6421	4756	4757	2
6422	4757	4758	2
6423	4758	4759	2
6424	4759	4760	2
6425	4760	4761	2
6426	4761	4762	2
6427	4762	4763	2
6428	4763	2760	2
6429	2760	4461	2
6430	4461	4460	2
6431	4460	4459	2
6432	4459	4458	2
6433	4764	4765	2
6434	4765	4766	2
6435	4766	4767	2
6436	4767	4764	2
6437	4466	4465	2
6438	4465	4768	2
6439	4661	4769	2
6440	4769	4770	2
6441	4770	4771	2
6442	4771	4772	2
6443	4772	4773	2
6444	4773	4774	2
6445	4774	4775	2
6446	4775	4776	2
6447	4776	4777	2
6448	4777	4778	2
6449	4778	4885	2
6450	4885	4779	2
6451	4779	4877	2
6452	4877	4780	2
6453	4780	4781	2
6454	4781	4808	2
6455	4808	4851	2
6456	4851	4804	2
6457	4804	4802	2
6458	4802	4800	2
6459	4800	4797	2
6460	4797	4662	2
6461	4662	4661	2
6462	4788	4789	2
6463	4789	4790	2
6464	4790	4791	2
6465	4791	4792	2
6466	4792	4842	2
6467	4842	4793	2
6468	4793	4794	2
6469	4794	4795	2
6470	4795	4796	2
6471	4796	4788	2
6472	4813	4828	2
6473	4828	4861	2
6474	4853	4854	2
6475	4854	4855	2
6476	4855	4856	2
6477	4856	4834	2
6478	4834	4830	2
6479	4830	4853	2
6480	4831	4832	2
6481	4832	4833	2
6482	4833	4857	2
6483	4857	4858	2
6484	4858	4859	2
6485	4859	4837	2
6486	4837	4836	2
6487	4836	4831	2
6488	4833	4834	2
6489	4834	4856	2
6490	4856	4857	2
6491	4857	4833	2
6492	4835	4836	2
6493	4836	4837	2
6494	4837	4838	2
6495	4838	4835	2
6496	4839	4840	2
6497	4840	4841	2
6498	4841	4792	2
6499	4792	4842	2
6500	4842	4843	2
6501	4843	4838	2
6502	4838	4835	2
6503	4835	4844	2
6504	4844	4845	2
6505	4845	4846	2
6506	4846	4847	2
6507	4847	4848	2
6508	4848	4849	2
6509	4849	4850	2
6510	4850	4839	2
6511	608	4816	2
6512	4816	4819	2
6513	4819	4818	2
6514	4818	4663	2
6515	4663	606	2
6516	606	607	2
6517	607	4655	2
6518	4655	4656	2
6519	4656	4659	2
6520	4659	4658	2
6521	4658	4657	2
6522	4657	4654	2
6523	4654	608	2
6524	4862	4863	2
6525	4863	4864	2
6526	4864	4865	2
6527	4865	4862	2
6528	4866	4867	2
6529	4867	4868	2
6530	4868	4869	2
6531	4869	4866	2
6532	4871	4872	2
6533	4872	4873	2
6534	4873	4874	2
6535	4874	4875	2
6536	4875	4876	2
6537	4876	4871	2
6538	4877	4878	2
6539	4878	4879	2
6540	4879	4880	2
6541	4880	4881	2
6542	4881	4882	2
6543	4882	4883	2
6544	4883	4884	2
6545	4884	4885	2
6546	4885	4779	2
6547	4779	4877	2
6548	4886	4887	2
6549	4887	4888	2
6550	4888	4889	2
6551	4889	4890	2
6552	4890	4891	2
6553	4891	4892	2
6554	4892	4893	2
6555	4893	4894	2
6556	4894	4886	2
6557	4912	4913	2
6558	4913	4895	2
6559	4895	4896	2
6560	4896	4897	2
6561	4897	4898	2
6562	4898	4899	2
6563	4899	4900	2
6564	4900	4901	2
6565	4901	4902	2
6566	4902	4911	2
6567	4911	4903	2
6568	4903	4904	2
6569	4904	4905	2
6570	4905	4906	2
6571	4906	4907	2
6572	4907	4908	2
6573	4908	4909	2
6574	4909	4910	2
6575	4910	4912	2
6576	4918	4919	2
6577	4919	4920	2
6578	4920	4921	2
6579	4921	4922	2
6580	4922	4918	2
6581	318	4924	1
6582	4924	11121	1
6583	11121	4925	1
6584	4925	11120	1
6585	11120	598	1
6586	317	8229	1
6587	8229	318	1
6588	319	320	2
6589	320	226	2
6590	226	3723	2
6591	3723	195	2
6592	195	244	2
6593	244	215	2
6594	215	118	2
6595	118	4339	2
6596	242	10374	2
6597	10374	10373	2
6598	10373	330	2
6599	330	5988	2
6600	5988	329	2
6601	242	317	1
6602	319	4929	1
6603	4929	4930	1
6604	4930	4931	1
6605	4931	4932	1
6606	4932	9364	1
6607	4933	4934	2
6608	4934	4935	2
6609	4935	4933	2
6610	8231	4936	2
6611	4936	4937	2
6612	4937	8230	2
6613	8230	8231	2
6614	4939	4940	2
6615	4940	4941	2
6616	4941	4942	2
6617	4942	4939	2
6618	4943	5987	2
6619	5987	7065	2
6620	7065	7067	2
6621	7067	2137	2
6622	2137	2148	2
6623	2148	4943	2
6624	4944	4945	2
6625	4945	4946	2
6626	4946	4947	2
6627	4947	4948	2
6628	4948	4944	2
6629	4949	4950	2
6630	4950	4951	2
6631	4951	4952	2
6632	4952	4953	2
6633	4953	4949	2
6634	4954	4955	2
6635	4955	4956	2
6636	4956	4957	2
6637	4957	4958	2
6638	4958	4954	2
6639	4959	9127	2
6640	9127	4960	2
6641	4960	4961	2
6642	4961	4962	2
6643	4963	4964	2
6644	4964	4965	2
6645	4965	4966	2
6646	4966	4967	2
6647	4967	4968	2
6648	4968	4963	2
6649	302	121	1
6650	121	9217	1
6651	9217	124	1
6652	4969	4970	2
6653	4970	4971	2
6654	4971	4969	2
6655	4972	4973	2
6656	4973	4974	2
6657	4974	4975	2
6658	4975	4976	2
6659	4976	4977	2
6660	4977	4978	2
6661	4978	4979	2
6662	4979	4980	2
6663	4980	4981	2
6664	4981	4982	2
6665	4982	4983	2
6666	4983	4984	2
6667	4984	4985	2
6668	4985	4986	2
6669	4986	10988	2
6670	10988	10989	2
6671	10989	4987	2
6672	4987	4988	2
6673	4988	4989	2
6674	4989	4990	2
6675	4990	4991	2
6676	4991	4992	2
6677	4992	4993	2
6678	4993	4994	2
6679	4994	4995	2
6680	4995	4996	2
6681	4996	4997	2
6682	4997	4998	2
6683	4998	4999	2
6684	4999	5000	2
6685	5000	5001	2
6686	5001	5002	2
6687	5002	5003	2
6688	5003	5004	2
6689	5004	5005	2
6690	5005	5006	2
6691	5006	5007	2
6692	5007	5008	2
6693	5008	5009	2
6694	5009	5010	2
6695	5010	5011	2
6696	5011	5012	2
6697	5012	5013	2
6698	5013	5014	2
6699	5014	4972	2
6700	5024	3657	2
6701	5030	5031	2
6702	5031	5032	2
6703	5032	5033	2
6704	5033	5034	2
6705	5034	5035	2
6706	5035	5036	2
6707	5036	5037	2
6708	5037	5038	2
6709	5038	5039	2
6710	5039	5040	2
6711	5040	5041	2
6712	5041	5042	2
6713	5042	5043	2
6714	5043	5044	2
6715	5044	5045	2
6716	5045	5046	2
6717	5046	5047	2
6718	5047	5048	2
6719	5048	5049	2
6720	5049	5050	2
6721	5050	5051	2
6722	5051	5052	2
6723	5052	5053	2
6724	5053	5030	2
6725	5078	5079	1
6726	5079	5054	1
6727	5054	5055	1
6728	5055	5086	1
6729	5086	5056	1
6730	5056	3661	1
6731	3661	5057	1
6732	5057	5058	1
6733	5058	5059	1
6734	5059	5060	1
6735	5060	5061	1
6736	5061	5062	1
6737	5062	1252	1
6738	1252	5063	1
6739	5063	5064	1
6740	5064	5065	1
6741	5065	5066	1
6742	5066	3658	1
6743	5017	5080	2
6744	5080	5075	2
6745	5075	3665	1
6746	3665	5083	1
6747	5083	5084	1
6748	5084	5085	1
6749	5085	5082	1
6750	5086	3657	2
6751	3657	7748	2
6752	7748	1264	2
6753	5087	5168	2
6754	5168	5167	2
6755	5167	5166	2
6756	5166	5165	2
6757	5165	5164	2
6758	5164	5163	2
6759	5163	5162	2
6760	5162	5161	2
6761	5161	5087	2
6762	5088	5089	2
6763	5089	5090	2
6764	5090	5091	2
6765	5091	5092	2
6766	5092	5093	2
6767	5093	5094	2
6768	5094	5095	2
6769	5095	5096	2
6770	5096	5097	2
6771	5097	5098	2
6772	5098	5099	2
6773	5099	5100	2
6774	5100	5101	2
6775	5101	5102	2
6776	5102	5103	2
6777	5103	5104	2
6778	5104	5105	2
6779	5105	5106	2
6780	5106	5107	2
6781	5107	5088	2
6782	5169	5108	2
6783	5108	5109	2
6784	5109	5110	2
6785	5110	5111	2
6786	5111	5112	2
6787	5112	5113	2
6788	5113	5169	2
6789	5114	5115	2
6790	5115	5116	2
6791	5116	5187	2
6792	5187	5117	2
6793	5117	5118	2
6794	5118	5114	2
6795	5119	5120	2
6796	5120	5121	2
6797	5121	5122	2
6798	5122	5123	2
6799	5123	5119	2
6800	5088	5107	2
6801	5107	5124	2
6802	5124	5125	2
6803	5125	5126	2
6804	5126	5088	2
6805	5127	5128	2
6806	5128	5129	2
6807	5129	5130	2
6808	5130	5127	2
6809	5131	5132	2
6810	5132	5133	2
6811	5133	5134	2
6812	5134	5135	2
6813	5135	5136	2
6814	5136	5137	2
6815	5137	5138	2
6816	5138	5139	2
6817	5139	5140	2
6818	5140	5141	2
6819	5141	5131	2
6820	5016	5015	2
6821	5015	3287	2
6822	3287	5142	2
6823	5142	5025	2
6824	5025	5016	2
6825	5087	5110	2
6826	5110	5111	2
6827	5111	5118	2
6828	5118	5117	2
6829	5117	5143	2
6830	5143	5144	2
6831	5144	5145	2
6832	5145	5146	2
6833	5146	9086	2
6834	9086	9087	2
6835	9087	5147	2
6836	5147	5148	2
6837	5148	5149	2
6838	5149	5150	2
6839	5150	5151	2
6840	5151	5152	2
6841	5152	5153	2
6842	5153	5154	2
6843	5154	5155	2
6844	5155	5156	2
6845	5156	5157	2
6846	5157	5158	2
6847	5158	5159	2
6848	5159	9089	2
6849	9089	9090	2
6850	9090	9091	2
6851	9091	9088	2
6852	9088	5160	2
6853	5160	5169	2
6854	5169	5168	2
6855	5168	5167	2
6856	5167	5166	2
6857	5166	5165	2
6858	5165	5164	2
6859	5164	5163	2
6860	5163	5162	2
6861	5162	5161	2
6862	5161	5087	2
6863	5143	5171	2
6864	5171	5172	2
6865	5172	5173	2
6866	5173	5174	2
6867	5174	5175	2
6868	5175	5176	2
6869	5176	5177	2
6870	5177	5178	2
6871	5178	5179	2
6872	5179	5180	2
6873	5180	5181	2
6874	5181	5182	2
6875	5182	5183	2
6876	5183	5184	2
6877	5184	5185	2
6878	5185	5186	2
6879	5186	5170	2
6880	5170	5113	2
6881	5113	5112	2
6882	5112	5111	2
6883	5111	5118	2
6884	5118	5114	2
6885	5114	5115	2
6886	5115	5116	2
6887	5116	5187	2
6888	5187	5117	2
6889	5117	5143	2
6890	5203	5204	2
6891	5204	5205	2
6892	5205	5206	2
6893	5206	5207	2
6894	5207	5208	2
6895	5208	5209	2
6896	5209	5210	2
6897	5210	5211	2
6898	5211	5212	2
6899	5212	5213	2
6900	5213	5214	2
6901	5214	5215	2
6902	5215	5216	2
6903	5216	5217	2
6904	5217	5218	2
6905	5218	5203	2
6906	5219	5220	2
6907	5220	5221	2
6908	5221	5222	2
6909	5222	5223	2
6910	5223	5219	2
6911	5224	5225	2
6912	5225	5226	2
6913	5226	5227	2
6914	5227	5224	2
6915	5228	5229	2
6916	5229	5230	2
6917	5230	5231	2
6918	5231	5232	2
6919	5232	5233	2
6920	5233	5234	2
6921	5234	5235	2
6922	5235	5236	2
6923	5236	5237	2
6924	5237	5238	2
6925	5238	5239	2
6926	5239	5240	2
6927	5240	5241	2
6928	5241	5242	2
6929	5242	5243	2
6930	5243	5244	2
6931	5244	5245	2
6932	5245	5246	2
6933	5246	5247	2
6934	5247	5228	2
6935	3659	5248	1
6936	5249	5250	1
6937	5249	5251	2
6938	5251	5257	2
6939	5257	5252	2
6940	5253	5254	2
6941	5254	5255	2
6942	5255	5258	2
6943	5258	5256	2
6944	5257	5258	2
6945	5259	5260	2
6946	5260	5261	2
6947	5261	5262	2
6948	5262	5263	2
6949	5263	5253	2
6950	5253	5269	2
6951	5269	10110	2
6952	10110	10109	2
6953	10109	5264	2
6954	5264	5265	2
6955	5266	10107	2
6956	10107	5267	2
6957	5267	5268	2
6958	5268	10108	2
6959	10108	5269	2
6960	5273	5274	1
6961	5274	5275	1
6962	5275	5276	1
6963	5276	5277	1
6964	5277	5278	1
6965	5278	5279	1
6966	5279	5285	1
6967	5285	5280	1
6968	5280	5281	1
6969	5281	9520	1
6970	9520	5283	1
6971	5285	9729	1
6972	9729	5286	1
6973	5286	5287	1
6974	5287	10236	1
6975	10236	5288	1
6976	5288	10237	1
6977	10237	5289	1
6978	5289	5290	1
6979	5290	9730	1
6980	9730	9520	1
6981	5288	9441	2
6982	9441	9438	2
6983	9438	9436	2
6984	9436	5291	2
6985	5291	10130	2
6986	10130	9423	2
6987	9423	5292	2
6988	5292	9415	2
6989	9415	5293	2
6990	5293	5294	2
6991	5294	5295	2
6992	5298	5299	2
6993	5299	5300	2
6994	5300	5301	2
6995	5301	5302	2
6996	5302	5303	2
6997	5303	5304	2
6998	5304	5305	2
6999	5305	5306	2
7000	5306	5307	2
7001	5307	5308	2
7002	5308	5309	2
7003	5309	5310	2
7004	5310	5311	2
7005	5311	5312	2
7006	5312	5313	2
7007	5313	5314	2
7008	5314	5315	2
7009	5315	5316	2
7010	5316	5317	2
7011	5317	5318	2
7012	5318	5319	2
7013	5319	5320	2
7014	5320	5298	2
7015	5322	5323	2
7016	5323	5324	2
7017	5324	5325	2
7018	5325	5326	2
7019	5326	5327	2
7020	5327	5328	2
7021	5328	5329	2
7022	5329	5330	2
7023	5330	5341	2
7024	5341	5342	2
7025	5342	5331	2
7026	5331	5332	2
7027	5332	5333	2
7028	5333	5334	2
7029	5334	5335	2
7030	5335	5336	2
7031	5336	5337	2
7032	5337	5338	2
7033	5338	5339	2
7034	5339	5340	2
7035	5340	5322	2
7036	358	9519	2
7037	9519	357	2
7038	357	352	2
7039	352	345	2
7040	345	343	2
7041	343	340	2
7042	340	336	2
7043	336	332	2
7044	332	328	2
7045	328	327	2
7046	327	323	2
7047	323	9122	2
7048	9122	242	2
7049	5344	10978	2
7050	10978	5345	2
7051	5345	10977	2
7052	10977	5346	2
7053	5346	5347	2
7054	5347	5348	2
7055	5348	5349	2
7056	5349	5350	2
7057	5350	5351	2
7058	5351	5352	2
7059	5352	5353	2
7060	5353	5354	2
7061	5354	5355	2
7062	5355	5356	2
7063	5356	5357	2
7064	5357	5358	2
7065	5358	5359	2
7066	5359	5360	2
7067	5360	5361	2
7068	5361	5362	2
7069	5362	5363	2
7070	5363	5364	2
7071	5364	5365	2
7072	5365	5366	2
7073	5366	5367	2
7074	5367	5368	2
7075	5368	5344	2
7076	5369	5370	2
7077	5370	5371	2
7078	5371	5369	2
7079	5372	5373	2
7080	5373	5374	2
7081	5374	5375	2
7082	5375	5376	2
7083	5376	5377	2
7084	5377	5378	2
7085	5378	5379	2
7086	5379	5380	2
7087	5380	5381	2
7088	5381	5382	2
7089	5382	5383	2
7090	5383	5384	2
7091	5384	5385	2
7092	5385	5386	2
7093	5386	5387	2
7094	5387	5388	2
7095	5388	5389	2
7096	5389	5390	2
7097	5390	5391	2
7098	5391	5392	2
7099	5392	5393	2
7100	5393	5394	2
7101	5394	5395	2
7102	5395	5396	2
7103	5396	5397	2
7104	5397	5398	2
7105	5398	5399	2
7106	5399	5400	2
7107	5400	5401	2
7108	5401	5402	2
7109	5402	5403	2
7110	5403	5404	2
7111	5404	5405	2
7112	5405	5406	2
7113	5406	5407	2
7114	5407	5408	2
7115	5408	5409	2
7116	5409	5410	2
7117	5410	5411	2
7118	5411	5372	2
7119	5419	5424	2
7120	5424	5425	2
7121	5425	5426	2
7122	5426	5418	2
7123	5418	5419	2
7124	5427	5428	2
7125	5428	5429	2
7126	5429	5430	2
7127	5430	5431	2
7128	5431	5432	2
7129	5432	5433	2
7130	5433	5434	2
7131	5434	5435	2
7132	5435	5436	2
7133	5436	5437	2
7134	5437	5438	2
7135	5438	5439	2
7136	5439	5440	2
7137	5440	5441	2
7138	5441	5442	2
7139	5442	5443	2
7140	5443	5444	2
7141	5444	5445	2
7142	5445	5446	2
7143	5446	5447	2
7144	5447	5448	2
7145	5448	5449	2
7146	5449	5450	2
7147	5450	5451	2
7148	5451	5538	2
7149	5538	5537	2
7150	5537	5536	2
7151	5536	5535	2
7152	5535	5534	2
7153	5534	5533	2
7154	5533	5532	2
7155	5532	5531	2
7156	5531	5530	2
7157	5530	5540	2
7158	5540	5452	2
7159	5452	5453	2
7160	5453	5539	2
7161	5539	5454	2
7162	5454	5455	2
7163	5455	5456	2
7164	5456	5457	2
7165	5457	5458	2
7166	5458	5459	2
7167	5459	5460	2
7168	5460	5461	2
7169	5461	5462	2
7170	5462	5463	2
7171	5463	5464	2
7172	5464	5465	2
7173	5465	5466	2
7174	5466	5467	2
7175	5467	5468	2
7176	5468	5469	2
7177	5469	5470	2
7178	5470	5471	2
7179	5471	5472	2
7180	5472	5473	2
7181	5473	5474	2
7182	5474	5475	2
7183	5475	5476	2
7184	5476	5477	2
7185	5477	5478	2
7186	5478	5479	2
7187	5479	5480	2
7188	5480	5481	2
7189	5481	5482	2
7190	5482	5483	2
7191	5483	5484	2
7192	5484	5485	2
7193	5485	5486	2
7194	5486	5487	2
7195	5487	5488	2
7196	5488	5489	2
7197	5489	5490	2
7198	5490	5491	2
7199	5491	5492	2
7200	5492	5493	2
7201	5493	5494	2
7202	5494	5495	2
7203	5495	5496	2
7204	5496	5497	2
7205	5497	5498	2
7206	5498	5499	2
7207	5499	5500	2
7208	5500	5501	2
7209	5501	5502	2
7210	5502	5503	2
7211	5503	5504	2
7212	5504	5505	2
7213	5505	5506	2
7214	5506	5507	2
7215	5507	5508	2
7216	5508	5509	2
7217	5509	5510	2
7218	5510	5511	2
7219	5511	5512	2
7220	5512	5513	2
7221	5513	5514	2
7222	5514	5515	2
7223	5515	5516	2
7224	5516	5517	2
7225	5517	5518	2
7226	5518	5519	2
7227	5519	5528	2
7228	5528	5520	2
7229	5520	5529	2
7230	5529	5521	2
7231	5521	5522	2
7232	5522	5523	2
7233	5523	5524	2
7234	5524	5525	2
7235	5525	5526	2
7236	5526	5527	2
7237	5527	5427	2
7238	5452	5453	2
7239	5453	5539	2
7240	5539	5540	2
7241	5540	5452	2
7242	5563	10994	1
7243	10994	5564	1
7244	5564	384	1
7245	5588	5589	2
7246	5589	5590	2
7247	5590	5591	2
7248	5591	5573	2
7249	5573	5574	2
7250	5574	5575	2
7251	5575	5576	2
7252	5576	5577	2
7253	5577	5578	2
7254	5578	5579	2
7255	5579	5587	2
7256	5587	5580	2
7257	5580	5581	2
7258	5581	5582	2
7259	5582	5583	2
7260	5583	5584	2
7261	5584	5585	2
7262	5585	5586	2
7263	5586	5588	2
7264	5615	5592	1
7265	5592	385	1
7266	9199	5593	1
7267	5593	348	1
7268	348	321	1
7269	321	298	1
7270	5600	5594	1
7271	5594	370	1
7272	370	367	1
7273	5596	5595	1
7274	5595	392	1
7275	392	8924	1
7276	8924	4917	1
7277	4917	451	1
7278	5612	5613	1
7279	5613	5614	1
7280	5614	5616	1
7281	5616	5596	1
7282	5596	5597	1
7283	5597	5598	1
7284	5598	5599	1
7285	5599	5617	1
7286	5617	5600	1
7287	5600	5601	1
7288	5601	5608	1
7289	5608	5609	1
7290	5609	5610	1
7291	5610	5611	1
7292	5611	9199	1
7293	9199	5602	1
7294	5602	5603	1
7295	5603	5604	1
7296	5604	5605	1
7297	5605	5615	1
7298	5615	5606	1
7299	5606	5607	1
7300	5607	5612	1
7301	5619	5620	2
7302	5620	5621	2
7303	5621	5622	2
7304	5622	5619	2
7305	5623	5624	2
7306	5624	5625	2
7307	5625	5626	2
7308	5626	5627	2
7309	5627	5623	2
7310	5628	5629	2
7311	5629	5630	2
7312	5630	5631	2
7313	5631	5632	2
7314	5632	5628	2
7315	5633	5634	2
7316	5634	5635	2
7317	5635	5636	2
7318	5636	5637	2
7319	5637	5638	2
7320	5638	5633	2
7321	5648	5649	2
7322	5650	5651	2
7323	5653	5654	2
7324	5654	5655	2
7325	5655	5656	2
7326	5656	5657	2
7327	5657	5658	2
7328	5658	5659	2
7329	5659	5660	2
7330	5660	5661	2
7331	5661	5662	2
7332	5662	5663	2
7333	5663	5664	2
7334	5664	5665	2
7335	5665	5666	2
7336	5666	5667	2
7337	5667	5668	2
7338	5668	5669	2
7339	5669	5670	2
7340	5670	5671	2
7341	5671	5672	2
7342	5672	5673	2
7343	5673	5674	2
7344	5674	5675	2
7345	5675	3263	2
7346	3263	3262	2
7347	3262	3261	2
7348	3261	5676	2
7349	5676	5677	2
7350	5677	5678	2
7351	5678	5679	2
7352	5679	5680	2
7353	5680	5681	2
7354	5681	5682	2
7355	5682	5683	2
7356	5683	5684	2
7357	5684	5685	2
7358	5685	5686	2
7359	5686	5687	2
7360	5687	5688	2
7361	5688	5689	2
7362	5689	5690	2
7363	5690	5691	2
7364	5691	5692	2
7365	5692	5693	2
7366	5693	5694	2
7367	5694	5695	2
7368	5695	5696	2
7369	5696	5697	2
7370	5697	5698	2
7371	5698	5699	2
7372	5699	5700	2
7373	5700	5701	2
7374	5701	5702	2
7375	5702	5703	2
7376	5703	5704	2
7377	5704	5705	2
7378	5705	5706	2
7379	5706	5707	2
7380	5707	1356	2
7381	1356	1344	2
7382	1344	1333	2
7383	1333	5708	2
7384	5708	5709	2
7385	5709	5710	2
7386	5710	5711	2
7387	5711	5712	2
7388	5712	5713	2
7389	5713	5714	2
7390	5714	5715	2
7391	5715	5716	2
7392	5716	5717	2
7393	5717	5718	2
7394	5718	5653	2
7395	5721	5722	2
7396	5722	5723	2
7397	5723	5724	2
7398	5724	5725	2
7399	5725	5726	2
7400	5726	5727	2
7401	5727	5728	2
7402	5728	5729	2
7403	5729	5730	2
7404	5730	5731	2
7405	5731	5732	2
7406	5732	5733	2
7407	5733	5734	2
7408	5734	5735	2
7409	5735	5736	2
7410	5736	5737	2
7411	5737	5738	2
7412	5738	5739	2
7413	5739	5740	2
7414	5740	5741	2
7415	5741	5742	2
7416	5742	5743	2
7417	5743	5744	2
7418	5744	5745	2
7419	5745	5721	2
7420	5748	5749	2
7421	5749	5750	2
7422	5750	5751	2
7423	5751	5752	2
7424	5752	5753	2
7425	5753	5754	2
7426	5754	5755	2
7427	5755	5756	2
7428	5756	5757	2
7429	5757	5758	2
7430	5758	5759	2
7431	5759	5760	2
7432	5760	5761	2
7433	5761	5762	2
7434	5762	5763	2
7435	5763	5764	2
7436	5764	5765	2
7437	5765	5748	2
7438	5766	5767	2
7439	5767	5768	2
7440	5768	5769	2
7441	5769	5770	2
7442	5770	5771	2
7443	5771	5772	2
7444	5772	5773	2
7445	5773	5774	2
7446	5774	5775	2
7447	5775	5776	2
7448	5776	5777	2
7449	5777	5778	2
7450	5778	5779	2
7451	5779	5766	2
7452	5780	5781	2
7453	5781	5782	2
7454	5782	5783	2
7455	5784	5783	2
7456	5783	5785	2
7457	5789	5786	2
7458	5786	5785	2
7459	5785	5787	2
7460	5787	5788	2
7461	5780	5806	2
7462	5806	5805	2
7463	5805	2581	2
7464	3051	3050	2
7465	3050	3049	2
7466	3049	5791	2
7467	5791	3051	2
7468	1126	9158	1
7469	9158	5808	1
7470	5808	9386	1
7471	9386	5807	1
7472	9128	9153	1
7473	9153	9154	1
7474	9154	9160	1
7475	9160	9161	1
7476	9161	5808	1
7477	5807	9162	1
7478	9162	5810	1
7479	5810	5809	1
7480	5809	9382	1
7481	9382	9159	1
7482	9159	9128	1
7483	9128	5813	1
7484	5813	5814	1
7485	5814	1107	1
7486	5823	5816	2
7487	5816	7951	2
7488	7951	5817	2
7489	2339	6170	2
7490	6170	5821	2
7491	5821	3842	2
7492	3842	5822	2
7493	5822	2339	2
7494	5823	5824	2
7495	4592	5825	2
7496	5825	5826	2
7497	5849	5827	2
7498	5827	10326	2
7499	10326	5828	2
7500	5829	5830	2
7501	5830	5831	2
7502	5831	732	2
7503	5832	5833	2
7504	5833	5834	2
7505	5834	5836	2
7506	5836	5835	2
7507	5835	5829	2
7508	5836	5837	2
7509	4587	5838	2
7510	5838	5839	2
7511	4893	4892	2
7512	4892	5845	2
7513	5845	5840	2
7514	5840	5841	2
7515	5841	5842	2
7516	5842	5843	2
7517	5843	4893	2
7518	5844	4586	2
7519	4586	5845	2
7520	5845	5846	2
7521	5846	5847	2
7522	4562	5848	2
7523	5848	4565	2
7524	4561	4563	2
7525	733	4579	2
7526	5852	5853	2
7527	5853	5854	2
7528	5854	5855	2
7529	5855	4472	2
7530	181	3717	2
7531	3717	9241	2
7532	9241	187	2
7533	1373	1365	2
7534	1365	5872	2
7535	5872	5873	2
7536	5873	5874	2
7537	8305	8306	2
7538	8306	8307	2
7539	8307	8308	2
7540	8308	8309	2
7541	8309	5877	2
7542	5877	5878	2
7543	5878	5879	2
7544	5879	5880	2
7545	5880	5881	2
7546	5881	5882	2
7547	5882	5883	2
7548	5883	8267	2
7549	8267	8268	2
7550	8268	6175	2
7551	6175	5795	2
7552	5795	5804	2
7553	5804	6174	2
7554	6174	6171	2
7555	6171	6172	2
7556	6172	6173	2
7557	6173	6170	2
7558	6170	6169	2
7559	6169	6168	2
7560	6168	3851	2
7561	3851	3303	2
7562	3303	8304	2
7563	8304	8366	2
7564	8366	8305	2
7565	5888	5889	2
7566	5889	5890	2
7567	5890	5898	2
7568	5898	5891	2
7569	5891	5888	2
7570	5893	5894	2
7571	5894	5895	2
7572	5895	5896	2
7573	3869	5897	2
7574	5897	8067	2
7575	8067	5904	2
7576	5904	8068	2
7577	8068	5932	2
7578	5932	5898	2
7579	5898	5899	2
7580	5899	5900	2
7581	5900	5903	2
7582	5900	5901	2
7583	5901	5902	2
7584	7942	8063	2
7585	8063	8035	2
7586	8035	5904	2
7587	4322	5905	2
7588	5905	5906	2
7589	5906	5907	2
7590	5907	5908	2
7591	5908	4323	2
7592	5908	5909	2
7593	5909	9224	2
7594	9224	5939	2
7595	5939	5910	2
7596	5910	5911	2
7597	5911	5947	2
7598	5947	5912	2
7599	5913	5914	2
7600	5914	9305	2
7601	5916	5917	2
7602	5917	5918	2
7603	5918	5919	2
7604	5919	5916	2
7605	2996	5920	2
7606	5920	5921	2
7607	5921	5922	2
7608	5922	5923	2
7609	5923	5924	2
7610	5924	5925	2
7611	5925	5926	2
7612	5926	5927	2
7613	5927	5928	2
7614	5928	5977	2
7615	5977	5976	2
7616	5976	5929	2
7617	5929	5930	2
7618	5930	5931	2
7619	5931	5973	2
7620	5973	5974	2
7621	5974	5975	2
7622	5975	5932	2
7623	5932	5898	2
7624	5898	5891	2
7625	5891	5888	2
7626	5888	5933	2
7627	5933	6055	2
7628	6055	6054	2
7629	6054	5934	2
7630	5934	2404	2
7631	2404	5935	2
7632	5935	3300	2
7633	3300	8725	2
7634	8725	8726	2
7635	8726	8057	2
7636	8057	8727	2
7637	8727	3027	2
7638	3027	3028	2
7639	3028	3029	2
7640	3029	2994	2
7641	2994	2995	2
7642	2995	2996	2
7643	5941	8034	2
7644	8034	5936	2
7645	5936	5937	2
7646	5937	5938	2
7647	5939	5940	2
7648	5940	5941	2
7649	5941	5942	2
7650	5942	5943	2
7651	6091	5949	2
7652	5949	5951	2
7653	5951	5945	2
7654	5945	5946	2
7655	5946	5947	2
7656	5948	5949	2
7657	5950	8075	2
7658	8075	5951	2
7659	5952	5953	2
7660	5953	5954	2
7661	5954	5955	2
7662	5955	8275	2
7663	8275	3014	2
7664	3014	3015	2
7665	3015	3016	2
7666	3016	5956	2
7667	5956	5957	2
7668	5957	5958	2
7669	5958	5959	2
7670	5959	5960	2
7671	5960	5961	2
7672	5961	5962	2
7673	5962	5963	2
7674	5963	5964	2
7675	5964	5965	2
7676	5965	5966	2
7677	5966	5967	2
7678	5967	5968	2
7679	5968	5969	2
7680	5969	5970	2
7681	5970	5971	2
7682	5971	5972	2
7683	5972	3305	2
7684	3305	3306	2
7685	3306	5952	2
7686	4920	4921	2
7687	4921	4922	2
7688	4922	4918	2
7689	4918	4919	2
7690	4919	4920	2
7691	5978	5979	2
7692	5979	5980	2
7693	5980	5981	2
7694	5981	5982	2
7695	5982	5983	2
7696	5983	5984	2
7697	5984	5985	2
7698	5985	5986	2
7699	4921	5988	2
7700	5988	8232	2
7701	8232	7062	2
7702	7062	5989	2
7703	5989	5990	2
7704	5990	11145	2
7705	11145	7073	2
7706	6006	6007	2
7707	6007	6008	2
7708	6008	6009	2
7709	6009	6010	2
7710	6010	6011	2
7711	6011	6012	2
7712	6012	6013	2
7713	6013	6014	2
7714	6014	5991	2
7715	5991	5992	2
7716	5992	6001	2
7717	6001	6002	2
7718	6002	6003	2
7719	6003	6004	2
7720	6004	6005	2
7721	6005	5993	2
7722	5993	5994	2
7723	5994	5995	2
7724	5995	6006	2
7725	5998	5999	2
7726	5999	6000	2
7727	6000	2968	2
7728	2968	5998	2
7729	6015	8021	2
7730	8021	6016	2
7731	6016	6017	2
7732	6017	6018	2
7733	6018	6019	2
7734	6019	6020	2
7735	6020	6021	2
7736	6021	6022	2
7737	6022	6023	2
7738	6023	6024	2
7739	6024	6025	2
7740	6025	6015	2
7741	6026	6027	2
7742	6027	6028	2
7743	6028	6029	2
7744	6029	6026	2
7745	6030	6031	2
7746	6031	6032	2
7747	6032	6033	2
7748	6033	6030	2
7749	6034	6035	2
7750	6035	6036	2
7751	6036	6037	2
7752	6037	6034	2
7753	6038	6039	2
7754	6039	6040	2
7755	6040	6041	2
7756	6041	6042	2
7757	6042	6043	2
7758	6043	6045	2
7759	6045	6044	2
7760	6044	6038	2
7761	6046	6047	2
7762	6047	6048	2
7763	6048	6049	2
7764	6049	6046	2
7765	6050	6053	2
7766	6053	6051	2
7767	2290	63	2
7768	6052	6053	2
7769	3017	6056	2
7770	6056	3301	2
7771	3301	5935	2
7772	5935	2404	2
7773	2404	5934	2
7774	5934	6054	2
7775	6054	5959	2
7776	5959	5958	2
7777	5958	5957	2
7778	5957	5956	2
7779	5956	3017	2
7780	6058	6059	2
7781	6059	7999	2
7782	7999	9081	2
7783	9081	6060	2
7784	6060	6061	2
7785	6061	6062	2
7786	6062	8000	2
7787	8000	6063	2
7788	6063	9227	2
7789	9227	7998	2
7790	7998	7997	2
7791	7997	6058	2
7792	6064	6065	2
7793	6065	6066	2
7794	6066	6067	2
7795	6067	6068	2
7796	6068	6069	2
7797	6069	6070	2
7798	6070	6071	2
7799	6071	6072	2
7800	6072	6073	2
7801	6073	6074	2
7802	6074	6082	2
7803	6082	2321	2
7804	2321	2322	2
7805	2322	2323	2
7806	2323	6075	2
7807	6075	6076	2
7808	6076	2319	2
7809	2319	2320	2
7810	2320	6077	2
7811	6077	7081	2
7812	7081	6084	2
7813	6084	6078	2
7814	6078	6081	2
7815	6081	6080	2
7816	6080	6079	2
7817	6079	6064	2
7818	6073	7082	2
7819	7082	6083	2
7820	6083	6084	2
7821	6084	7081	2
7822	7081	6077	2
7823	6077	5997	2
7824	5997	5996	2
7825	5996	6082	2
7826	6082	6074	2
7827	6074	6073	2
7828	6083	6085	2
7829	6085	6086	2
7830	6086	6078	2
7831	6078	6084	2
7832	6084	6083	2
7833	2289	4318	2
7834	4318	6050	2
7835	6050	2290	2
7836	2323	6075	2
7837	6075	6076	2
7838	6076	2324	2
7839	2324	3941	2
7840	3941	3943	2
7841	3943	3944	2
7842	3944	3942	2
7843	3942	2323	2
7844	2963	9083	2
7845	9083	6092	2
7846	6092	9084	2
7847	9084	6093	2
7848	6093	6094	2
7849	6094	2964	2
7850	2964	2963	2
7851	6095	6096	2
7852	6096	6097	2
7853	6097	6098	2
7854	6098	6099	2
7855	6099	6100	2
7856	6100	6101	2
7857	6101	6102	2
7858	6102	6103	2
7859	6103	6104	2
7860	6104	6095	2
7861	6105	6106	2
7862	6107	6108	2
7863	6108	6109	2
7864	6109	8262	2
7865	8262	8261	2
7866	8261	6110	2
7867	6110	6107	2
7868	6111	6112	2
7869	6112	6113	2
7870	6113	6114	2
7871	6114	6111	2
7872	6115	6116	2
7873	6116	6117	2
7874	6117	6118	2
7875	6118	6115	2
7876	6119	6120	2
7877	6120	6121	2
7878	6121	6122	2
7879	6122	6119	2
7880	6123	6124	2
7881	6124	6125	2
7882	6125	6126	2
7883	6126	6123	2
7884	6127	6128	2
7885	6128	6129	2
7886	6129	6130	2
7887	6130	6127	2
7888	6131	6132	2
7889	6132	6133	2
7890	6133	6134	2
7891	6134	6131	2
7892	6135	6136	2
7893	6136	6137	2
7894	6137	6138	2
7895	6138	6139	2
7896	6139	6140	2
7897	6140	6135	2
7898	6141	6142	2
7899	6142	6143	2
7900	6143	6144	2
7901	6144	6141	2
7902	6145	6146	2
7903	6146	6147	2
7904	6147	6148	2
7905	6148	6145	2
7906	6149	6150	2
7907	6150	6151	2
7908	6151	6152	2
7909	6152	6149	2
7910	6153	6154	2
7911	6154	6155	2
7912	6155	6156	2
7913	6156	6157	2
7914	6157	6158	2
7915	6158	6153	2
7916	6159	8293	2
7917	8293	6167	2
7918	6167	8294	2
7919	8294	3140	2
7920	3140	6160	2
7921	6160	3142	2
7922	3142	3143	2
7923	3143	8352	2
7924	8352	3144	2
7925	3144	3145	2
7926	3145	8349	2
7927	8349	3146	2
7928	3146	4255	2
7929	4255	4254	2
7930	4254	6165	2
7931	6165	6166	2
7932	6166	6164	2
7933	6164	6161	2
7934	6161	6162	2
7935	6162	6163	2
7936	6163	6159	2
7937	6176	6177	2
7938	6177	6178	2
7939	6178	6179	2
7940	6179	7252	2
7941	7252	7251	2
7942	7251	6176	2
7943	6180	6181	2
7944	6181	6182	2
7945	6182	6183	2
7946	6183	6180	2
7947	6184	6185	2
7948	6185	6186	2
7949	6186	6187	2
7950	6187	6184	2
7951	6188	6189	2
7952	6189	6190	2
7953	6190	6191	2
7954	6191	6188	2
7955	6192	6193	2
7956	6193	6194	2
7957	6194	6195	2
7958	6195	6192	2
7959	6196	6197	2
7960	6197	6198	2
7961	6198	6199	2
7962	6199	6196	2
7963	6200	6201	2
7964	6201	6202	2
7965	6202	6203	2
7966	6203	6200	2
7967	6204	6205	2
7968	6205	6206	2
7969	6206	6207	2
7970	6207	6204	2
7971	6208	6209	2
7972	6209	6210	2
7973	6210	6211	2
7974	6211	6208	2
7975	6212	6213	2
7976	6213	6344	2
7977	6344	6345	2
7978	6345	6346	2
7979	6346	6347	2
7980	6347	6352	2
7981	6352	6351	2
7982	6351	6350	2
7983	6350	6349	2
7984	6349	6348	2
7985	6348	6214	2
7986	6214	6215	2
7987	6215	6212	2
7988	6216	6217	2
7989	6217	6218	2
7990	6218	6219	2
7991	6219	6216	2
7992	6220	6221	2
7993	6221	6222	2
7994	6222	6223	2
7995	6223	6220	2
7996	6224	6300	2
7997	6300	6225	2
7998	6225	6301	2
7999	6301	6226	2
8000	6226	6227	2
8001	6227	6224	2
8002	6228	6229	2
8003	6229	6230	2
8004	6230	6231	2
8005	6231	6228	2
8006	6232	6233	2
8007	6233	6234	2
8008	6234	6235	2
8009	6235	6232	2
8010	6236	6237	2
8011	6237	6238	2
8012	6238	6239	2
8013	6239	6236	2
8014	6240	6241	2
8015	6241	6242	2
8016	6242	6243	2
8017	6243	6240	2
8018	6244	6245	2
8019	6245	6246	2
8020	6246	6247	2
8021	6247	6244	2
8022	6248	6249	2
8023	6249	6250	2
8024	6250	6251	2
8025	6251	6248	2
8026	6252	6253	2
8027	6253	6254	2
8028	6254	6255	2
8029	6255	6252	2
8030	6256	6257	2
8031	6257	6258	2
8032	6258	6259	2
8033	6259	6256	2
8034	6260	6261	2
8035	6261	6262	2
8036	6262	6263	2
8037	6263	6260	2
8038	6264	6265	2
8039	6265	6266	2
8040	6266	6267	2
8041	6267	6264	2
8042	6268	6269	2
8043	6269	6270	2
8044	6270	6271	2
8045	6271	6268	2
8046	6272	6273	2
8047	6273	6274	2
8048	6274	6275	2
8049	6275	6272	2
8050	6276	6277	2
8051	6277	6278	2
8052	6278	6279	2
8053	6279	6276	2
8054	6280	6281	2
8055	6281	6282	2
8056	6282	6283	2
8057	6283	6280	2
8058	6284	6285	2
8059	6285	6286	2
8060	6286	6287	2
8061	6287	6284	2
8062	6288	6316	2
8063	6316	6315	2
8064	6315	6314	2
8065	6314	6289	2
8066	6289	6302	2
8067	6302	6317	2
8068	6317	6290	2
8069	6290	6303	2
8070	6303	6321	2
8071	6321	6291	2
8072	6291	6320	2
8073	6320	6318	2
8074	6318	6304	2
8075	6304	6319	2
8076	6319	6288	2
8077	6292	6293	2
8078	6293	6305	2
8079	6305	6313	2
8080	6313	6312	2
8081	6312	6311	2
8082	6311	6310	2
8083	6310	6294	2
8084	6294	6309	2
8085	6309	6295	2
8086	6295	6308	2
8087	6308	6307	2
8088	6307	6306	2
8089	6306	6292	2
8090	6296	6297	2
8091	6297	6338	2
8092	6338	6339	2
8093	6339	6340	2
8094	6340	6341	2
8095	6341	6342	2
8096	6342	6343	2
8097	6343	6337	2
8098	6337	6336	2
8099	6336	6335	2
8100	6335	6334	2
8101	6334	6333	2
8102	6333	6298	2
8103	6298	6332	2
8104	6332	6331	2
8105	6331	6330	2
8106	6330	6299	2
8107	6299	6329	2
8108	6329	6328	2
8109	6328	6327	2
8110	6327	6326	2
8111	6326	6325	2
8112	6325	6324	2
8113	6324	6323	2
8114	6323	6322	2
8115	6322	6296	2
8116	6364	6363	2
8117	6363	6362	2
8118	6362	6361	2
8119	6361	6360	2
8120	6360	6359	2
8121	6359	6358	2
8122	6358	6357	2
8123	6357	6356	2
8124	6356	6355	2
8125	6355	6354	2
8126	6354	6353	2
8127	6365	6364	2
8128	6368	6367	2
8129	6367	6366	2
8130	6366	6365	2
8131	6369	8290	2
8132	8290	6384	2
8133	6384	6385	2
8134	6385	6386	2
8135	6386	7226	2
8136	7226	6369	2
8137	6370	6371	2
8138	6371	6372	2
8139	6372	6373	2
8140	6373	6370	2
8141	6374	6375	2
8142	6375	6376	2
8143	6376	6377	2
8144	6377	6374	2
8145	6378	6379	2
8146	6379	6380	2
8147	6380	6381	2
8148	6381	6378	2
8149	2949	2950	2
8150	2950	7227	2
8151	7227	7224	2
8152	7224	4327	2
8153	4327	6382	2
8154	6382	6383	2
8155	6383	8290	2
8156	8290	6384	2
8157	6384	6385	2
8158	6385	6386	2
8159	6386	7225	2
8160	7225	6390	2
8161	6390	6389	2
8162	6389	6387	2
8163	6387	6388	2
8164	6388	8281	2
8165	8281	2951	2
8166	2951	2952	2
8167	2952	2953	2
8168	2953	2949	2
8169	8281	6388	2
8170	6388	6387	2
8171	6387	6391	2
8172	6391	6392	2
8173	6392	8279	2
8174	8279	4236	2
8175	4236	3166	2
8176	3166	2951	2
8177	2951	8281	2
8178	6393	6394	2
8179	6394	6395	2
8180	6395	6396	2
8181	6396	6393	2
8182	6397	6398	2
8183	6398	6399	2
8184	6399	6400	2
8185	6400	6397	2
8186	9559	6413	2
8187	6413	6407	2
8188	6407	6403	2
8189	6408	6409	2
8190	6409	6471	2
8191	6471	6411	2
8192	6411	6410	2
8193	6411	6412	2
8194	6412	6413	2
8195	6414	6415	2
8196	6415	6416	2
8197	6416	6417	2
8198	6417	6418	2
8199	6418	6419	2
8200	6419	6420	2
8201	6420	6421	2
8202	6421	8455	2
8203	8455	8327	2
8204	8327	8454	2
8205	8454	8453	2
8206	8453	8452	2
8207	8452	8451	2
8208	8451	8450	2
8209	8450	8449	2
8210	8449	8448	2
8211	8448	8447	2
8212	8447	6422	2
8213	6422	6414	2
8214	3514	6423	2
8215	6423	6424	2
8216	6424	6425	2
8217	6425	6426	2
8218	6426	6427	2
8219	6427	6428	2
8220	6428	6429	2
8221	6429	6430	2
8222	6430	6431	2
8223	6431	6432	2
8224	6432	6433	2
8225	6433	6434	2
8226	6434	6435	2
8227	6435	6436	2
8228	6436	6437	2
8229	6437	1343	2
8230	1343	1355	2
8231	1355	6404	2
8232	6404	3515	2
8233	3515	3514	2
8234	6438	6439	2
8235	6439	6440	2
8236	6440	6441	2
8237	6441	8277	2
8238	8277	3160	2
8239	3160	3161	2
8240	3161	3162	2
8241	3162	3163	2
8242	3163	3164	2
8243	3164	6442	2
8244	6442	6475	2
8245	6475	6472	2
8246	6472	6478	2
8247	6478	6438	2
8248	6443	6444	2
8249	6444	6445	2
8250	6445	6446	2
8251	6446	6443	2
8252	6447	6448	2
8253	6448	6449	2
8254	6449	6450	2
8255	6450	6447	2
8256	6451	6452	2
8257	6452	6453	2
8258	6453	6454	2
8259	6454	6451	2
8260	6455	6456	2
8261	6456	6457	2
8262	6457	6458	2
8263	6458	6455	2
8264	6459	6460	2
8265	6460	6461	2
8266	6461	6462	2
8267	6462	6459	2
8268	6463	6464	2
8269	6464	6465	2
8270	6465	6466	2
8271	6466	6463	2
8272	6467	6468	2
8273	6468	6469	2
8274	6469	6470	2
8275	6470	6467	2
8276	6472	6476	2
8277	6476	6473	2
8278	6473	6474	2
8279	6474	6475	2
8280	6475	6472	2
8281	6472	6476	2
8282	6476	6477	2
8283	6477	6478	2
8284	6478	6472	2
8285	6488	6503	2
8286	6503	9334	2
8287	6505	6506	2
8288	6506	6507	2
8289	6507	6504	2
8290	6504	6505	2
8291	6508	6509	2
8292	6509	6510	2
8293	6510	6511	2
8294	6511	6508	2
8295	6513	6514	2
8296	6514	6515	2
8297	6515	6516	2
8298	6516	8363	2
8299	8363	6517	2
8300	6517	6518	2
8301	6518	8360	2
8302	8360	6519	2
8303	6519	8361	2
8304	8361	8362	2
8305	8362	6520	2
8306	6520	6521	2
8307	6521	6522	2
8308	6522	6523	2
8309	6523	6524	2
8310	6524	6525	2
8311	6525	6526	2
8312	6526	6527	2
8313	6527	6528	2
8314	6528	6529	2
8315	6529	6530	2
8316	6530	6531	2
8317	6531	6513	2
8318	6533	6534	2
8319	6534	6535	2
8320	6535	6536	2
8321	6536	6533	2
8322	6553	6554	2
8323	6554	6557	2
8324	6557	6555	2
8325	6555	5788	2
8326	5788	6556	2
8327	6556	6553	2
8328	6557	6558	2
8329	6558	6561	2
8330	6561	5789	2
8331	5789	6559	2
8332	6559	6557	2
8333	6560	6558	2
8334	6558	6561	2
8335	6561	6562	2
8336	6562	6564	2
8337	6564	6563	2
8338	6563	6560	2
8339	6564	6565	2
8340	6565	6566	2
8341	6566	6567	2
8342	6567	6562	2
8343	6562	6564	2
8344	6568	6569	2
8345	6569	6570	2
8346	6570	6571	2
8347	6571	6568	2
8348	6576	6578	2
8349	6578	6573	2
8350	6573	6574	2
8351	6577	6578	2
8352	6579	2667	2
8353	2667	6580	2
8354	6580	2668	2
8355	2668	10497	2
8356	10497	2669	2
8357	2669	2670	2
8358	6621	6603	2
8359	6603	6604	2
8360	6604	6605	2
8361	6605	6606	2
8362	6606	6607	2
8363	6607	6608	2
8364	6608	6609	2
8365	6609	6617	2
8366	6617	6618	2
8367	6618	6619	2
8368	6619	6620	2
8369	6620	6610	2
8370	6610	6611	2
8371	6611	6612	2
8372	6612	6613	2
8373	6613	6614	2
8374	6614	6615	2
8375	6615	6616	2
8376	6616	6621	2
8377	6622	6623	2
8378	6623	6624	2
8379	6624	6626	2
8380	6626	6625	2
8381	6627	6628	2
8382	6628	6629	2
8383	6629	6634	2
8384	6634	6631	2
8385	6631	6630	2
8386	6630	6627	2
8387	6631	6632	2
8388	6632	6633	2
8389	6633	6634	2
8390	6634	6631	2
8391	6629	6635	2
8392	6635	6633	2
8393	6633	6634	2
8394	6634	6629	2
8395	6631	6632	2
8396	6632	6636	2
8397	6636	6637	2
8398	6637	6630	2
8399	6630	6631	2
8400	9276	6639	2
8401	6639	6640	2
8402	6640	6641	2
8403	6641	6642	2
8404	6642	6643	2
8405	6643	6648	2
8406	6648	6644	2
8407	6644	9276	2
8408	6645	6646	2
8409	6646	6647	2
8410	6647	6648	2
8411	6648	3226	2
8412	2914	10361	2
8413	10361	6649	2
8414	6651	6650	1
8415	6674	6673	2
8416	6673	6652	2
8417	6654	6655	2
8418	6657	6658	2
8419	6660	2913	1
8420	2913	6670	2
8421	6670	6664	2
8422	6664	6661	2
8423	6661	6662	2
8424	6662	2715	2
8425	6664	6665	2
8426	6665	6666	2
8427	6666	6667	2
8428	6667	6668	2
8429	6670	6668	2
8430	6668	6671	2
8431	2912	6672	2
8432	6675	6676	2
8433	6676	2915	2
8434	6677	6678	2
8435	2908	6679	2
8436	6680	6681	2
8437	6682	6683	2
8438	4146	6788	2
8439	6788	7036	2
8440	7036	6685	2
8441	6685	6689	2
8442	6689	7040	2
8443	7040	6686	2
8444	6686	7043	2
8445	7043	6687	2
8446	6687	6688	2
8447	6688	5834	2
8448	726	6689	2
8449	6690	6691	2
8450	6691	6692	2
8451	6694	6695	2
8452	6695	6699	2
8453	6699	6701	2
8454	6701	6703	2
8455	6703	6702	2
8456	6702	6700	2
8457	6700	6698	2
8458	6698	6696	2
8459	6696	6697	2
8460	6697	6694	2
8461	6704	7080	2
8462	7080	6705	2
8463	6705	6706	2
8464	6706	6707	2
8465	6707	6708	2
8466	6708	6711	2
8467	6711	6709	2
8468	6709	6710	2
8469	6710	6705	2
8470	6711	6712	2
8471	6713	6714	2
8472	6714	6715	2
8473	10992	6748	1
8474	6748	3455	1
8475	3455	6743	1
8476	6743	6754	1
8477	6754	10993	1
8478	6718	6719	2
8479	6719	6720	2
8480	6720	6721	2
8481	6721	8133	2
8482	8133	6722	2
8483	6722	6718	2
8484	6723	6724	2
8485	6724	6725	2
8486	6725	6726	2
8487	6726	6727	2
8488	6727	6723	2
8489	4107	2857	2
8490	6728	6735	2
8491	6735	6733	2
8492	6733	6729	2
8493	6729	7047	2
8494	7047	683	2
8495	683	686	2
8496	686	9179	2
8497	9179	687	2
8498	687	6730	2
8499	6730	6736	2
8500	6736	6731	2
8501	6731	832	2
8502	832	7052	2
8503	7052	831	2
8504	831	6732	2
8505	6732	7050	2
8506	7050	6728	2
8507	718	6733	2
8508	6734	6735	2
8509	6733	7048	2
8510	7048	7049	2
8511	7049	6736	2
8512	722	6791	2
8513	6791	7045	2
8514	7045	6737	2
8515	6738	6739	2
8516	6739	6740	2
8517	6743	6747	2
8518	6747	6744	2
8519	6744	6745	2
8520	6748	6752	2
8521	6752	6749	2
8522	6749	6751	2
8523	6751	6750	2
8524	6750	10303	2
8525	10303	807	2
8526	6752	6753	2
8527	6753	10304	2
8528	10304	10303	2
8529	6739	6754	2
8530	6740	6755	2
8531	6755	6756	2
8532	6744	6755	2
8533	6757	8134	2
8534	8134	8140	2
8535	8140	6758	2
8536	6758	6759	2
8537	6759	2850	2
8538	2852	6759	2
8539	6760	6761	2
8540	6768	6769	2
8541	6769	6777	2
8542	6777	6770	2
8543	6770	6771	2
8544	6771	6772	2
8545	6772	6773	2
8546	6773	6774	2
8547	6774	6775	2
8548	6775	6768	2
8549	6776	6777	2
8550	6778	6779	2
8551	6780	6784	2
8552	6784	6781	2
8553	6784	6785	2
8554	6785	6786	2
8555	6786	6776	2
8556	4132	6787	2
8557	6788	6789	2
8558	6790	7054	2
8559	7054	6791	2
8560	6792	10684	2
8561	10684	10685	2
8562	10685	6793	2
8563	6793	6794	2
8564	6810	6811	2
8565	6811	6812	2
8566	6812	6813	2
8567	6813	6795	2
8568	6795	6796	2
8569	6796	7800	2
8570	7800	6797	2
8571	6797	6798	2
8572	6798	6799	2
8573	6799	6800	2
8574	6800	6808	2
8575	6808	6809	2
8576	6809	6801	2
8577	6801	6802	2
8578	6802	6803	2
8579	6803	6804	2
8580	6804	6805	2
8581	6805	6806	2
8582	6806	6807	2
8583	6807	6810	2
8584	983	11343	2
8585	11343	984	2
8586	984	9450	2
8587	9450	6817	2
8588	6817	985	2
8589	985	986	2
8590	986	988	2
8591	988	996	2
8592	996	1000	2
8593	1000	987	2
8594	983	10515	1
8595	10515	10512	1
8596	10512	795	1
8597	2670	6815	2
8598	6815	2570	2
8599	2570	6816	2
8600	6816	7175	2
8601	6817	6818	2
8602	6819	6820	2
8603	6820	6821	2
8604	6821	6822	2
8605	6822	6823	2
8606	6823	6824	2
8607	6824	6825	2
8608	6825	6826	2
8609	6826	6818	2
8610	6818	6819	2
8611	6827	6828	2
8612	6828	6829	2
8613	6829	6830	2
8614	6830	6831	2
8615	6831	6832	2
8616	6832	6833	2
8617	6833	6842	2
8618	6842	6834	2
8619	6834	6835	2
8620	6835	6836	2
8621	6836	6837	2
8622	6837	6841	2
8623	6841	6838	2
8624	6838	6839	2
8625	6839	6840	2
8626	6840	6827	2
8627	6843	6844	2
8628	6844	6845	2
8629	6845	6846	2
8630	6846	6843	2
8631	4044	6847	2
8632	6847	6848	2
8633	6848	6849	2
8634	6849	6850	2
8635	6850	6851	2
8636	6851	6852	2
8637	6852	6853	2
8638	6853	6854	2
8639	6854	6855	2
8640	6855	6856	2
8641	6856	6857	2
8642	6857	6858	2
8643	6858	6859	2
8644	6859	6860	2
8645	6860	6861	2
8646	6861	6862	2
8647	6862	6863	2
8648	6863	6864	2
8649	6864	6865	2
8650	6865	6866	2
8651	6866	6867	2
8652	6867	6868	2
8653	6868	6869	2
8654	6869	6870	2
8655	6870	6871	2
8656	2492	6872	2
8657	6872	6873	2
8658	6873	6874	2
8659	6874	6875	2
8660	6875	6876	2
8661	6876	6877	2
8662	6877	6878	2
8663	6878	6879	2
8664	6879	6880	2
8665	6880	6881	2
8666	6881	6882	2
8667	6882	6883	2
8668	6883	6884	2
8669	6884	6885	2
8670	6885	6886	2
8671	6886	6894	2
8672	6894	6887	2
8673	6887	6888	2
8674	6888	6889	2
8675	6889	6890	2
8676	6890	6891	2
8677	6865	6892	2
8678	6892	6893	2
8679	6893	6894	2
8680	6895	6896	2
8681	6896	6897	2
8682	6897	6898	2
8683	6898	6899	2
8684	6899	6900	2
8685	6900	10480	2
8686	10480	6901	2
8687	6901	10481	2
8688	10481	6902	2
8689	6902	6903	2
8690	6903	6904	2
8691	6904	10482	2
8692	10482	10483	2
8693	10483	6905	2
8694	6905	6906	2
8695	6906	6907	2
8696	6907	6908	2
8697	6908	6909	2
8698	6909	6910	2
8699	6910	6911	2
8700	6911	6912	2
8701	6912	10487	2
8702	10487	6915	2
8703	6915	10486	2
8704	10486	6913	2
8705	6913	6914	2
8706	6914	6895	2
8707	6915	10489	2
8708	10489	10484	2
8709	6917	6918	2
8710	6918	6919	2
8711	6919	6920	2
8712	6921	3225	2
8713	3225	6922	2
8714	6922	10591	2
8715	10591	6923	2
8716	6921	6917	2
8717	6920	6924	2
8718	6924	10556	2
8719	10556	6925	2
8720	6925	6926	2
8721	6926	10554	2
8722	10554	6927	2
8723	6927	6928	2
8724	6928	6929	2
8725	6929	10555	2
8726	10555	6930	2
8727	6930	6923	2
8728	6931	6932	2
8729	6932	6933	2
8730	6933	6934	2
8731	6934	6931	2
8732	6935	6936	2
8733	6937	6938	2
8734	6954	6960	2
8735	6960	6955	2
8736	6955	6956	2
8737	6956	6957	2
8738	6957	6958	2
8739	6958	6959	2
8740	6960	6961	2
8741	6961	6962	2
8742	6962	6963	2
8743	6963	6964	2
8744	6964	6974	2
8745	6974	6965	2
8746	6966	6965	2
8747	6965	6967	2
8748	6967	6968	2
8749	6968	6969	2
8750	6969	6970	2
8751	6970	6971	2
8752	6971	6972	2
8753	6972	10445	2
8754	10445	6973	2
8755	6974	6975	2
8756	6954	6966	2
8757	2567	6959	2
8758	6954	6992	2
8759	6992	6991	2
8760	6991	6990	2
8761	6990	6985	2
8762	6985	6989	2
8763	6989	6986	2
8764	6986	6987	2
8765	6987	6988	2
8766	6988	6622	2
8767	6622	6976	2
8768	6976	6977	2
8769	6977	6978	2
8770	6978	6979	2
8771	6979	6980	2
8772	6980	6981	2
8773	6981	6982	2
8774	6982	6983	2
8775	6983	7011	2
8776	7011	6984	2
8777	6984	7010	2
8778	7010	6993	2
8779	6966	6994	2
8780	6994	6995	2
8781	6993	6996	2
8782	6996	6997	2
8783	6997	6998	2
8784	6998	6999	2
8785	6999	7000	2
8786	7000	7001	2
8787	7001	7002	2
8788	7002	7003	2
8789	7003	7004	2
8790	7004	7005	2
8791	7005	7006	2
8792	7006	7007	2
8793	7007	7008	2
8794	7008	7009	2
8795	7009	6995	2
8796	7011	7012	2
8797	7013	7014	2
8798	7014	7015	2
8799	7015	7016	2
8800	7016	7017	2
8801	7017	7018	2
8802	7018	7013	2
8803	7023	7022	2
8804	7033	7030	2
8805	7030	7031	2
8806	7031	7029	2
8807	7029	7025	2
8808	7026	660	2
8809	660	7037	2
8810	7037	7028	2
8811	7028	7027	2
8812	7027	7029	2
8813	6781	7032	2
8814	7032	6778	2
8815	7023	7035	2
8816	7035	7036	2
8817	6789	7037	2
8818	7038	7039	2
8819	7038	7040	2
8820	7041	7042	2
8821	7042	7043	2
8822	7044	7045	2
8823	6791	7046	2
8824	7046	7047	2
8825	7047	7048	2
8826	7045	9178	2
8827	9178	9179	2
8828	9179	7049	2
8829	7048	9222	2
8830	9222	7050	2
8831	7050	7051	2
8832	7049	7052	2
8833	7052	7053	2
8834	4609	7054	2
8835	4571	7055	2
8836	7056	7057	2
8837	7057	7058	2
8838	7056	7059	2
8839	7059	7060	2
8840	7060	7061	2
8841	7062	7063	2
8842	7063	7064	2
8843	7069	7083	2
8844	7083	7068	2
8845	7068	7067	2
8846	7067	7072	2
8847	7072	7065	2
8848	7065	7064	2
8849	7064	7066	2
8850	7066	8235	2
8851	8235	8236	2
8852	8236	8237	2
8853	8237	8238	2
8854	8238	8239	2
8855	8239	8240	2
8856	10975	7072	2
8857	7072	7070	2
8858	7070	7083	2
8859	7083	7071	2
8860	10767	10758	2
8861	10758	10754	2
8862	10754	10750	2
8863	10750	10746	2
8864	10746	10742	2
8865	10742	10738	2
8866	10738	10734	2
8867	10734	10730	2
8868	10730	10726	2
8869	10726	10766	2
8870	10766	7076	2
8871	7088	7089	2
8872	7089	7090	2
8873	7090	7091	2
8874	7091	7092	2
8875	7092	7093	2
8876	7093	7094	2
8877	7094	7095	2
8878	7095	7096	2
8879	7096	7097	2
8880	7097	7098	2
8881	7098	7099	2
8882	7099	7100	2
8883	7100	7101	2
8884	7101	7102	2
8885	7102	7103	2
8886	7103	7104	2
8887	7104	7088	2
8888	7105	7106	2
8889	7106	7107	2
8890	7107	7108	2
8891	7108	7109	2
8892	7109	7110	2
8893	7110	7111	2
8894	7111	7112	2
8895	7112	7113	2
8896	7113	7114	2
8897	7114	7115	2
8898	7115	7116	2
8899	7116	7117	2
8900	7117	7118	2
8901	7118	7119	2
8902	7119	7120	2
8903	7120	7121	2
8904	7121	7122	2
8905	7122	7123	2
8906	7123	7124	2
8907	7124	7105	2
8908	7125	7126	2
8909	7126	7127	2
8910	7127	7128	2
8911	7128	7129	2
8912	7129	7130	2
8913	7130	7125	2
8914	7131	7132	2
8915	7132	7133	2
8916	7133	7134	2
8917	7134	7135	2
8918	7135	7136	2
8919	7136	7131	2
8920	7137	7138	2
8921	7138	7139	2
8922	7139	7140	2
8923	7140	7141	2
8924	7141	7142	2
8925	7142	7137	2
8926	7143	7146	2
8927	7146	7144	2
8928	7144	7145	2
8929	7146	7147	2
8930	7148	7149	2
8931	7149	7150	2
8932	7150	7151	2
8933	7151	7152	2
8934	7152	7153	2
8935	7153	7154	2
8936	7154	7155	2
8937	7155	7156	2
8938	7156	7148	2
8939	7149	7157	2
8940	7157	7158	2
8941	7158	7159	2
8942	7159	7160	2
8943	7160	7161	2
8944	7161	7162	2
8945	7162	7163	2
8946	7163	7150	2
8947	7150	7149	2
8948	7164	7170	2
8949	7170	7165	2
8950	7165	7166	2
8951	7166	7190	2
8952	7190	7167	2
8953	7167	9220	2
8954	9220	2680	2
8955	4600	7168	2
8956	7168	7169	2
8957	7169	7170	2
8958	7171	7172	2
8959	7172	7173	2
8960	7173	7174	2
8961	7174	7175	2
8962	7175	7176	2
8963	7176	7177	2
8964	7177	7178	2
8965	7178	7183	2
8966	7183	7184	2
8967	7184	7185	2
8968	7185	7186	2
8969	7186	7187	2
8970	7187	7188	2
8971	7188	7179	2
8972	7179	7180	2
8973	7180	7181	2
8974	7181	7182	2
8975	7182	2655	2
8976	2655	7171	2
8977	7189	7190	2
8978	7190	7164	2
8979	7164	729	2
8980	729	8226	2
8981	8226	728	2
8982	728	5832	2
8983	5832	7189	2
8984	7191	7192	2
8985	7192	1333	2
8986	1333	1344	2
8987	1344	5707	2
8988	5707	7193	2
8989	7193	6831	2
8990	6831	6571	2
8991	6571	6829	2
8992	6829	7194	2
8993	7194	7191	2
8994	5866	3066	2
8995	3066	3071	2
8996	3071	11412	2
8997	11412	890	2
8998	890	892	2
8999	892	11411	2
9000	11411	112	2
9001	112	951	2
9002	951	108	2
9003	108	4776	2
9004	4776	4773	2
9005	4773	7195	2
9006	7195	7196	2
9007	7196	7197	2
9008	7197	9567	2
9009	9567	7198	2
9010	7198	7199	2
9011	7200	7201	2
9012	7201	7202	2
9013	7202	7203	2
9014	7203	7200	2
9015	7204	7205	2
9016	7205	7206	2
9017	7206	7207	2
9018	7207	7204	2
9019	7208	7209	2
9020	7209	7210	2
9021	7210	7211	2
9022	7211	8245	2
9023	8245	7208	2
9024	7212	7213	2
9025	7213	4255	2
9026	4255	7205	2
9027	7205	7204	2
9028	7204	7202	2
9029	7202	7201	2
9030	7201	7212	2
9031	1146	1192	2
9032	1192	1149	2
9033	1149	1147	2
9034	1147	1146	2
9035	7220	7221	2
9036	7221	7222	2
9037	7222	7223	2
9038	7223	7220	2
9039	2950	7308	2
9040	7308	2967	2
9041	2967	7228	2
9042	7228	7229	2
9043	7229	7238	2
9044	7238	7230	2
9045	7230	8584	2
9046	8584	7231	2
9047	7231	7232	2
9048	7232	7233	2
9049	7233	7234	2
9050	7234	8288	2
9051	8288	7235	2
9052	7235	8289	2
9053	8289	7236	2
9054	7236	6389	2
9055	6389	6390	2
9056	6390	7225	2
9057	7225	6386	2
9058	6386	6385	2
9059	6385	6384	2
9060	6384	8290	2
9061	8290	6383	2
9062	6383	6382	2
9063	6382	4327	2
9064	4327	7224	2
9065	7224	7237	2
9066	7237	2950	2
9067	7237	7238	2
9068	7238	7230	2
9069	7230	8584	2
9070	8584	7231	2
9071	7231	7233	2
9072	7233	7225	2
9073	7225	6386	2
9074	6386	6385	2
9075	6385	6384	2
9076	6384	8290	2
9077	8290	6383	2
9078	6383	4327	2
9079	4327	7224	2
9080	7224	7227	2
9081	7227	7237	2
9082	7239	7240	2
9083	7240	7241	2
9084	7241	7242	2
9085	7242	7243	2
9086	7243	7244	2
9087	7244	7239	2
9088	7245	7246	2
9089	7246	7247	2
9090	7247	7248	2
9091	7248	7249	2
9092	7249	7250	2
9093	7250	7245	2
9094	7253	7255	2
9095	7255	7254	2
9096	7255	7256	2
9097	7256	7257	2
9098	7257	7258	2
9099	7258	7259	2
9100	7259	7260	2
9101	7260	7909	2
9102	7909	7261	2
9103	7247	7248	2
9104	7248	7239	2
9105	7239	7240	2
9106	7240	7254	2
9107	7254	7262	2
9108	7262	7263	2
9109	7263	7264	2
9110	7264	7265	2
9111	7265	7266	2
9112	7266	7267	2
9113	7267	7268	2
9114	7268	7269	2
9115	7269	7270	2
9116	7270	7271	2
9117	7271	7272	2
9118	7272	7909	2
9119	7909	7273	2
9120	7273	7274	2
9121	7274	7275	2
9122	7275	7276	2
9123	7276	7277	2
9124	7277	7278	2
9125	7278	7279	2
9126	7279	7253	2
9127	7253	7247	2
9128	7280	7281	2
9129	7281	7282	2
9130	7282	7283	2
9131	7283	7280	2
9132	7280	7284	2
9133	7284	7285	2
9134	7285	7283	2
9135	7283	7280	2
9136	7286	7287	2
9137	7287	7288	2
9138	7288	7289	2
9139	7289	7286	2
9140	7287	7290	2
9141	7290	7291	2
9142	7291	7288	2
9143	7288	7287	2
9144	7292	7293	2
9145	7293	7294	2
9146	7294	7295	2
9147	7295	7292	2
9148	7296	7292	2
9149	7292	7295	2
9150	7295	7297	2
9151	7297	7296	2
9152	7298	7296	2
9153	7296	7297	2
9154	7297	7299	2
9155	7299	7298	2
9156	7300	7301	2
9157	7301	7302	2
9158	7302	7303	2
9159	7303	7300	2
9160	7304	7305	2
9161	7305	7306	2
9162	7306	7307	2
9163	7307	9253	2
9164	9253	7304	2
9165	7336	9213	1
9166	9213	7910	1
9167	7910	7335	1
9168	7335	7334	1
9169	7334	1002	1
9170	7334	8664	1
9171	8664	7333	1
9172	7333	7332	1
9173	7332	7331	1
9174	7331	8665	1
9175	8665	7330	1
9176	7330	8666	1
9177	8666	7314	1
9178	7314	7338	1
9179	7335	8671	1
9180	8671	7324	1
9181	7324	8672	1
9182	8672	7323	1
9183	7323	8673	1
9184	8673	7322	1
9185	7322	8674	1
9186	8674	7312	1
9187	7338	7329	1
9188	7315	9734	1
9189	9734	3513	1
9190	3784	7315	1
9191	7336	6532	2
9192	6532	4302	2
9193	4302	7315	2
9194	603	1002	2
9195	1001	8649	2
9196	8649	10419	2
9197	10419	10420	2
9198	10420	1994	2
9199	1994	1990	2
9200	1990	8650	2
9201	8650	4021	2
9202	4021	8651	2
9203	8651	3194	2
9204	3194	10282	2
9205	10282	8652	2
9206	8652	4020	2
9207	4020	8653	2
9208	8653	8654	2
9209	8654	8655	2
9210	8655	8656	2
9211	8656	8657	2
9212	8657	8658	2
9213	8658	8678	2
9214	8678	4008	2
9215	4008	8659	2
9216	8659	4007	2
9217	4007	8660	2
9218	8660	8677	2
9219	8677	7077	2
9220	7077	8676	2
9221	8676	8675	2
9222	8675	3925	2
9223	3925	2375	2
9224	2375	8661	2
9225	8661	7312	2
9226	7329	7320	2
9227	7321	7317	1
9228	7317	3768	1
9229	3768	7316	1
9230	7316	7320	1
9231	7321	3926	2
9232	3926	8918	2
9233	8918	2295	2
9234	2295	5816	2
9235	5816	3177	2
9236	3177	5794	2
9237	5794	8036	2
9238	8036	2293	2
9239	2293	3799	2
9240	3799	6091	2
9241	6091	2347	2
9242	2347	2289	2
9243	7320	7319	1
9244	7319	3767	1
9245	3767	7318	1
9246	7318	7321	1
9247	7338	8667	1
9248	8667	8668	1
9249	8668	7337	1
9250	7312	8662	1
9251	8662	8663	1
9252	8663	7334	1
9253	7329	7337	1
9254	7339	7340	2
9255	7340	7341	2
9256	7341	7342	2
9257	7342	7339	2
9258	7343	7344	2
9259	7344	7345	2
9260	7345	7346	2
9261	7346	7343	2
9262	7347	7348	2
9263	7348	7349	2
9264	7349	7350	2
9265	7350	7351	2
9266	7351	7352	2
9267	7352	7527	2
9268	7527	7528	2
9269	7528	7529	2
9270	7529	7530	2
9271	7530	7347	2
9272	7353	7354	2
9273	7354	7355	2
9274	7355	7356	2
9275	7356	7353	2
9276	7357	7358	2
9277	7358	7359	2
9278	7359	7360	2
9279	7360	7357	2
9280	7361	7362	2
9281	7362	7363	2
9282	7363	7364	2
9283	7364	7361	2
9284	7365	7366	2
9285	7366	7367	2
9286	7367	7368	2
9287	7368	7369	2
9288	7369	7370	2
9289	7370	7371	2
9290	7371	7372	2
9291	7372	7365	2
9292	7373	7374	2
9293	7374	7375	2
9294	7375	7376	2
9295	7376	7373	2
9296	7377	7378	2
9297	7378	7379	2
9298	7379	7380	2
9299	7380	7381	2
9300	7381	7382	2
9301	7382	7377	2
9302	7383	7384	2
9303	7384	7385	2
9304	7385	7386	2
9305	7386	7387	2
9306	7387	7388	2
9307	7388	7389	2
9308	7389	7390	2
9309	7390	7383	2
9310	7391	7392	2
9311	7392	7393	2
9312	7393	7394	2
9313	7394	7391	2
9314	7395	7396	2
9315	7396	7397	2
9316	7397	7398	2
9317	7398	7395	2
9318	7399	7400	2
9319	7400	7401	2
9320	7401	7402	2
9321	7402	7399	2
9322	7403	7404	2
9323	7404	7405	2
9324	7405	7406	2
9325	7406	7407	2
9326	7407	7408	2
9327	7408	7409	2
9328	7409	7410	2
9329	7410	7411	2
9330	7411	7412	2
9331	7412	7413	2
9332	7413	7414	2
9333	7414	7415	2
9334	7415	7416	2
9335	7416	7417	2
9336	7417	7418	2
9337	7418	7403	2
9338	7419	7420	2
9339	7420	7421	2
9340	7421	7422	2
9341	7422	7419	2
9342	7423	7424	2
9343	7424	7425	2
9344	7425	7426	2
9345	7426	7427	2
9346	7427	7428	2
9347	7428	7423	2
9348	7429	7430	2
9349	7430	7431	2
9350	7431	7432	2
9351	7432	7429	2
9352	7433	7434	2
9353	7434	7435	2
9354	7435	7436	2
9355	7436	7437	2
9356	7437	7438	2
9357	7438	7433	2
9358	7439	7440	2
9359	7440	7441	2
9360	7441	7442	2
9361	7442	7439	2
9362	7443	7444	2
9363	7444	7445	2
9364	7445	7446	2
9365	7446	7443	2
9366	7447	7448	2
9367	7448	7449	2
9368	7449	7450	2
9369	7450	7447	2
9370	7451	7452	2
9371	7452	7453	2
9372	7453	7454	2
9373	7454	7451	2
9374	7455	7456	2
9375	7456	7457	2
9376	7457	7458	2
9377	7458	7459	2
9378	7459	7460	2
9379	7460	7455	2
9380	7461	7462	2
9381	7462	7463	2
9382	7463	7464	2
9383	7464	7461	2
9384	7465	7466	2
9385	7466	7467	2
9386	7467	7468	2
9387	7468	7465	2
9388	7469	7470	2
9389	7470	7471	2
9390	7471	7472	2
9391	7472	7469	2
9392	7473	7474	2
9393	7474	7475	2
9394	7475	7476	2
9395	7476	7473	2
9396	7477	7478	2
9397	7478	7479	2
9398	7479	7480	2
9399	7480	7477	2
9400	7481	7482	2
9401	7482	7483	2
9402	7483	7484	2
9403	7484	7481	2
9404	7485	7486	2
9405	7486	7487	2
9406	7487	7488	2
9407	7488	7485	2
9408	7489	7490	2
9409	7490	7491	2
9410	7491	7492	2
9411	7492	7489	2
9412	7493	7494	2
9413	7494	7495	2
9414	7495	7496	2
9415	7496	7493	2
9416	7497	7498	2
9417	7498	7499	2
9418	7499	7500	2
9419	7500	7497	2
9420	7501	7502	2
9421	7502	7503	2
9422	7503	7504	2
9423	7504	7505	2
9424	7505	7506	2
9425	7506	7507	2
9426	7507	7508	2
9427	7508	7509	2
9428	7509	7510	2
9429	7510	7501	2
9430	7511	7512	2
9431	7512	7513	2
9432	7513	7514	2
9433	7514	7511	2
9434	7515	7516	2
9435	7516	7517	2
9436	7517	7518	2
9437	7518	7515	2
9438	7519	7520	2
9439	7520	7521	2
9440	7521	7522	2
9441	7522	7523	2
9442	7523	7524	2
9443	7524	7525	2
9444	7525	7526	2
9445	7526	7519	2
9446	7531	7532	2
9447	7532	7533	2
9448	7533	7534	2
9449	7534	7531	2
9450	7535	7536	2
9451	7536	7537	2
9452	7537	7538	2
9453	7538	7535	2
9454	7539	7540	2
9455	7540	7541	2
9456	7541	7542	2
9457	7542	7539	2
9458	7543	7544	2
9459	7544	7545	2
9460	7545	7546	2
9461	7546	7543	2
9462	7547	7545	2
9463	7545	7548	2
9464	7548	7549	2
9465	7549	7550	2
9466	7550	7551	2
9467	7551	7547	2
9468	7552	7553	2
9469	7553	7554	2
9470	7554	7555	2
9471	7555	7552	2
9472	7556	7557	2
9473	7557	7558	2
9474	7558	7559	2
9475	7559	7556	2
9476	7560	7561	2
9477	7561	7562	2
9478	7562	7563	2
9479	7563	7560	2
9480	7564	7565	2
9481	7565	7566	2
9482	7566	7567	2
9483	7567	7564	2
9484	7568	7569	2
9485	7569	7570	2
9486	7570	7571	2
9487	7571	7572	2
9488	7572	7573	2
9489	7573	7568	2
9490	7574	7575	2
9491	7575	7576	2
9492	7576	7577	2
9493	7577	7574	2
9494	7578	7579	2
9495	7579	7580	2
9496	7580	7581	2
9497	7581	7582	2
9498	7582	7583	2
9499	7583	7578	2
9500	7584	7585	2
9501	7585	7586	2
9502	7586	7587	2
9503	7587	7588	2
9504	7588	7589	2
9505	7589	7590	2
9506	7590	7591	2
9507	7591	7584	2
9508	7592	7593	2
9509	7593	7594	2
9510	7594	7595	2
9511	7595	7596	2
9512	7596	7597	2
9513	7597	7592	2
9514	7598	7599	2
9515	7599	7600	2
9516	7600	7601	2
9517	7601	7602	2
9518	7602	7603	2
9519	7603	7598	2
9520	7604	7605	2
9521	7605	7606	2
9522	7606	7607	2
9523	7607	7604	2
9524	7608	7609	2
9525	7609	7610	2
9526	7610	7611	2
9527	7611	7608	2
9528	7612	7613	2
9529	7613	7614	2
9530	7614	7615	2
9531	7615	7612	2
9532	7616	7617	2
9533	7617	7618	2
9534	7618	7619	2
9535	7619	7616	2
9536	7620	7621	2
9537	7621	7622	2
9538	7622	7623	2
9539	7623	7624	2
9540	7624	7625	2
9541	7625	7620	2
9542	7626	7627	2
9543	7627	7628	2
9544	7628	7629	2
9545	7629	7626	2
9546	7630	7631	2
9547	7631	7632	2
9548	7632	7633	2
9549	7633	7630	2
9550	7634	7635	2
9551	7635	7636	2
9552	7636	7637	2
9553	7637	7634	2
9554	7638	7639	2
9555	7639	7640	2
9556	7640	7641	2
9557	7641	7642	2
9558	7642	7643	2
9559	7643	7644	2
9560	7644	7645	2
9561	7645	7638	2
9562	7646	7647	2
9563	7647	7648	2
9564	7648	7649	2
9565	7649	7650	2
9566	7650	7651	2
9567	7651	7646	2
9568	7652	7653	2
9569	7653	7654	2
9570	7654	7655	2
9571	7655	7656	2
9572	7656	7657	2
9573	7657	7652	2
9574	7658	7659	2
9575	7659	7660	2
9576	7660	7661	2
9577	7661	7662	2
9578	7662	7663	2
9579	7663	7664	2
9580	7664	7665	2
9581	7665	7658	2
9582	7666	7667	2
9583	7667	7668	2
9584	7668	7669	2
9585	7669	7670	2
9586	7670	7671	2
9587	7671	7672	2
9588	7672	7673	2
9589	7673	7674	2
9590	7674	7675	2
9591	7675	7666	2
9592	7676	7677	2
9593	7677	7678	2
9594	7678	7679	2
9595	7679	7680	2
9596	7680	7681	2
9597	7681	7682	2
9598	7682	7683	2
9599	7683	7684	2
9600	7684	7685	2
9601	7685	7676	2
9602	7686	7687	2
9603	7687	7688	2
9604	7688	7689	2
9605	7689	7690	2
9606	7690	7691	2
9607	7691	7692	2
9608	7692	7693	2
9609	7693	7694	2
9610	7694	7695	2
9611	7695	7686	2
9612	7696	7697	2
9613	7697	7698	2
9614	7698	7699	2
9615	7699	7696	2
9616	7700	7701	2
9617	7701	7702	2
9618	7702	7703	2
9619	7703	7704	2
9620	7704	7705	2
9621	7705	7700	2
9622	7706	7707	2
9623	7707	7708	2
9624	7708	7709	2
9625	7709	7706	2
9626	7710	7711	2
9627	7711	7712	2
9628	7712	7713	2
9629	7713	7710	2
9630	7714	7715	2
9631	7715	7716	2
9632	7716	7717	2
9633	7717	7714	2
9634	7718	7719	2
9635	7719	7720	2
9636	7720	7721	2
9637	7721	7722	2
9638	7722	7723	2
9639	7723	7724	2
9640	7724	7725	2
9641	7725	7726	2
9642	7726	7727	2
9643	7727	7718	2
9644	7745	7746	2
9645	7746	7747	2
9646	7747	7729	2
9647	7729	7730	2
9648	7730	7731	2
9649	7731	7732	2
9650	7732	7733	2
9651	7733	7740	2
9652	7740	7741	2
9653	7741	7742	2
9654	7742	7743	2
9655	7743	7744	2
9656	7744	7734	2
9657	7734	7735	2
9658	7735	7736	2
9659	7736	7737	2
9660	7737	7738	2
9661	7738	7739	2
9662	7739	7745	2
9663	7751	7752	2
9664	7752	7753	2
9665	7753	7754	2
9666	7754	7751	2
9667	7755	7756	2
9668	7756	7757	2
9669	7757	7758	2
9670	7758	7755	2
9671	6795	7759	2
9672	7759	7760	2
9673	7760	7761	2
9674	7761	7762	2
9675	7762	7763	2
9676	7763	7764	2
9677	7764	7765	2
9678	7765	7766	2
9679	7766	7767	2
9680	7767	7768	2
9681	7768	7769	2
9682	7769	7770	2
9683	7770	7771	2
9684	7771	7772	2
9685	7772	7773	2
9686	7773	7774	2
9687	7774	7775	2
9688	7775	7776	2
9689	7776	7777	2
9690	7777	7778	2
9691	7778	7779	2
9692	7779	7780	2
9693	7780	7781	2
9694	7781	7782	2
9695	7782	7783	2
9696	7783	7784	2
9697	7784	7785	2
9698	7785	7786	2
9699	7786	7787	2
9700	7787	7788	2
9701	7788	7789	2
9702	7789	7790	2
9703	7790	7791	2
9704	7791	7792	2
9705	7792	7793	2
9706	7793	7794	2
9707	7794	7795	2
9708	7795	7796	2
9709	7796	7797	2
9710	7797	7798	2
9711	7798	7799	2
9712	7799	7800	2
9713	7800	6795	2
9714	7813	7814	2
9715	7814	7815	2
9716	7815	7816	2
9717	7816	7817	2
9718	7817	7818	2
9719	7818	7819	2
9720	7819	7801	2
9721	7801	7802	2
9722	7802	7803	2
9723	7803	7808	2
9724	7808	7809	2
9725	7809	7810	2
9726	7810	7811	2
9727	7811	7812	2
9728	7812	7804	2
9729	7804	7805	2
9730	7805	7806	2
9731	7806	7807	2
9732	7807	7813	2
9733	7820	7821	2
9734	7821	7822	2
9735	7822	7823	2
9736	7823	7820	2
9737	7836	7837	2
9738	7837	7838	2
9739	7838	7839	2
9740	7839	7836	2
9741	7840	7841	2
9742	7841	7842	2
9743	7842	7843	2
9744	7843	7840	2
9745	3243	3242	2
9746	3242	5284	2
9747	5284	5282	2
9748	5282	3245	2
9749	3245	11414	2
9750	11414	3244	2
9751	3244	3243	2
9752	1838	7846	2
9753	7846	7844	2
9754	7844	7845	2
9755	7845	1838	2
9756	7848	7849	2
9757	7849	7850	2
9758	7850	7851	2
9759	7851	7848	2
9760	7852	7853	2
9761	7853	7854	2
9762	7854	7855	2
9763	7855	7852	2
9764	7856	7860	2
9765	7860	7857	2
9766	7858	7860	2
9767	7860	7861	2
9768	7862	565	2
9769	7863	566	2
9770	7834	571	2
9771	563	7858	2
9772	568	574	2
9773	573	575	2
9774	7869	7864	2
9775	7864	7865	2
9776	7865	7866	2
9777	7866	7867	2
9778	7867	7868	2
9779	7868	7869	2
9780	7870	7871	2
9781	7871	7872	2
9782	7872	7873	2
9783	7873	7874	2
9784	7874	7875	2
9785	7875	7876	2
9786	7876	7877	2
9787	7877	7878	2
9788	7878	7879	2
9789	7879	7870	2
9790	7880	7881	2
9791	7881	7882	2
9792	7882	7883	2
9793	7883	7884	2
9794	7884	7885	2
9795	7885	7886	2
9796	7886	7887	2
9797	7887	7888	2
9798	7888	7889	2
9799	7889	7890	2
9800	7890	7891	2
9801	7891	7880	2
9802	7892	7907	2
9803	7907	7893	2
9804	7893	7894	2
9805	7894	7895	2
9806	7895	7896	2
9807	7896	7897	2
9808	7897	7898	2
9809	7898	7899	2
9810	7899	7900	2
9811	7900	7901	2
9812	7901	7902	2
9813	7902	7903	2
9814	7903	7904	2
9815	7904	7905	2
9816	7905	7906	2
9817	7906	7892	2
9818	7912	7913	2
9819	7913	7914	2
9820	7914	7915	2
9821	7915	7916	2
9822	7916	7917	2
9823	7917	7918	2
9824	7918	7919	2
9825	7919	7920	2
9826	7920	7921	2
9827	7921	7922	2
9828	7922	7923	2
9829	7923	7924	2
9830	7924	7925	2
9831	7925	7912	2
9832	2082	2080	2
9833	2080	2097	2
9834	2097	2083	2
9835	2083	7927	2
9836	7927	2072	2
9837	7941	7942	2
9838	7942	7943	2
9839	7943	8024	2
9840	8024	8023	2
9841	8023	7944	2
9842	7944	7941	2
9843	7945	7946	2
9844	7946	7947	2
9845	7947	7976	2
9846	7976	5942	2
9847	5942	7948	2
9848	7948	7975	2
9849	7975	7945	2
9850	3946	8038	2
9851	8038	7949	2
9852	7949	7950	2
9853	7950	7951	2
9854	7951	8066	2
9855	8066	7952	2
9856	3773	7953	2
9857	7969	7985	2
9858	7985	7970	2
9859	7970	7983	2
9860	7983	7971	2
9861	7971	7984	2
9862	7984	7972	2
9863	7972	7986	2
9864	7986	7973	2
9865	7973	7987	2
9866	7987	7974	2
9867	7974	7988	2
9868	7988	7975	2
9869	7975	7948	2
9870	7948	5942	2
9871	5942	7976	2
9872	7976	7991	2
9873	7991	7977	2
9874	7977	7990	2
9875	7990	7978	2
9876	7978	7989	2
9877	7989	7979	2
9878	7979	7992	2
9879	7992	7980	2
9880	7980	7993	2
9881	7993	7981	2
9882	7981	7994	2
9883	7994	7982	2
9884	7982	7995	2
9885	7995	7968	2
9886	7968	2410	2
9887	2410	7969	2
9888	8022	8023	2
9889	8023	8024	2
9890	8024	8025	2
9891	8025	8022	2
9892	8026	8027	2
9893	8027	8028	2
9894	8028	8029	2
9895	8029	8026	2
9896	8030	8031	2
9897	8031	8032	2
9898	8032	8033	2
9899	8033	8030	2
9900	7942	7953	2
9901	7953	3036	2
9902	3036	8064	2
9903	8064	3035	2
9904	3035	8068	2
9905	3965	8061	2
9906	8061	8062	2
9907	8062	8035	2
9908	8035	8064	2
9909	3946	8036	2
9910	8036	8037	2
9911	8038	8039	2
9912	8039	8041	2
9913	8041	8040	2
9914	8040	8042	2
9915	8042	8043	2
9916	8043	8044	2
9917	3841	8344	2
9918	8344	8045	2
9919	8045	8046	2
9920	8046	8342	2
9921	8342	8047	2
9922	8052	8053	2
9923	8054	8059	2
9924	8059	3954	2
9925	3954	8058	2
9926	8058	8055	2
9927	8055	8054	2
9928	3033	3034	2
9929	3034	8061	2
9930	7943	8024	2
9931	8024	8023	2
9932	8023	7944	2
9933	7944	8062	2
9934	3037	3040	2
9935	3046	3043	2
9936	3036	3037	2
9937	3037	3040	2
9938	3040	3041	2
9939	3041	3042	2
9940	3035	3046	2
9941	3046	3043	2
9942	3043	3042	2
9943	3965	8067	2
9944	8074	8075	2
9945	5948	8077	2
9946	8077	7965	2
9947	7965	8078	2
9948	8079	8081	2
9949	8081	8080	2
9950	8081	8074	2
9951	5902	8083	2
9952	8083	9223	2
9953	8085	8086	2
9954	8086	5903	2
9955	8064	8088	2
9956	3043	3044	2
9957	3044	8088	2
9958	8088	3039	2
9959	3039	3040	2
9960	8089	8092	2
9961	8092	8090	2
9962	8091	8092	2
9963	8093	5996	2
9964	5996	8097	2
9965	8097	8094	2
9966	8094	8095	2
9967	8095	8096	2
9968	6105	8098	2
9969	8098	8099	2
9970	8098	8100	2
9971	3998	8112	2
9972	8112	9331	2
9973	3993	8114	2
9974	8114	8113	2
9975	8115	8116	2
9976	8116	8117	2
9977	8117	8118	2
9978	8118	8115	2
9979	9329	8122	2
9980	8122	8120	2
9981	8120	8121	2
9982	8121	9332	2
9983	9329	8123	2
9984	8123	8129	2
9985	8129	8124	2
9986	8129	8130	2
9987	8130	8131	2
9988	8123	8132	2
9989	6537	6538	2
9990	6538	6539	2
9991	6539	6540	2
9992	6540	6537	2
9993	2857	6787	2
9994	2857	8133	2
9995	8133	8134	2
9996	8134	8137	2
9997	8137	8135	2
9998	8135	8136	2
9999	8137	8139	2
10000	8139	8138	2
10001	8139	8140	2
10002	8141	8142	2
10003	7025	8148	2
10004	8149	4142	2
10005	4142	4141	2
10006	4141	4135	2
10007	4149	8150	2
10008	8150	8151	2
10009	8151	8152	2
10010	8152	9218	2
10011	9218	9219	2
10012	9219	8153	2
10013	8153	8154	2
10014	8154	8155	2
10015	8155	8156	2
10016	8156	8157	2
10017	8157	8158	2
10018	8158	8159	2
10019	8159	8160	2
10020	8160	8161	2
10021	8161	8168	2
10022	8168	8169	2
10023	8169	8170	2
10024	8170	8171	2
10025	8171	8172	2
10026	8172	8173	2
10027	8173	8174	2
10028	8174	8175	2
10029	8175	8176	2
10030	8176	8177	2
10031	8177	8178	2
10032	8178	8179	2
10033	1034	8162	2
10034	8162	8163	2
10035	8163	8164	2
10036	7056	8218	2
10037	8218	8217	2
10038	8217	8180	2
10039	8180	8181	2
10040	8181	8182	2
10041	8182	8183	2
10042	8183	8184	2
10043	8184	8185	2
10044	8185	8186	2
10045	8186	8187	2
10046	8187	8188	2
10047	8188	7058	2
10048	7058	8189	2
10049	8189	8190	2
10050	8190	8191	2
10051	8191	8192	2
10052	8192	8193	2
10053	8193	8194	2
10054	8194	8195	2
10055	8195	8196	2
10056	8196	8197	2
10057	8197	8198	2
10058	8198	8199	2
10059	8199	8200	2
10060	8200	8201	2
10061	8201	8202	2
10062	8202	8203	2
10063	8203	8204	2
10064	8204	8205	2
10065	8205	8206	2
10066	8206	8207	2
10067	8207	8208	2
10068	8208	8209	2
10069	8209	8210	2
10070	8210	8211	2
10071	8211	8212	2
10072	8212	5986	2
10073	8213	8214	2
10074	8214	8215	2
10075	8215	8216	2
10076	8216	8213	2
10077	5839	8219	2
10078	8219	8220	2
10079	8220	8221	2
10080	8221	8222	2
10081	8222	8223	2
10082	8223	7061	2
10083	5829	8224	2
10084	8224	8225	2
10085	8225	8226	2
10086	7038	647	2
10087	647	650	2
10088	650	7042	2
10089	7042	651	2
10090	651	5834	2
10091	727	5832	2
10092	5832	652	2
10093	652	651	2
10094	650	653	2
10095	653	8227	2
10096	647	648	2
10097	648	8228	2
10098	8232	8233	2
10099	8233	8234	2
10100	8234	9122	2
10101	8244	8245	2
10102	8245	7208	2
10103	7208	8246	2
10104	8246	8247	2
10105	8247	8244	2
10106	4333	8248	2
10107	8249	8250	2
10108	8250	8251	2
10109	8251	8252	2
10110	8252	8249	2
10111	8253	8254	2
10112	8254	8255	2
10113	8255	8256	2
10114	8256	8253	2
10115	8257	8258	2
10116	8258	8259	2
10117	8259	8260	2
10118	8260	8257	2
10119	6159	8291	2
10120	8291	3674	2
10121	3674	8292	2
10122	8292	2326	2
10123	2326	2325	2
10124	2325	8293	2
10125	8293	6159	2
10126	8293	6167	2
10127	6167	8294	2
10128	8294	3139	2
10129	3139	3138	2
10130	3138	8030	2
10131	8030	8033	2
10132	8033	3137	2
10133	3137	8295	2
10134	8295	6169	2
10135	6169	6170	2
10136	6170	2339	2
10137	2339	6173	2
10138	6173	6172	2
10139	6172	8291	2
10140	8291	3674	2
10141	3674	8292	2
10142	8292	2326	2
10143	2326	2325	2
10144	2325	8293	2
10145	8296	8297	2
10146	8297	8298	2
10147	8298	8299	2
10148	8299	8296	2
10149	8300	8301	2
10150	8301	8302	2
10151	8302	8367	2
10152	8367	8303	2
10153	8303	8364	2
10154	8364	3132	2
10155	3132	3133	2
10156	3133	3134	2
10157	3134	8365	2
10158	8365	8304	2
10159	8304	8366	2
10160	8366	8305	2
10161	8305	8306	2
10162	8306	8307	2
10163	8307	8308	2
10164	8308	8309	2
10165	8309	5877	2
10166	5877	5920	2
10167	5920	2996	2
10168	2996	7310	2
10169	7310	2997	2
10170	2997	2998	2
10171	2998	2999	2
10172	2999	8310	2
10173	8310	8311	2
10174	8311	8312	2
10175	8312	8313	2
10176	8313	8314	2
10177	8314	8315	2
10178	8315	8316	2
10179	8316	3779	2
10180	3779	3010	2
10181	3010	8317	2
10182	8317	3011	2
10183	3011	3012	2
10184	3012	8318	2
10185	8318	8581	2
10186	8581	3013	2
10187	3013	8582	2
10188	8582	8319	2
10189	8319	8320	2
10190	8320	8274	2
10191	8274	8321	2
10192	8321	8322	2
10193	8322	8466	2
10194	8466	8465	2
10195	8465	8463	2
10196	8463	8464	2
10197	8464	2966	2
10198	2966	3156	2
10199	3156	8323	2
10200	8323	8467	2
10201	8467	4292	2
10202	4292	3157	2
10203	3157	8459	2
10204	8459	8324	2
10205	8324	8458	2
10206	8458	8282	2
10207	8282	8325	2
10208	8325	8457	2
10209	8457	8283	2
10210	8283	8326	2
10211	8326	8456	2
10212	8456	8284	2
10213	8284	6421	2
10214	6421	8455	2
10215	8455	8327	2
10216	8327	8454	2
10217	8454	8453	2
10218	8453	8452	2
10219	8452	8451	2
10220	8451	8450	2
10221	8450	8449	2
10222	8449	8448	2
10223	8448	8447	2
10224	8447	6422	2
10225	6422	6423	2
10226	6423	8433	2
10227	8433	3514	2
10228	3514	8432	2
10229	8432	8434	2
10230	8434	8431	2
10231	8431	8430	2
10232	8430	8429	2
10233	8429	8428	2
10234	8428	8435	2
10235	8435	8436	2
10236	8436	8437	2
10237	8437	8438	2
10238	8438	8439	2
10239	8439	8440	2
10240	8440	8427	2
10241	8427	8426	2
10242	8426	8425	2
10243	8425	1346	2
10244	1346	8424	2
10245	8424	8423	2
10246	8423	8441	2
10247	8441	8442	2
10248	8442	8443	2
10249	8443	8444	2
10250	8444	8445	2
10251	8445	8446	2
10252	8446	8422	2
10253	8422	8421	2
10254	8421	8334	2
10255	8334	1376	2
10256	1376	1330	2
10257	1330	1374	2
10258	1374	8420	2
10259	8420	8419	2
10260	8419	8418	2
10261	8418	8417	2
10262	8417	8416	2
10263	8416	8415	2
10264	8415	8332	2
10265	8332	8579	2
10266	8579	8414	2
10267	8414	8331	2
10268	8331	8578	2
10269	8578	8330	2
10270	8330	8333	2
10271	8333	8577	2
10272	8577	8412	2
10273	8412	8386	2
10274	8386	8385	2
10275	8385	8329	2
10276	8329	8328	2
10277	8328	8384	2
10278	8384	8383	2
10279	8383	8382	2
10280	8382	8381	2
10281	8381	8392	2
10282	8392	8391	2
10283	8391	8380	2
10284	8380	4277	2
10285	4277	8379	2
10286	8379	8377	2
10287	8377	8378	2
10288	8378	4276	2
10289	4276	8376	2
10290	8376	4275	2
10291	4275	8375	2
10292	8375	8374	2
10293	8374	8373	2
10294	8373	8372	2
10295	8372	8371	2
10296	8371	8370	2
10297	8370	6512	2
10298	6512	3130	2
10299	3130	8368	2
10300	8368	3131	2
10301	3131	8300	2
10302	8349	8350	2
10303	8350	8351	2
10304	8351	8352	2
10305	8352	3144	2
10306	3144	8349	2
10307	8356	8357	2
10308	8357	8358	2
10309	8358	8359	2
10310	8359	8356	2
10311	8328	8392	2
10312	8392	8393	2
10313	8393	8413	2
10314	8413	8411	2
10315	8411	8410	2
10316	8410	8409	2
10317	8409	8408	2
10318	8408	8407	2
10319	8407	8406	2
10320	8406	8405	2
10321	8405	8404	2
10322	8404	8403	2
10323	8403	8402	2
10324	8402	8401	2
10325	8401	8482	2
10326	8482	8400	2
10327	8400	8399	2
10328	8399	8398	2
10329	8398	8397	2
10330	8397	8396	2
10331	8396	8395	2
10332	8395	8394	2
10333	8394	8389	2
10334	8389	8390	2
10335	8390	8388	2
10336	8388	8480	2
10337	8480	8481	2
10338	8481	8471	2
10339	8471	8472	2
10340	8472	8473	2
10341	8473	8474	2
10342	8474	8475	2
10343	8475	8476	2
10344	8476	8477	2
10345	8477	8478	2
10346	8478	8479	2
10347	8479	8470	2
10348	8470	8483	2
10349	8483	8484	2
10350	8484	8485	2
10351	8485	8486	2
10352	8486	8487	2
10353	8487	8488	2
10354	8488	8489	2
10355	8489	8490	2
10356	8490	8491	2
10357	8491	8492	2
10358	8492	8493	2
10359	8493	8494	2
10360	8494	8495	2
10361	8495	8496	2
10362	8496	8497	2
10363	8497	8498	2
10364	8498	8499	2
10365	8499	8500	2
10366	8500	8501	2
10367	8501	8575	2
10368	8575	8502	2
10369	8502	8503	2
10370	8503	8504	2
10371	8504	8505	2
10372	8505	8506	2
10373	8506	8507	2
10374	8507	8508	2
10375	8508	8509	2
10376	8509	8510	2
10377	8510	8511	2
10378	8511	8576	2
10379	8576	8512	2
10380	8512	8513	2
10381	8513	8514	2
10382	8514	8515	2
10383	8515	8516	2
10384	8516	8517	2
10385	8517	8518	2
10386	8518	8519	2
10387	8519	8520	2
10388	8520	8521	2
10389	8521	8522	2
10390	8522	8523	2
10391	8523	8524	2
10392	8524	8525	2
10393	8525	8526	2
10394	8526	8527	2
10395	8527	8528	2
10396	8528	8529	2
10397	8529	8530	2
10398	8530	8531	2
10399	8531	8580	2
10400	8580	8532	2
10401	8532	8533	2
10402	8533	8534	2
10403	8534	8535	2
10404	8535	8536	2
10405	8536	8537	2
10406	8537	8538	2
10407	8538	8539	2
10408	8539	8540	2
10409	8540	8328	2
10410	8332	8415	2
10411	8415	8416	2
10412	8416	8417	2
10413	8417	8418	2
10414	8418	8419	2
10415	8419	8420	2
10416	8420	1374	2
10417	1374	1352	2
10418	1352	1372	2
10419	1372	1364	2
10420	1364	1331	2
10421	1331	1347	2
10422	1347	1332	2
10423	1332	1380	2
10424	1380	1329	2
10425	1329	1357	2
10426	1357	6406	2
10427	6406	1348	2
10428	1348	6404	2
10429	6404	1355	2
10430	1355	1343	2
10431	1343	8549	2
10432	8549	8550	2
10433	8550	8551	2
10434	8551	8552	2
10435	8552	8553	2
10436	8553	8554	2
10437	8554	8555	2
10438	8555	8556	2
10439	8556	8557	2
10440	8557	8558	2
10441	8558	8559	2
10442	8559	8560	2
10443	8560	8561	2
10444	8561	8562	2
10445	8562	8563	2
10446	8563	8564	2
10447	8564	8565	2
10448	8565	8566	2
10449	8566	8567	2
10450	8567	8286	2
10451	8286	8287	2
10452	8287	8387	2
10453	8387	8285	2
10454	8285	8547	2
10455	8547	8548	2
10456	8548	8568	2
10457	8568	8569	2
10458	8569	8570	2
10459	8570	8571	2
10460	8571	8572	2
10461	8572	8573	2
10462	8573	8574	2
10463	8574	8469	2
10464	8469	8470	2
10465	8470	8483	2
10466	8483	8484	2
10467	8484	8485	2
10468	8485	8486	2
10469	8486	8487	2
10470	8487	8488	2
10471	8488	8489	2
10472	8489	8490	2
10473	8490	8491	2
10474	8491	8492	2
10475	8492	8493	2
10476	8493	8494	2
10477	8494	8495	2
10478	8495	8496	2
10479	8496	8497	2
10480	8497	8498	2
10481	8498	8499	2
10482	8499	8500	2
10483	8500	8501	2
10484	8501	8575	2
10485	8575	8502	2
10486	8502	8503	2
10487	8503	8504	2
10488	8504	8505	2
10489	8505	8506	2
10490	8506	8507	2
10491	8507	8508	2
10492	8508	8509	2
10493	8509	8510	2
10494	8510	8511	2
10495	8511	8576	2
10496	8576	8512	2
10497	8512	8513	2
10498	8513	8514	2
10499	8514	8515	2
10500	8515	8516	2
10501	8516	8517	2
10502	8517	8518	2
10503	8518	8519	2
10504	8519	8520	2
10505	8520	8521	2
10506	8521	8522	2
10507	8522	8523	2
10508	8523	8524	2
10509	8524	8525	2
10510	8525	8526	2
10511	8526	8527	2
10512	8527	8528	2
10513	8528	8529	2
10514	8529	8530	2
10515	8530	8531	2
10516	8531	8580	2
10517	8580	8532	2
10518	8532	8533	2
10519	8533	8534	2
10520	8534	8535	2
10521	8535	8536	2
10522	8536	8537	2
10523	8537	8538	2
10524	8538	8539	2
10525	8539	8540	2
10526	8540	8328	2
10527	8328	8329	2
10528	8329	8385	2
10529	8385	8386	2
10530	8386	8412	2
10531	8412	8577	2
10532	8577	8333	2
10533	8333	8330	2
10534	8330	8578	2
10535	8578	8579	2
10536	8579	8332	2
10537	8584	8583	2
10538	8583	4315	2
10539	4315	2970	2
10540	2970	2969	2
10541	2969	5998	2
10542	5998	2968	2
10543	2968	2967	2
10544	2967	7228	2
10545	7228	7229	2
10546	7229	7238	2
10547	7238	7230	2
10548	7230	8584	2
10549	1469	9690	2
10550	9690	1520	2
10551	1230	8748	1
10552	8751	1040	2
10553	429	10167	2
10554	10167	403	2
10555	403	10381	2
10556	10381	10382	2
10557	10382	404	2
10558	8757	1091	2
10559	8759	9522	1
10560	9522	9521	1
10561	9521	9738	1
10562	9738	9737	1
10563	9737	8760	1
10564	8768	1163	2
10565	1163	9445	2
10566	1155	1156	1
10567	1164	8768	2
10568	3720	3719	2
10569	8771	8917	2
10570	8917	8770	2
10571	8773	8772	2
10572	1071	1181	2
10573	8787	8786	2
10574	8786	8785	2
10575	8785	8780	2
10576	8780	8784	2
10577	8784	8783	2
10578	8783	8781	2
10579	8781	8779	2
10580	8779	8782	2
10581	8779	8778	2
10582	8778	8786	2
10583	8778	8777	2
10584	8775	8776	2
10585	8776	8779	2
10586	8781	8780	2
10587	1202	8788	2
10588	8788	8775	2
10589	8775	8782	2
10590	8782	8777	2
10591	8777	8787	2
10592	8790	8789	2
10593	8789	6672	2
10594	8792	8791	2
10595	8791	9566	2
10596	9566	9565	2
10597	9565	6671	2
10598	8794	8793	2
10599	8802	8803	2
10600	8803	8804	2
10601	8804	8805	2
10602	8805	8802	2
10603	8806	8807	2
10604	8807	8808	2
10605	8808	8809	2
10606	8809	8806	2
10607	8810	8811	2
10608	8811	8812	2
10609	8812	8813	2
10610	8813	8810	2
10611	8814	8815	2
10612	8815	8816	2
10613	8816	8817	2
10614	8817	8814	2
10615	8818	8819	2
10616	8819	8820	2
10617	8820	8821	2
10618	8821	8818	2
10619	8822	8823	2
10620	8823	8824	2
10621	8824	8825	2
10622	8825	8822	2
10623	8826	8827	2
10624	8827	8828	2
10625	8828	8829	2
10626	8829	8826	2
10627	8830	8831	2
10628	8831	8832	2
10629	8832	8833	2
10630	8833	8830	2
10631	8834	8835	2
10632	8835	8836	2
10633	8836	8837	2
10634	8837	8834	2
10635	8838	8839	2
10636	8839	8840	2
10637	8840	8841	2
10638	8841	8838	2
10639	8842	8843	2
10640	8843	8844	2
10641	8844	8845	2
10642	8845	8846	2
10643	8846	8847	2
10644	8847	8848	2
10645	8848	8849	2
10646	8849	8842	2
10647	8850	8851	2
10648	8851	8852	2
10649	8852	8853	2
10650	8853	8850	2
10651	8854	8855	2
10652	8855	8856	2
10653	8856	8857	2
10654	8857	8858	2
10655	8858	8854	2
10656	8861	8862	2
10657	8862	8859	2
10658	8859	8860	2
10659	8860	8861	2
10660	8865	8866	2
10661	8866	8863	2
10662	8863	8864	2
10663	8864	8865	2
10664	8867	8868	2
10665	8868	8869	2
10666	8869	8870	2
10667	8870	8867	2
10668	8873	9140	2
10669	9140	8871	2
10670	8871	8872	2
10671	8872	8873	2
10672	8875	8876	2
10673	8876	8877	2
10674	8877	8878	2
10675	8878	8875	2
10676	8879	8880	2
10677	8880	8881	2
10678	8881	8882	2
10679	8882	8879	2
10680	8883	8884	2
10681	8884	8885	2
10682	8885	8886	2
10683	8886	8883	2
10684	8887	8888	2
10685	8888	8889	2
10686	8889	8890	2
10687	8890	8887	2
10688	8894	8891	2
10689	8891	8892	2
10690	8892	8893	2
10691	8893	8894	2
10692	8898	8897	2
10693	8897	8896	2
10694	8896	8895	2
10695	8895	8898	2
10696	8899	8900	2
10697	8900	8901	2
10698	8901	8902	2
10699	8902	8903	2
10700	8903	8904	2
10701	8904	8905	2
10702	8905	8906	2
10703	8906	8899	2
10704	8907	8908	2
10705	8908	8909	2
10706	8909	8910	2
10707	8910	8907	2
10708	9299	9293	2
10709	9293	9296	2
10710	9296	9297	2
10711	9297	9298	2
10712	9298	9299	2
10713	9294	9292	2
10714	9292	9291	2
10715	9291	9295	2
10716	9295	9294	2
10717	9282	9283	2
10718	9283	9286	2
10719	9286	9285	2
10720	9285	9281	2
10721	9281	9282	2
10722	7337	7908	1
10723	7908	7336	1
10724	1002	9177	1
10725	9177	7338	1
10726	768	757	1
10727	766	767	1
10728	767	8709	1
10729	8709	8710	1
10730	8710	8586	1
10731	8586	1046	1
10732	1046	9248	1
10733	9248	1047	1
10734	1047	1049	1
10735	1049	9247	1
10736	9247	9228	1
10737	169	9243	1
10738	9243	9273	1
10739	9273	9242	1
10740	8911	10345	2
10741	10345	8913	2
10742	8912	10343	2
10743	10343	8911	2
10744	8914	10360	2
10745	10360	8913	2
10746	1169	1178	2
10747	1176	1169	2
10748	1969	8915	2
10749	202	1073	2
10750	1077	1076	1
10751	1970	1973	2
10752	1168	1170	2
10753	1170	1171	2
10754	1043	1061	2
10755	8920	10168	2
10756	10168	8919	2
10757	8919	10169	2
10758	10169	499	2
10759	8923	8922	2
10760	8922	10412	2
10761	10412	10413	2
10762	10413	8921	2
10763	8926	10402	2
10764	10402	10401	2
10765	10401	8925	2
10766	8925	8924	2
10767	8929	8928	2
10768	8928	10365	2
10769	10365	10366	2
10770	10366	8927	2
10771	8930	8934	2
10772	8934	8931	2
10773	8931	8935	2
10774	8935	8932	2
10775	8932	8933	2
10776	8933	8936	2
10777	8936	8940	2
10778	8940	8937	2
10779	8937	8941	2
10780	8941	8938	2
10781	8938	8939	2
10782	8939	8942	2
10783	8942	8945	2
10784	8945	8943	2
10785	8943	8946	2
10786	8946	8944	2
10787	8944	8947	2
10788	8947	8948	2
10789	8948	8949	2
10790	8949	8954	2
10791	8954	8950	2
10792	8950	8951	2
10793	8951	8955	2
10794	8955	8952	2
10795	8952	8953	2
10796	8953	8956	2
10797	8956	8957	2
10798	8957	9899	2
10799	9899	9898	2
10800	9898	9897	2
10801	9897	9896	2
10802	9896	9895	2
10803	9895	9894	2
10804	9894	9077	2
10805	9077	9076	2
10806	9076	9893	2
10807	9893	9892	2
10808	9892	9891	2
10809	9891	9890	2
10810	9890	9887	2
10811	9887	9886	2
10812	9886	9885	2
10813	9885	9884	2
10814	9884	9889	2
10815	9889	9883	2
10816	9883	9882	2
10817	9882	9881	2
10818	9881	9880	2
10819	9880	9888	2
10820	9888	9879	2
10821	9879	9876	2
10822	9876	9875	2
10823	9875	9874	2
10824	9874	9878	2
10825	9878	9873	2
10826	9873	9872	2
10827	9872	9871	2
10828	9871	9877	2
10829	9877	9870	2
10830	9870	9869	2
10831	9869	8930	2
10832	8964	8963	2
10833	8963	8960	2
10834	8960	8962	2
10835	8962	8959	2
10836	8959	8961	2
10837	8961	8958	2
10838	8965	10342	2
10839	10342	8966	2
10840	8975	8972	2
10841	8972	8974	2
10842	8974	8964	2
10843	8964	8971	2
10844	8971	8968	2
10845	8968	8970	2
10846	9911	9909	2
10847	9909	9908	2
10848	9908	8986	2
10849	8986	8985	2
10850	8985	8984	2
10851	8984	8983	2
10852	8983	8982	2
10853	8982	8981	2
10854	8981	8980	2
10855	8980	8993	2
10856	9923	9924	2
10857	9924	8987	2
10858	8987	8988	2
10859	8988	8989	2
10860	8989	8990	2
10861	8990	8991	2
10862	8991	9905	2
10863	9905	9907	2
10864	9014	8990	2
10865	8990	8985	2
10866	8985	8992	2
10867	9917	9914	2
10868	9914	9913	2
10869	9913	9916	2
10870	9916	9912	2
10871	9912	9910	2
10872	9910	9911	2
10873	8997	8996	2
10874	8996	9922	2
10875	9922	9921	2
10876	9921	9920	2
10877	9920	9022	2
10878	9008	9006	2
10879	9006	9007	2
10880	9007	9005	2
10881	9005	9919	2
10882	9919	9918	2
10883	9918	9022	2
10884	9021	9019	2
10885	9019	9020	2
10886	9020	9900	2
10887	9900	9018	2
10888	9018	9017	2
10889	9017	9016	2
10890	9016	9015	2
10891	9015	9014	2
10892	9014	9013	2
10893	9013	9012	2
10894	9012	9011	2
10895	9011	9010	2
10896	9010	9009	2
10897	9025	9028	2
10898	9028	9024	2
10899	9024	9027	2
10900	9027	9051	2
10901	9051	9065	2
10902	9065	9023	2
10903	9035	9037	2
10904	9037	9034	2
10905	9034	9036	2
10906	9036	9030	2
10907	9030	9033	2
10908	9033	9031	2
10909	9031	9032	2
10910	9032	9075	2
10911	9007	9044	2
10912	9044	9043	2
10913	9043	9042	2
10914	9042	9041	2
10915	9041	9040	2
10916	9040	9039	2
10917	9039	9029	2
10918	9029	9026	2
10919	9026	9025	2
10920	9006	9057	2
10921	9057	9056	2
10922	9056	9055	2
10923	9055	9054	2
10924	9054	9053	2
10925	9053	9052	2
10926	9052	9051	2
10927	9051	9050	2
10928	9050	9049	2
10929	9049	9048	2
10930	9048	9047	2
10931	9047	9046	2
10932	9046	9045	2
10933	9045	9058	2
10934	9058	9038	2
10935	9038	9035	2
10936	9073	9072	2
10937	9072	9071	2
10938	9071	9070	2
10939	9070	9069	2
10940	9069	9068	2
10941	9068	9067	2
10942	9067	9066	2
10943	9066	9065	2
10944	9065	9064	2
10945	9064	9063	2
10946	9063	9062	2
10947	9062	9061	2
10948	9061	9060	2
10949	9060	9059	2
10950	9059	9074	2
10951	9074	9030	2
10952	7998	9079	2
10953	9079	9080	2
10954	9080	9227	2
10955	9227	7998	2
10956	9081	9082	2
10957	9082	9083	2
10958	9083	9084	2
10959	9084	9085	2
10960	8039	3836	2
10961	9092	9093	2
10962	9093	9094	2
10963	9094	9095	2
10964	9095	9096	2
10965	9096	9097	2
10966	9097	9098	2
10967	9098	9099	2
10968	9099	9100	2
10969	9100	9101	2
10970	9101	9102	2
10971	9102	9103	2
10972	9103	9104	2
10973	9104	9105	2
10974	9105	9106	2
10975	9106	9107	2
10976	9107	9108	2
10977	9108	9109	2
10978	9109	9110	2
10979	9110	9111	2
10980	9111	9112	2
10981	9112	9113	2
10982	9113	9114	2
10983	9114	9115	2
10984	9115	9116	2
10985	9116	9117	2
10986	9117	9118	2
10987	9118	9119	2
10988	9119	9120	2
10989	9120	9121	2
10990	9123	9124	2
10991	9124	9125	2
10992	9125	9126	2
10993	9126	9123	2
10994	9125	9127	2
10995	9127	8236	2
10996	9152	9150	2
10997	9150	9149	2
10998	9149	9151	2
10999	9151	9170	2
11000	9170	9165	2
11001	9165	9169	2
11002	9169	9163	2
11003	9163	9168	2
11004	9168	9164	2
11005	9164	9167	2
11006	9167	9166	2
11007	9166	9148	2
11008	9148	9146	2
11009	9146	9147	2
11010	9147	9145	2
11011	9145	9142	2
11012	9142	9144	2
11013	9144	9141	2
11014	9141	9143	2
11015	9143	9152	2
11016	9138	9133	2
11017	9133	9136	2
11018	9136	9139	2
11019	9139	9134	2
11020	9134	9135	2
11021	9135	9137	2
11022	9137	9138	2
11023	9132	432	2
11024	432	437	2
11025	437	434	2
11026	434	424	2
11027	424	421	2
11028	421	9132	2
11029	9386	9156	1
11030	9156	9157	1
11031	9157	9155	1
11032	9155	5809	1
11033	9174	9173	2
11034	9173	9172	2
11035	9172	9171	2
11036	9171	9174	2
11037	6572	2667	2
11038	2667	6576	2
11039	6745	6746	2
11040	6746	6747	2
11041	5202	5188	2
11042	5188	5189	2
11043	5189	5190	2
11044	5190	5191	2
11045	5191	5192	2
11046	5192	5193	2
11047	5193	5194	2
11048	5194	5195	2
11049	5195	5196	2
11050	5196	5197	2
11051	5197	5198	2
11052	5198	5199	2
11053	5199	5200	2
11054	5200	5201	2
11055	5201	5202	2
11056	1520	3651	1
11057	3651	274	1
11058	274	10010	1
11059	10010	10015	1
11060	10015	9925	1
11061	9925	284	1
11062	284	287	1
11063	287	3427	1
11064	3427	285	1
11065	285	11189	1
11066	11189	1427	1
11067	1427	11188	1
11068	11188	281	1
11069	9212	11195	2
11070	11195	11197	2
11071	11197	9211	2
11072	9211	9210	2
11073	9210	11196	2
11074	11196	11194	2
11075	11194	9209	2
11076	9209	9212	2
11077	9220	7053	2
11078	9221	7051	2
11079	6735	9222	2
11080	1941	3715	1
11081	3715	9244	1
11082	9244	169	1
11083	9242	9241	1
11084	9241	9245	1
11085	9245	9240	1
11086	9240	9239	1
11087	9239	11158	1
11088	11158	9238	1
11089	9238	120	1
11090	120	9246	1
11091	9246	9569	1
11092	9569	9572	1
11093	9572	9249	1
11094	9249	8737	1
11095	8737	8711	1
11096	8711	8587	1
11097	8587	768	1
11098	9246	9247	2
11099	9248	9249	2
11100	9259	9258	2
11101	9258	3262	2
11102	3262	9259	2
11103	3262	9258	2
11104	9258	9260	2
11105	9260	9266	2
11106	9266	9265	2
11107	9265	9264	2
11108	9264	1383	2
11109	1383	3264	2
11110	3264	3263	2
11111	3263	3262	2
11112	9267	9260	2
11113	9260	9266	2
11114	9266	9265	2
11115	9265	9264	2
11116	9264	1383	2
11117	1383	1381	2
11118	1381	9263	2
11119	9263	9262	2
11120	9262	9261	2
11121	9261	9267	2
11122	9269	4234	2
11123	9270	9269	2
11124	9271	9268	2
11125	9268	9270	2
11126	9275	169	2
11127	9280	9279	2
11128	3709	9284	2
11129	9288	9287	2
11130	2948	9289	2
11131	9289	9290	2
11132	9301	9300	2
11133	5896	5893	2
11134	5892	5899	2
11135	5899	5896	2
11136	4320	4321	2
11137	4321	5944	2
11138	5944	4326	2
11139	4318	9304	2
11140	9304	4320	2
11141	1992	1993	1
11142	1993	1995	1
11143	9307	9308	2
11144	9308	7079	2
11145	7079	2295	2
11146	3766	9309	2
11147	9309	9307	2
11148	5818	3763	2
11149	3763	9312	2
11150	9312	3766	2
11151	9317	9314	2
11152	9314	9313	2
11153	9313	9318	2
11154	9318	9316	2
11155	9320	9319	2
11156	9319	9318	2
11157	9318	9317	2
11158	9317	9315	2
11159	9322	9321	2
11160	9328	9327	2
11161	9327	9326	2
11162	9326	9325	2
11163	9325	9324	2
11164	9324	9323	2
11165	9323	10255	2
11166	10255	8654	2
11167	2371	9333	2
11168	9333	10276	2
11169	10276	10275	2
11170	9338	9337	2
11171	9342	1299	1
11172	9343	9341	1
11173	9341	9340	1
11174	9340	7828	1
11175	7828	9342	1
11176	1299	1298	1
11177	1298	1914	1
11178	1914	1913	1
11179	1913	9343	1
11180	11000	1302	2
11181	1302	9343	2
11182	9355	9354	2
11183	9354	9353	2
11184	9353	9344	2
11185	9344	9352	2
11186	9352	9351	2
11187	9351	9350	2
11188	9350	9349	2
11189	9349	9348	2
11190	9348	9347	2
11191	9347	9346	2
11192	9346	9345	2
11193	1206	1202	1
11194	1202	1201	1
11195	1201	1187	1
11196	9359	9358	2
11197	5851	2701	2
11198	2698	2699	2
11199	2699	2749	2
11200	2749	2747	2
11201	2747	2745	2
11202	2745	2743	2
11203	2743	2741	2
11204	2741	2739	2
11205	2739	2700	2
11206	2700	5850	2
11207	5850	5851	2
11208	2731	2735	2
11209	2735	2732	2
11210	2732	2733	2
11211	2728	2733	2
11212	9362	4465	2
11213	514	9367	2
11214	9367	9366	2
11215	9366	9365	2
11216	9373	9372	2
11217	9372	9371	2
11218	9371	9370	2
11219	9370	9369	2
11220	252	9377	2
11221	9377	9376	2
11222	9376	9375	2
11223	9375	9374	2
11224	513	512	2
11225	2288	487	2
11226	5809	9384	1
11227	9384	9385	1
11228	9385	9383	1
11229	9383	5811	1
11230	5811	9128	1
11231	9394	9388	2
11232	9388	9389	2
11233	9389	10350	2
11234	10350	9391	2
11235	9391	9390	2
11236	9394	10353	2
11237	10353	9393	2
11238	9393	9392	2
11239	9396	9394	2
11240	9394	9395	2
11241	1302	11419	2
11242	11419	9405	2
11243	9405	9400	2
11244	9400	11023	2
11245	11023	9399	2
11246	9399	11022	2
11247	11022	9404	2
11248	9404	9403	2
11249	9403	11020	2
11250	11020	9398	2
11251	9398	9402	2
11252	9402	11021	2
11253	11021	9397	2
11254	9397	9401	2
11255	999	987	2
11256	991	816	2
11257	816	817	2
11258	817	818	2
11259	818	819	2
11260	819	4471	2
11261	4471	4768	2
11262	4768	8795	2
11263	8795	4462	2
11264	4462	2718	2
11265	9413	9412	2
11266	9412	9411	2
11267	9411	9410	2
11268	9410	9409	2
11269	9415	9414	2
11270	9421	9420	2
11271	9420	9419	2
11272	9419	9418	2
11273	9418	9417	2
11274	9417	9416	2
11275	9416	5295	2
11276	9423	9422	2
11277	9425	9424	2
11278	9430	9426	2
11279	9428	9427	2
11280	9433	9425	2
11281	9425	9432	2
11282	9432	9431	2
11283	9431	9430	2
11284	9430	9427	2
11285	9427	9429	2
11286	5292	9434	2
11287	5291	9433	2
11288	9433	9435	2
11289	9437	9436	2
11290	9439	9438	2
11291	9441	9409	2
11292	9409	9440	2
11293	991	989	1
11294	989	9407	1
11295	9407	999	1
11296	999	992	1
11297	992	815	1
11298	9443	1085	2
11299	9444	1083	2
11300	9457	9456	2
11301	9456	9455	2
11302	9455	9454	2
11303	9454	9453	2
11304	3646	9452	2
11305	5649	10047	2
11306	10047	5651	2
11307	5651	5640	2
11308	5647	416	2
11309	416	5639	2
11310	5639	5649	2
11311	382	10240	2
11312	10240	5647	2
11313	9459	9458	1
11314	6574	6577	2
11315	6577	6575	2
11316	6575	6576	2
11317	5256	5252	2
11318	9463	9462	2
11319	9462	5256	2
11320	9464	9473	2
11321	9473	9472	2
11322	9472	9471	2
11323	9471	9470	2
11324	9474	9464	2
11325	9470	9469	2
11326	9469	9468	2
11327	9468	9467	2
11328	9467	9466	2
11329	9466	9465	2
11330	9465	9464	2
11331	9486	9475	2
11332	9482	9481	2
11333	9481	9480	2
11334	9480	9479	2
11335	9479	9478	2
11336	9478	9477	2
11337	9477	9476	2
11338	9476	1386	2
11339	209	9482	2
11340	9490	9489	2
11341	9489	9488	2
11342	9488	9487	2
11343	9487	9486	2
11344	9486	9485	2
11345	9485	9484	2
11346	9484	9483	2
11347	9483	9482	2
11348	9494	9493	2
11349	9493	9492	2
11350	9492	9491	2
11351	1261	3595	2
11352	3595	3596	2
11353	3596	3597	2
11354	9498	9497	2
11355	9497	9496	2
11356	9503	9499	2
11357	9500	9091	2
11358	9504	9086	2
11359	9506	9501	2
11360	9501	9502	2
11361	9502	9508	2
11362	9506	9505	2
11363	9505	9504	2
11364	9504	9509	2
11365	9509	9503	2
11366	9508	9507	2
11367	9507	9500	2
11368	9500	9510	2
11369	9510	9509	2
11370	450	441	1
11371	9525	9523	1
11372	9523	9735	1
11373	9735	9736	1
11374	9736	9524	1
11375	9524	9526	1
11376	1086	10147	1
11377	10147	9527	1
11378	9527	9528	1
11379	9528	9529	1
11380	9529	9530	1
11381	9530	9531	1
11382	9531	9533	1
11383	9533	10148	1
11384	10148	9534	1
11385	9534	9532	1
11386	9535	9536	2
11387	9545	10165	2
11388	10165	9535	2
11389	9535	9544	2
11390	9544	9543	2
11391	9543	9542	2
11392	9542	9541	2
11393	9541	9540	2
11394	9540	9539	2
11395	9539	9538	2
11396	9538	9537	2
11397	9537	9536	2
11398	377	10394	1
11399	10394	10393	1
11400	10393	10392	1
11401	10392	359	1
11402	359	363	1
11403	343	363	2
11404	8787	9551	2
11405	9551	9550	2
11406	9550	9549	2
11407	9549	9548	2
11408	9548	9547	2
11409	9547	9546	2
11410	9546	8782	2
11411	1295	1297	2
11412	1297	555	2
11413	9205	9552	1
11414	9554	9553	2
11415	9553	8799	2
11416	8799	8800	2
11417	8800	10172	2
11418	10172	10173	2
11419	10173	8801	2
11420	6402	9559	2
11421	3658	5067	1
11422	5067	5068	1
11423	5068	5069	1
11424	5069	5070	1
11425	5070	5071	1
11426	5071	5072	1
11427	5072	5073	1
11428	5073	5074	1
11429	5074	5075	1
11430	5075	5076	1
11431	5076	5077	1
11432	5077	5078	1
11433	9564	9563	2
11434	9569	1049	2
11435	9570	1063	2
11436	9571	1166	2
11437	2905	2883	2
11438	2883	10335	2
11439	10335	2884	2
11440	2884	2885	2
11441	2885	2886	2
11442	2886	2887	2
11443	2887	2888	2
11444	2888	2889	2
11445	2889	4416	2
11446	4416	2890	2
11447	2890	2891	2
11448	6652	6653	1
11449	6656	6655	1
11450	6658	6659	1
11451	6670	6669	1
11452	6663	6664	1
11453	9572	1047	2
11454	9574	9573	1
11455	5248	5249	1
11456	9576	9575	2
11457	9575	8915	2
11458	9579	9580	2
11459	9581	9582	2
11460	9582	9583	2
11461	9583	9584	2
11462	9589	9588	2
11463	9588	9587	2
11464	9587	9586	2
11465	9586	9589	2
11466	9593	9592	2
11467	9592	9591	2
11468	9591	9599	2
11469	9599	9590	2
11470	9590	9593	2
11471	9597	9596	2
11472	9596	9595	2
11473	9595	9594	2
11474	9594	9597	2
11475	9601	9600	2
11476	9600	9599	2
11477	9599	9591	2
11478	9591	9598	2
11479	9598	9601	2
11480	9605	9604	2
11481	9604	9603	2
11482	9603	9602	2
11483	9602	9605	2
11484	9609	9608	2
11485	9608	9607	2
11486	9607	9606	2
11487	9606	9609	2
11488	9613	9610	2
11489	9610	9611	2
11490	9611	9612	2
11491	9612	9613	2
11492	9617	9616	2
11493	9616	9615	2
11494	9615	9614	2
11495	9614	9617	2
11496	9621	9618	2
11497	9618	9619	2
11498	9619	9620	2
11499	9620	9621	2
11500	9625	9622	2
11501	9622	9623	2
11502	9623	9624	2
11503	9624	9625	2
11504	9629	9626	2
11505	9626	9627	2
11506	9627	9628	2
11507	9628	9629	2
11508	9633	9630	2
11509	9630	9631	2
11510	9631	9632	2
11511	9632	9633	2
11512	9637	9634	2
11513	9634	9635	2
11514	9635	9636	2
11515	9636	9637	2
11516	9641	9640	2
11517	9640	9639	2
11518	9639	9638	2
11519	9638	9641	2
11520	9645	9644	2
11521	9644	9643	2
11522	9643	9642	2
11523	9642	9645	2
11524	9649	9646	2
11525	9646	9647	2
11526	9647	9648	2
11527	9648	9649	2
11528	9653	9650	2
11529	9650	9651	2
11530	9651	9652	2
11531	9652	9653	2
11532	9657	9654	2
11533	9654	9655	2
11534	9655	9656	2
11535	9656	9657	2
11536	9661	9658	2
11537	9658	9659	2
11538	9659	9660	2
11539	9660	9661	2
11540	9665	9662	2
11541	9662	9663	2
11542	9663	9664	2
11543	9664	9665	2
11544	9669	9668	2
11545	9668	9667	2
11546	9667	9666	2
11547	9666	9669	2
11548	9673	9672	2
11549	9672	9671	2
11550	9671	9670	2
11551	9670	9673	2
11552	9677	9674	2
11553	9674	9675	2
11554	9675	9676	2
11555	9676	9677	2
11556	9681	9680	2
11557	9680	9679	2
11558	9679	9678	2
11559	9678	9681	2
11560	9685	9684	2
11561	9684	9683	2
11562	9683	9682	2
11563	9682	9685	2
11564	9689	9688	2
11565	9688	9687	2
11566	9687	9686	2
11567	9686	9689	2
11568	1494	277	1
11569	277	1469	1
11570	1511	10013	2
11571	10013	1520	2
11572	9694	9693	2
11573	9693	9692	2
11574	9692	11169	2
11575	11169	11170	2
11576	11170	9691	2
11577	9691	9690	2
11578	9690	9719	2
11579	9710	11191	2
11580	11191	11192	2
11581	11192	9717	2
11582	9717	9713	2
11583	9713	11193	2
11584	11193	11190	2
11585	11190	9709	2
11586	3426	9712	2
11587	9712	9718	2
11588	9718	9711	2
11589	9715	9714	1
11590	9714	9713	1
11591	9713	9712	1
11592	9712	9719	1
11593	9719	9718	1
11594	9718	9717	1
11595	9717	9716	1
11596	9716	9715	1
11597	9715	11168	2
11598	11168	9708	2
11599	9708	11167	2
11600	11167	9707	2
11601	9707	9706	2
11602	9706	11166	2
11603	11166	9705	2
11604	9705	11165	2
11605	11165	9704	2
11606	9704	11164	2
11607	11164	9703	2
11608	9703	9702	2
11609	9702	11163	2
11610	11163	9701	2
11611	9701	9700	2
11612	9700	9699	2
11613	9699	9740	2
11614	9740	9698	2
11615	9698	9697	2
11616	9697	9696	2
11617	9696	11162	2
11618	11162	9695	2
11619	3670	10316	1
11620	10316	11201	1
11621	3672	3670	1
11622	3547	3338	2
11623	3338	3548	2
11624	3548	3549	2
11625	3549	23	2
11626	9192	9722	2
11627	9722	9723	2
11628	9723	9724	2
11629	9724	9725	2
11630	9725	9726	2
11631	9726	9727	2
11632	9727	9728	2
11633	9728	9195	2
11634	9195	9194	2
11635	9194	9193	2
11636	9193	9192	2
11637	3400	3671	1
11638	3671	11013	1
11639	11013	2133	1
11640	2133	1306	1
11641	9447	111	1
11642	111	5720	1
11643	5720	10979	1
11644	10979	956	1
11645	187	1941	2
11646	9233	1123	2
11647	9233	9236	2
11648	9750	9749	2
11649	9749	9748	2
11650	9748	9747	2
11651	9747	9750	2
11652	9754	9753	2
11653	9753	9752	2
11654	9752	9751	2
11655	9751	9754	2
11656	9758	9757	2
11657	9757	9756	2
11658	9756	9755	2
11659	9755	9758	2
11660	9762	9761	2
11661	9761	9760	2
11662	9760	9759	2
11663	9759	9762	2
11664	9766	9765	2
11665	9765	9764	2
11666	9764	9763	2
11667	9763	9766	2
11668	9771	9767	2
11669	9767	9776	2
11670	9776	9777	2
11671	9777	9771	2
11672	9773	9769	2
11673	9769	9768	2
11674	9768	9772	2
11675	9772	9773	2
11676	9778	9775	2
11677	9775	9770	2
11678	9770	9774	2
11679	9774	9778	2
11680	9800	9799	2
11681	9799	9798	2
11682	9798	9797	2
11683	9797	9800	2
11684	9804	9803	2
11685	9803	9802	2
11686	9802	9801	2
11687	9801	9804	2
11688	9808	9807	2
11689	9807	9806	2
11690	9806	9805	2
11691	9805	9808	2
11692	9812	9811	2
11693	9811	9810	2
11694	9810	9809	2
11695	9809	9812	2
11696	9816	9815	2
11697	9815	9814	2
11698	9814	9813	2
11699	9813	9816	2
11700	9820	9819	2
11701	9819	9818	2
11702	9818	9817	2
11703	9817	9820	2
11704	9824	9823	2
11705	9823	9822	2
11706	9822	9821	2
11707	9821	9824	2
11708	9828	9827	2
11709	9827	9826	2
11710	9826	9825	2
11711	9825	9828	2
11712	9847	9829	2
11713	9829	9866	2
11714	9866	9867	2
11715	9867	9847	2
11716	9849	9831	2
11717	9831	9830	2
11718	9830	9848	2
11719	9848	9849	2
11720	9851	9833	2
11721	9833	9832	2
11722	9832	9850	2
11723	9850	9851	2
11724	9853	9835	2
11725	9835	9834	2
11726	9834	9852	2
11727	9852	9853	2
11728	9855	9837	2
11729	9837	9836	2
11730	9836	9854	2
11731	9854	9855	2
11732	9857	9839	2
11733	9839	9838	2
11734	9838	9856	2
11735	9856	9857	2
11736	9859	9841	2
11737	9841	9840	2
11738	9840	9858	2
11739	9858	9859	2
11740	9861	9843	2
11741	9843	9842	2
11742	9842	9860	2
11743	9860	9861	2
11744	9863	9845	2
11745	9845	9844	2
11746	9844	9862	2
11747	9862	9863	2
11748	9868	9865	2
11749	9865	9846	2
11750	9846	9864	2
11751	9864	9868	2
11752	9907	9904	2
11753	9904	9903	2
11754	9903	9906	2
11755	9906	9902	2
11756	9902	9901	2
11757	9901	9021	2
11758	8995	8992	2
11759	8992	8994	2
11760	8994	9915	2
11761	9915	9917	2
11762	9005	9004	2
11763	9004	9001	2
11764	9001	9003	2
11765	9928	9927	2
11766	9927	9926	2
11767	9931	9930	2
11768	9930	9929	2
11769	9934	9933	2
11770	9933	9932	2
11771	9937	9936	2
11772	9936	9935	2
11773	9940	9939	2
11774	9939	9938	2
11775	9943	9942	2
11776	9942	9941	2
11777	9946	9945	2
11778	9945	9944	2
11779	9949	9948	2
11780	9948	9947	2
11781	9951	9950	2
11782	9953	9957	2
11783	9957	9952	2
11784	9956	9955	2
11785	9955	9954	2
11786	9961	9960	2
11787	9960	9959	2
11788	9959	9958	2
11789	9958	9955	2
11790	9955	9957	2
11791	9963	9958	2
11792	9958	9962	2
11793	9965	9959	2
11794	9959	9964	2
11795	9967	9960	2
11796	9960	9966	2
11797	9969	9961	2
11798	9961	9968	2
11799	9970	9963	2
11800	9963	9965	2
11801	9965	9967	2
11802	9967	9969	2
11803	9969	9951	2
11804	9951	9948	2
11805	9948	9945	2
11806	9945	9942	2
11807	9942	9939	2
11808	9939	9936	2
11809	9936	9933	2
11810	9933	9930	2
11811	9930	9927	2
11812	9974	9973	2
11813	9973	9972	2
11814	9972	9971	2
11815	9971	9970	2
11816	9970	3659	2
11817	9980	9979	2
11818	9979	9978	2
11819	9978	9977	2
11820	9977	1255	2
11821	9986	9985	2
11822	9985	9984	2
11823	9984	9983	2
11824	9983	9982	2
11825	9982	9981	2
11826	9989	9988	2
11827	9988	9987	2
11828	9990	11161	2
11829	11161	11160	2
11830	11160	1249	2
11831	9992	9991	2
11832	9991	3092	2
11833	9997	9996	2
11834	9996	9995	2
11835	9995	9994	2
11836	9994	9993	2
11837	9999	9998	2
11838	9998	10000	2
11839	10002	10031	2
11840	10031	10001	2
11841	10001	10000	2
11842	10004	10003	2
11843	10009	10008	2
11844	10008	10005	2
11845	10005	10007	2
11846	10007	10006	2
11847	10013	10012	2
11848	10012	10011	2
11849	10011	10033	2
11850	10039	10038	2
11851	10038	10037	2
11852	10037	10040	2
11853	10040	10041	2
11854	10041	10017	2
11855	10017	10033	2
11856	10033	10016	2
11857	10016	10014	2
11858	10014	10015	2
11859	10028	10027	1
11860	10027	10026	1
11861	10026	10025	1
11862	10025	10024	1
11863	10024	10029	1
11864	10029	10023	1
11865	10023	10022	1
11866	10022	10021	1
11867	10021	10020	1
11868	10020	10019	1
11869	10019	10018	1
11870	10018	10028	1
11871	10029	10028	2
11872	10028	9975	2
11873	9975	1254	2
11874	10036	10035	2
11875	10035	10032	2
11876	10032	10034	2
11877	10034	10033	2
11878	10047	10046	2
11879	10046	10045	2
11880	10045	10044	2
11881	10044	10043	2
11882	10043	10042	2
11883	10056	10053	2
11884	10053	10052	2
11885	10052	11024	2
11886	11024	10055	2
11887	10055	11031	2
11888	11031	10054	2
11889	10064	10063	2
11890	10063	10062	2
11891	10062	10061	2
11892	10061	10060	2
11893	10060	10059	2
11894	10059	10058	2
11895	10058	10065	2
11896	10079	10164	2
11897	10164	10078	2
11898	10078	10077	2
11899	10077	10076	2
11900	10076	10075	2
11901	10075	10074	2
11902	10074	10073	2
11903	10073	10072	2
11904	10072	10071	2
11905	10071	10070	2
11906	10070	10069	2
11907	10069	10068	2
11908	10068	10067	2
11909	10067	10064	2
11910	10064	10066	2
11911	10066	10065	2
11912	10088	10080	2
11913	10080	10087	2
11914	10087	10086	2
11915	10086	10085	2
11916	10085	10084	2
11917	10084	10083	2
11918	10083	10081	2
11919	10081	10082	2
11920	10091	10090	2
11921	10090	10089	2
11922	10100	10099	2
11923	10099	10092	2
11924	10092	10098	2
11925	10098	10097	2
11926	10097	10096	2
11927	10096	10095	2
11928	10095	10094	2
11929	10094	10093	2
11930	10106	10105	2
11931	10105	10104	2
11932	10104	10103	2
11933	10103	10102	2
11934	10102	10101	2
11935	10111	10113	2
11936	10126	10116	2
11937	10116	10115	2
11938	10115	10114	2
11939	10114	10112	2
11940	10112	10113	2
11941	10113	4366	2
11942	4365	10111	2
11943	10111	10126	2
11944	10126	10125	2
11945	10125	10124	2
11946	10124	10123	2
11947	10123	10122	2
11948	10122	10121	2
11949	10121	10120	2
11950	10120	10119	2
11951	10119	10118	2
11952	10118	10117	2
11953	9435	10128	2
11954	10128	10127	2
11955	10127	10129	2
11956	10129	9425	2
11957	9431	10049	2
11958	10049	10130	2
11959	10136	10135	2
11960	10135	10134	2
11961	10134	10133	2
11962	10133	10132	2
11963	10132	10131	2
11964	10143	10142	2
11965	10142	10136	2
11966	10136	10141	2
11967	10141	10140	2
11968	10140	10139	2
11969	10139	10138	2
11970	10138	10131	2
11971	10131	10137	2
11972	10153	10152	2
11973	10152	10149	2
11974	10149	10151	2
11975	10151	10154	2
11976	8783	10163	2
11977	10163	10153	2
11978	10153	10150	2
11979	10150	10162	2
11980	10162	10161	2
11981	10161	10160	2
11982	10160	10159	2
11983	10159	10158	2
11984	10158	10157	2
11985	10157	10156	2
11986	10156	10155	2
11987	10155	10154	2
11988	10177	10176	2
11989	10176	10175	2
11990	10175	10174	2
11991	10174	9554	2
11992	10183	10217	2
11993	10217	10182	2
11994	10182	10181	2
11995	10181	10180	2
11996	10180	10179	2
11997	10192	10187	2
11998	10187	10186	2
11999	10186	10185	2
12000	10185	10239	2
12001	10239	10184	2
12002	10193	10192	2
12003	10192	10191	2
12004	10191	10190	2
12005	10190	10189	2
12006	10189	10188	2
12007	10188	10194	2
12008	10233	10184	2
12009	10184	10193	2
12010	10193	10197	2
12011	10197	10196	2
12012	10196	10195	2
12013	10195	10194	2
12014	10226	10203	2
12015	10203	10198	2
12016	10198	10202	2
12017	10202	10201	2
12018	10201	10200	2
12019	10200	10199	2
12020	10215	10204	2
12021	10216	10215	2
12022	10215	10214	2
12023	10214	10213	2
12024	10213	10212	2
12025	10212	10211	2
12026	10211	10210	2
12027	10210	10209	2
12028	10209	10208	2
12029	10208	10204	2
12030	10204	10207	2
12031	10207	10206	2
12032	10206	10205	2
12033	10205	10231	2
12034	10231	10230	2
12035	10230	10229	2
12036	10229	10216	2
12037	10216	10228	2
12038	10228	10227	2
12039	10227	10226	2
12040	10226	10225	2
12041	10225	10232	2
12042	10232	10224	2
12043	10224	10223	2
12044	10223	10222	2
12045	10222	10221	2
12046	10221	10220	2
12047	10220	10219	2
12048	10219	10218	2
12049	10218	10217	2
12050	10234	10233	2
12051	10233	10238	2
12052	10238	10232	2
12053	10237	10236	2
12054	10236	10235	2
12055	10239	10238	2
12056	9327	10248	2
12057	10248	10247	2
12058	10247	10246	2
12059	10246	10245	2
12060	10245	10244	2
12061	10244	10243	2
12062	10255	10254	2
12063	10254	10253	2
12064	10253	10252	2
12065	10252	10251	2
12066	10251	10250	2
12067	10250	10249	2
12068	10249	10302	2
12069	10302	10301	2
12070	10301	10300	2
12071	10300	10299	2
12072	10299	10298	2
12073	10298	10297	2
12074	10297	10296	2
12075	10296	10295	2
12076	10295	10294	2
12077	10294	10293	2
12078	10293	10292	2
12079	10292	10291	2
12080	10291	10290	2
12081	10290	9328	2
12082	10260	10259	2
12083	10259	10258	2
12084	10258	10257	2
12085	10257	10256	2
12086	10272	10264	2
12087	10264	10263	2
12088	10263	10262	2
12089	10262	10261	2
12090	10261	10266	2
12091	8120	10273	2
12092	10273	10272	2
12093	10272	10271	2
12094	10271	10270	2
12095	10270	10269	2
12096	10269	10268	2
12097	10268	10267	2
12098	10267	10266	2
12099	10266	10265	2
12100	2383	10274	2
12101	10274	9333	2
12102	10289	10288	2
12103	10288	10287	2
12104	10287	10286	2
12105	10286	10285	2
12106	10285	10284	2
12107	10284	10283	2
12108	10312	10311	2
12109	10311	10310	2
12110	10310	10309	2
12111	10309	10308	2
12112	10308	10307	2
12113	10307	10306	2
12114	10306	10305	2
12115	10305	8649	2
12116	10318	10317	2
12117	10317	10321	2
12118	10320	10319	2
12119	10325	10324	2
12120	10324	10323	2
12121	10323	10322	2
12122	10322	10321	2
12123	921	10319	2
12124	10319	10325	2
12125	10335	10334	2
12126	10334	10333	2
12127	10333	10332	2
12128	10332	10331	2
12129	10331	10330	2
12130	10330	10329	2
12131	10329	10328	2
12132	10328	10327	2
12133	10327	10326	2
12134	10326	4478	2
12135	10341	10340	2
12136	10340	10339	2
12137	10339	10338	2
12138	10338	10337	2
12139	10337	10336	2
12140	10345	10344	2
12141	10344	10343	2
12142	10349	10348	2
12143	10348	10347	2
12144	10347	9391	2
12145	10351	10350	2
12146	10353	10352	2
12147	10359	10358	2
12148	10358	10357	2
12149	10357	10356	2
12150	10356	10355	2
12151	10355	10354	2
12152	10344	10360	2
12153	10363	10362	2
12154	10362	10361	2
12155	3597	3596	2
12156	3596	3595	2
12157	3595	1261	2
12158	1261	1279	2
12159	1279	1278	2
12160	1278	3597	2
12161	1246	2071	2
12162	2071	2089	2
12163	10431	10432	2
12164	10432	10433	2
12165	10433	10434	2
12166	10434	10431	2
12167	10972	462	1
12168	462	8799	1
12169	8799	468	1
12170	468	473	1
12171	473	478	1
12172	478	480	1
12173	480	483	1
12174	483	492	1
12175	492	500	1
12176	500	507	1
12177	507	510	1
12178	510	513	1
12179	10442	10438	2
12180	10438	10437	2
12181	10437	10441	2
12182	10441	10440	2
12183	10440	10435	2
12184	10435	10436	2
12185	10436	10439	2
12186	10439	10442	2
12187	10445	10446	2
12188	10446	10447	2
12189	10447	10448	2
12190	10450	10451	1
12191	10451	10453	1
12192	10453	11347	1
12193	11347	10452	1
12194	10452	1003	1
12195	8633	11346	1
12196	11346	11345	1
12197	11345	10454	1
12198	10454	10456	1
12199	10456	10455	1
12200	10455	10450	1
12201	10457	10458	2
12202	10458	10459	2
12203	10459	10460	2
12204	10460	10461	2
12205	10461	10462	2
12206	10462	10463	2
12207	10463	10464	2
12208	10464	10465	2
12209	10465	10466	2
12210	10466	10467	2
12211	10467	10457	2
12212	10494	6916	2
12213	10485	10486	2
12214	10486	6915	2
12215	6915	10487	2
12216	10487	10490	2
12217	10490	10488	2
12218	10488	10484	2
12219	10484	10485	2
12220	10489	10490	2
12221	10490	10491	2
12222	10491	10492	2
12223	10484	10493	2
12224	10494	10493	2
12225	11297	10498	2
12226	10498	10499	2
12227	10499	10500	2
12228	10500	10501	2
12229	10501	10502	2
12230	10502	10503	2
12231	10503	10504	2
12232	10504	11293	2
12233	11293	11294	2
12234	11294	11295	2
12235	11295	11296	2
12236	11296	10505	2
12237	10505	10506	2
12238	10506	10507	2
12239	10507	10508	2
12240	10508	10509	2
12241	10509	10510	2
12242	10510	10511	2
12243	10511	11297	2
12244	10521	10522	2
12245	10522	10523	2
12246	10523	10524	2
12247	10524	10525	2
12248	10525	10526	2
12249	10526	10527	2
12250	10527	10521	2
12251	10547	10548	2
12252	10549	10550	2
12253	10550	10551	2
12254	10552	2592	2
12255	2592	4046	2
12256	10553	2591	2
12257	2591	10552	2
12258	10590	6919	2
12259	6919	6922	2
12260	6922	2538	2
12261	2606	10590	2
12262	2606	10592	2
12263	10592	10593	2
12264	10638	10639	2
12265	10639	10640	2
12266	10640	10641	2
12267	10641	10642	2
12268	10642	10643	2
12269	10643	10644	2
12270	10644	10645	2
12271	10645	10646	2
12272	10646	10648	2
12273	10648	10647	2
12274	10647	10638	2
12275	10647	10649	2
12276	10649	10650	2
12277	10650	10648	2
12278	10648	10647	2
12279	10651	10652	2
12280	10652	10653	2
12281	10653	10654	2
12282	10654	10655	2
12283	10655	10656	2
12284	10656	10657	2
12285	10657	10658	2
12286	10658	10659	2
12287	10659	10660	2
12288	10660	10661	2
12289	10661	10662	2
12290	10662	10663	2
12291	10663	10664	2
12292	10664	6933	2
12293	6933	6932	2
12294	6932	10651	2
12295	10665	10666	2
12296	10666	10667	2
12297	10667	10668	2
12298	10668	10669	2
12299	10669	10670	2
12300	10670	10671	2
12301	10671	10672	2
12302	10672	10673	2
12303	10673	10674	2
12304	10674	10665	2
12305	875	10681	2
12306	10681	10677	2
12307	10677	873	2
12308	873	874	2
12309	874	10683	2
12310	10683	875	2
12311	10678	10679	2
12312	10679	10680	2
12313	10680	10681	2
12314	10681	10682	2
12315	10682	10683	2
12316	10683	10684	2
12317	6792	10686	2
12318	10686	10687	2
12319	10687	10688	2
12320	10688	10689	2
12321	10690	2607	2
12322	10691	3456	2
12323	3456	10690	2
12324	10694	10695	2
12325	10695	10696	2
12326	10696	10697	2
12327	10697	10698	2
12328	10698	10699	2
12329	10699	10700	2
12330	10700	10701	2
12331	10701	10702	2
12332	10702	10703	2
12333	10703	10704	2
12334	10704	10705	2
12335	10705	10706	2
12336	10706	10707	2
12337	10707	10694	2
12338	10714	10720	2
12339	10720	10721	2
12340	10721	10708	2
12341	10708	10714	2
12342	10716	10715	2
12343	10715	10709	2
12344	10709	10710	2
12345	10710	10716	2
12346	10718	10717	2
12347	10717	10711	2
12348	10711	10712	2
12349	10712	10718	2
12350	10723	10719	2
12351	10719	10713	2
12352	10713	10722	2
12353	10722	10723	2
12354	10727	10725	2
12355	10725	10724	2
12356	10724	10726	2
12357	10731	10729	2
12358	10729	10728	2
12359	10728	10730	2
12360	10735	10733	2
12361	10733	10732	2
12362	10732	10734	2
12363	10739	10737	2
12364	10737	10736	2
12365	10736	10738	2
12366	10743	10741	2
12367	10741	10740	2
12368	10740	10742	2
12369	10747	10745	2
12370	10745	10744	2
12371	10744	10746	2
12372	10751	10749	2
12373	10749	10748	2
12374	10748	10750	2
12375	10755	10753	2
12376	10753	10752	2
12377	10752	10754	2
12378	10759	10757	2
12379	10757	10756	2
12380	10756	10758	2
12381	10762	10760	2
12382	10760	10761	2
12383	10761	10767	2
12384	10765	1998	2
12385	1998	10763	2
12386	10763	10768	2
12387	10766	7075	2
12388	7075	10764	2
12389	10764	10769	2
12390	10780	10790	2
12391	10790	10791	2
12392	10791	10770	2
12393	10770	10780	2
12394	10782	10781	2
12395	10781	10771	2
12396	10771	10772	2
12397	10772	10782	2
12398	10784	10783	2
12399	10783	10773	2
12400	10773	10774	2
12401	10774	10784	2
12402	10786	10785	2
12403	10785	10775	2
12404	10775	10776	2
12405	10776	10786	2
12406	10788	10787	2
12407	10787	10777	2
12408	10777	10778	2
12409	10778	10788	2
12410	10793	10789	2
12411	10789	10779	2
12412	10779	10792	2
12413	10792	10793	2
12414	282	10795	1
12415	823	8764	1
12416	8764	8746	1
12417	8746	8741	1
12418	8741	8740	1
12419	8740	9215	1
12420	9215	8766	1
12421	8766	5551	1
12422	5551	761	1
12423	761	1125	1
12424	9228	9229	1
12425	9229	9442	1
12426	9442	9231	1
12427	9231	9232	1
12428	9232	9233	1
12429	9233	9234	1
12430	9234	9235	1
12431	9235	9236	1
12432	9236	9237	1
12433	9237	9274	1
12434	9274	9275	1
12435	1037	1038	1
12436	1038	1040	1
12437	1040	8719	1
12438	8719	766	1
12439	1122	5552	1
12440	5552	5553	1
12441	5553	1112	1
12442	1112	9216	1
12443	9216	1114	1
12444	1114	1115	1
12445	1115	1116	1
12446	1116	1089	1
12447	1089	594	1
12448	594	600	1
12449	600	1020	1
12450	1020	1022	1
12451	10832	10833	2
12452	10833	9204	2
12453	9204	10834	2
12454	10834	10835	2
12455	10835	10836	2
12456	10836	10837	2
12457	10837	10832	2
12458	10797	10798	2
12459	10798	10799	2
12460	10799	10800	2
12461	10800	10797	2
12462	10801	10802	2
12463	10802	10803	2
12464	10803	10804	2
12465	10804	10805	2
12466	10805	10806	2
12467	10806	10801	2
12468	10807	10808	2
12469	10808	10809	2
12470	10809	10810	2
12471	10810	10807	2
12472	10811	10812	2
12473	10812	10813	2
12474	10813	10814	2
12475	10814	10811	2
12476	10815	10816	2
12477	10816	10817	2
12478	10817	10818	2
12479	10818	10815	2
12480	10819	10820	2
12481	10820	10821	2
12482	10821	10822	2
12483	10822	10819	2
12484	10823	10824	2
12485	10824	10825	2
12486	10825	10856	2
12487	10856	10823	2
12488	10857	10858	2
12489	10858	10859	2
12490	10859	10860	2
12491	10860	10857	2
12492	10861	10862	2
12493	10862	10863	2
12494	10863	10864	2
12495	10864	10861	2
12496	10865	10866	2
12497	10866	10867	2
12498	10867	10868	2
12499	10868	10865	2
12500	10869	10870	2
12501	10870	10871	2
12502	10871	10869	2
12503	10829	10830	2
12504	10830	250	2
12505	250	10831	2
12506	10831	10829	2
12507	10826	10827	2
12508	10827	10828	2
12509	10828	10826	2
12510	5180	10874	2
12511	10874	10873	2
12512	10884	10883	2
12513	10883	10875	2
12514	10875	10882	2
12515	10882	10881	2
12516	10881	10880	2
12517	10880	10879	2
12518	10879	10876	2
12519	10876	10878	2
12520	10878	10877	2
12521	10893	10892	2
12522	10892	10891	2
12523	10891	10890	2
12524	10890	10889	2
12525	10889	10888	2
12526	10888	10887	2
12527	10887	10886	2
12528	10886	10885	2
12529	10885	10893	2
12530	10902	10901	2
12531	10901	10900	2
12532	10900	10899	2
12533	10899	10898	2
12534	10898	10897	2
12535	10897	10896	2
12536	10896	10895	2
12537	10895	10894	2
12538	10894	10902	2
12539	10911	10910	2
12540	10910	10909	2
12541	10909	10908	2
12542	10908	10907	2
12543	10907	10906	2
12544	10906	10905	2
12545	10905	10904	2
12546	10904	10903	2
12547	10903	10911	2
12548	6953	6952	2
12549	6952	6951	2
12550	6951	6948	2
12551	6948	6947	2
12552	6947	6946	2
12553	6946	10918	2
12554	10918	10917	2
12555	10917	10916	2
12556	10916	10915	2
12557	10915	10914	2
12558	10914	10913	2
12559	10913	10912	2
12560	10912	6953	2
12561	6950	6951	2
12562	6951	10920	2
12563	10920	10919	2
12564	10919	6948	2
12565	6948	6949	2
12566	6949	6950	2
12567	10924	10923	2
12568	10923	10922	2
12569	10922	10921	2
12570	10921	10924	2
12571	10928	10923	2
12572	10923	10922	2
12573	10922	10927	2
12574	10927	10926	2
12575	10926	10925	2
12576	10925	10928	2
12577	10932	10931	2
12578	10931	10930	2
12579	10930	10921	2
12580	10921	10924	2
12581	10924	10929	2
12582	10929	10932	2
12583	10936	10935	2
12584	10935	10934	2
12585	10934	10933	2
12586	10933	10936	2
12587	10940	10939	2
12588	10939	10936	2
12589	10936	10933	2
12590	10933	10938	2
12591	10938	10937	2
12592	10937	10940	2
12593	10950	10949	2
12594	10949	1095	2
12595	1095	1090	2
12596	1090	10948	2
12597	10948	10947	2
12598	10947	10946	2
12599	10946	10945	2
12600	10945	10944	2
12601	10944	10943	2
12602	10943	10942	2
12603	10942	10941	2
12604	10941	1044	2
12605	5640	5641	2
12606	5641	5642	2
12607	5642	5650	2
12608	9003	9000	2
12609	9000	8999	2
12610	8999	9002	2
12611	9002	8998	2
12612	8998	8997	2
12613	10971	9552	1
12614	9552	484	1
12615	484	2288	1
12616	10983	459	1
12617	459	449	1
12618	449	444	1
12619	444	442	1
12620	442	443	1
12621	443	445	1
12622	445	446	1
12623	446	448	1
12624	9203	9204	1
12625	9204	9205	1
12626	9205	10974	1
12627	448	10960	1
12628	10960	10973	1
12629	10973	10959	1
12630	10959	10961	1
12631	10961	451	1
12632	451	10963	1
12633	10963	10972	1
12634	10972	10964	1
12635	10964	10962	1
12636	10962	10965	1
12637	10965	456	1
12638	456	10966	1
12639	10966	10971	1
12640	10971	10967	1
12641	10967	10968	1
12642	10968	10974	1
12643	10974	10970	1
12644	10970	454	1
12645	454	10969	1
12646	10969	448	1
12647	454	453	1
12648	453	452	1
12649	452	206	1
12650	206	447	1
12651	447	457	1
12652	457	224	1
12653	224	2942	1
12654	2942	10984	1
12655	10955	10956	2
12656	10956	10957	2
12657	10957	10958	2
12658	10958	10955	2
12659	10981	10982	2
12660	9275	9250	1
12661	1005	10992	1
12662	10993	8136	1
12663	8136	8697	1
12664	777	2860	1
12665	2860	2861	1
12666	2861	2862	1
12667	2862	791	1
12668	791	774	1
12669	774	2863	1
12670	2863	793	1
12671	793	8695	1
12672	8695	776	1
12673	776	2864	1
12674	2864	2865	1
12675	2865	8696	1
12676	8697	6716	1
12677	6716	2867	1
12678	2867	8698	1
12679	8698	771	1
12680	771	772	1
12681	772	2868	1
12682	2868	2869	1
12683	2869	770	1
12684	770	778	1
12685	778	773	1
12686	773	777	1
12687	10995	384	1
12688	5563	10995	1
12689	5556	10996	1
12690	10996	5557	1
12691	390	5557	1
12692	385	5562	1
12693	5562	5563	1
12694	9197	5566	1
12695	5566	5567	1
12696	5567	5568	1
12697	5568	5569	1
12698	5569	5570	1
12699	384	9197	1
12700	5557	387	1
12701	387	9198	1
12702	9198	5558	1
12703	5558	5565	1
12704	5565	5559	1
12705	5559	5560	1
12706	5560	5561	1
12707	5561	385	1
12708	5570	5555	1
12709	5555	5556	1
12710	5556	390	1
12711	10795	590	1
12712	590	11001	1
12713	11001	10999	1
12714	10999	11002	1
12715	11002	11003	1
12716	11003	11006	1
12717	11006	11000	1
12718	11000	11004	1
12719	11004	11007	1
12720	11007	11005	1
12721	11005	10795	1
12722	11007	8724	1
12723	8724	591	1
12724	591	10980	1
12725	8979	8977	2
12726	8977	8978	2
12727	8978	8958	2
12728	8958	8976	2
12729	8976	8973	2
12730	8973	8975	2
12731	8970	8967	2
12732	8967	8969	2
12733	8969	8966	2
12734	1949	1950	1
12735	1950	177	1
12736	1078	8765	2
12737	8754	11008	2
12738	1044	1043	2
12739	3096	3097	2
12740	3097	3098	2
12741	3098	3099	2
12742	3099	3094	2
12743	3094	3095	2
12744	11010	11012	1
12745	11012	11011	1
12746	430	11014	2
12747	429	11015	2
12748	455	450	1
12749	10057	10056	2
12750	10053	11029	2
12751	11029	11028	2
12752	11028	11027	2
12753	11027	11026	2
12754	11026	11025	2
12755	11031	11030	2
12756	11034	11070	2
12757	11070	11069	2
12758	11069	11068	2
12759	11068	11067	2
12760	11067	11066	2
12761	11066	11065	2
12762	11065	11064	2
12763	11064	11063	2
12764	11063	11062	2
12765	11062	11061	2
12766	11061	11060	2
12767	11060	11059	2
12768	11059	11058	2
12769	11058	11057	2
12770	11057	11056	2
12771	11056	11055	2
12772	11055	11054	2
12773	11054	11053	2
12774	11053	11071	2
12775	11071	11052	2
12776	11052	11051	2
12777	11051	11050	2
12778	11050	11049	2
12779	11049	11048	2
12780	11048	11047	2
12781	11047	6953	2
12782	6953	10912	2
12783	10912	11046	2
12784	11046	10913	2
12785	10913	11045	2
12786	11045	11044	2
12787	11044	11043	2
12788	11043	10915	2
12789	10915	11042	2
12790	11042	10916	2
12791	10916	11041	2
12792	11041	10917	2
12793	10917	11040	2
12794	11040	10918	2
12795	10918	11039	2
12796	11039	6946	2
12797	6946	11038	2
12798	11038	11037	2
12799	11037	11036	2
12800	11036	11035	2
12801	11035	11034	2
12802	11072	11114	2
12803	11114	11113	2
12804	11113	11112	2
12805	11112	11111	2
12806	11111	11110	2
12807	11110	11109	2
12808	11109	11108	2
12809	11108	11107	2
12810	11107	11106	2
12811	11106	11105	2
12812	11105	11104	2
12813	11104	11103	2
12814	11103	11102	2
12815	11102	11101	2
12816	11101	11100	2
12817	11100	11099	2
12818	11099	11098	2
12819	11098	11097	2
12820	11097	11096	2
12821	11096	11095	2
12822	11095	11094	2
12823	11094	11115	2
12824	11115	11093	2
12825	11093	11092	2
12826	11092	11091	2
12827	11091	11090	2
12828	11090	11089	2
12829	11089	11088	2
12830	11088	11087	2
12831	11087	11086	2
12832	11086	11085	2
12833	11085	11084	2
12834	11084	11083	2
12835	11083	11082	2
12836	11082	11081	2
12837	11081	11080	2
12838	11080	11079	2
12839	11079	11078	2
12840	11078	11077	2
12841	11077	11076	2
12842	11076	11075	2
12843	11075	11074	2
12844	11074	11073	2
12845	11073	11072	2
12846	11119	11118	2
12847	11118	11117	2
12848	11117	11116	2
12849	11116	10934	2
12850	10934	10935	2
12851	10935	11119	2
12852	431	464	1
12853	10115	11122	2
12854	11140	11139	2
12855	11139	11138	2
12856	11138	11137	2
12857	11137	11136	2
12858	11136	102	2
12859	102	11135	2
12860	11135	11134	2
12861	11134	11133	2
12862	11133	11132	2
12863	11132	11141	2
12864	11141	11131	2
12865	11131	11130	2
12866	11130	11129	2
12867	11129	11128	2
12868	11128	11127	2
12869	11127	11126	2
12870	11126	11125	2
12871	11125	11124	2
12872	11124	11123	2
12873	11123	11140	2
12874	7199	5871	2
12875	5871	1373	2
12876	11142	1373	2
12877	7199	11142	2
12878	5874	5875	2
12879	5875	5876	2
12880	5876	5865	2
12881	5865	5866	2
12882	3199	5869	2
12883	5869	5868	2
12884	5868	5867	2
12885	5867	5866	2
12886	7199	3201	2
12887	3201	5870	2
12888	5870	3199	2
12889	5874	11143	2
12890	11143	11144	2
12891	11144	1328	2
12892	1328	1366	2
12893	1366	1377	2
12894	1377	1375	2
12895	1375	1322	2
12896	1322	1353	2
12897	1353	1371	2
12898	1371	1351	2
12899	1351	1350	2
12900	1350	3199	2
12901	11145	362	2
12902	11157	11156	2
12903	11156	11155	2
12904	11155	11154	2
12905	11154	11153	2
12906	11153	11152	2
12907	11152	11151	2
12908	11151	11150	2
12909	11150	11149	2
12910	11149	11148	2
12911	11148	11147	2
12912	11147	11146	2
12913	11146	11157	2
12914	4363	10146	2
12915	10146	10145	2
12916	10145	10144	2
12917	10144	4364	2
12918	4364	4372	2
12919	11160	11159	2
12920	3546	9721	1
12921	9721	3547	1
12922	11171	11172	2
12923	11172	11173	2
12924	11173	11174	2
12925	11174	11175	2
12926	11175	11176	2
12927	11176	11177	2
12928	11177	11178	2
12929	11178	11179	2
12930	11179	11180	2
12931	11180	11181	2
12932	11181	11182	2
12933	11182	11183	2
12934	11183	11184	2
12935	11184	11185	2
12936	11185	11186	2
12937	11186	11187	2
12938	11187	11171	2
12939	9228	120	2
12940	9245	9234	2
12941	11243	11244	2
12942	11348	11349	2
12943	11349	11350	2
12944	11350	11351	2
12945	11351	11352	2
12946	11352	11353	2
12947	11353	11354	2
12948	11354	11355	2
12949	11355	11348	2
12950	11356	11357	2
12951	11357	11358	2
12952	11358	11359	2
12953	11359	11360	2
12954	11360	11361	2
12955	11361	11362	2
12956	11362	11363	2
12957	11363	11364	2
12958	11364	11365	2
12959	11365	11366	2
12960	11366	11367	2
12961	11367	11368	2
12962	11368	11369	2
12963	11369	11370	2
12964	11370	11371	2
12965	11371	11372	2
12966	11372	11373	2
12967	11373	11374	2
12968	11374	11375	2
12969	11375	11356	2
12970	11397	11410	2
12971	11410	11409	2
12972	11409	11396	2
12973	11396	11395	2
12974	11395	11381	2
12975	11381	11394	2
12976	11394	11393	2
12977	11393	11392	2
12978	11392	11391	2
12979	11391	11390	2
12980	11390	11389	2
12981	11389	11388	2
12982	11388	11387	2
12983	11387	11386	2
12984	11386	11385	2
12985	11385	11384	2
12986	11384	11383	2
12987	11383	11382	2
12988	11382	11395	2
12989	5294	11414	2
12990	11414	11413	2
12991	11415	11416	2
12992	11416	11417	2
12993	11417	11418	2
12994	11418	11419	2
12995	11419	11415	2
12996	3620	1296	2
12997	1296	11420	2
12998	11420	11421	2
12999	11421	11422	2
13000	11422	11423	2
13001	11423	11424	2
13002	11424	11425	2
13003	11425	11426	2
13004	11426	11427	2
13005	11427	11428	2
13006	11428	11429	2
13007	11429	11430	2
13008	11430	8622	2
13009	8622	8621	2
13010	8621	8620	2
13011	8620	8619	2
13012	8619	8618	2
13013	8618	8617	2
13014	8617	8616	2
13015	8616	8623	2
13016	8623	11431	2
13017	11431	11432	2
13018	11432	11433	2
13019	11433	11434	2
13020	11434	11435	2
13021	11435	11436	2
13022	11436	1309	2
13023	1309	1311	2
13024	1311	1308	2
13025	1308	11437	2
13026	11437	1310	2
13027	1310	11438	2
13028	11438	11439	2
13029	11439	11440	2
13030	11440	11441	2
13031	11441	11442	2
13032	11442	11443	2
13033	11443	11444	2
13034	11444	11445	2
13035	11445	11446	2
13036	11446	11447	2
13037	11447	11448	2
13038	11448	11449	2
13039	11449	11450	2
13040	11450	11451	2
13041	11451	11452	2
13042	11452	11453	2
13043	11453	11454	2
13044	11454	11455	2
13045	11455	2138	2
13046	2138	2136	2
13047	2136	3630	2
13048	3630	3628	2
13049	3628	3620	2
0
